Participant_ID,Trial_ID,Group,Condition,Side,GoNoGo_Response,Difference_APAOnsetGo,Difference_MaxAPAGo,Difference_LiftOffGo,Difference_TouchdownLiftoff,Difference_TouchdownGo,bad_trials,Go_Consecutive_Go_NoGo,SteppingForce_MaxAPA,NoAPA
1,1,1,1,1,1,NaN,NaN,NaN,NaN,NaN,1,0,NaN,1
1,2,1,1,1,0,NaN,NaN,NaN,NaN,NaN,0,0,NaN,0
1,3,1,1,1,1,NaN,NaN,NaN,NaN,NaN,1,0,NaN,1
1,4,1,1,2,1,172,411,648,296,944,0,1,0.700300801,0
1,5,1,1,1,0,NaN,NaN,NaN,NaN,NaN,0,0,NaN,0
1,6,1,1,2,1,241,423,666,280,946,0,0,0.670514966,0
1,7,1,1,2,1,228,499,694,312,1006,0,1,0.713634971,0
1,8,1,1,1,1,238,450,694,344,1038,0,2,0.701927919,0
1,9,1,1,1,1,234,486,714,352,1066,0,3,0.674041431,0
1,10,1,1,1,1,323,601,796,320,1116,0,4,0.764531423,0
1,11,1,1,1,1,170,431,694,408,1102,0,5,0.802616584,0
1,12,1,1,2,1,173,358,592,368,960,0,6,0.534116957,0
1,13,1,1,1,1,219,439,680,320,1000,0,7,0.726937521,0
1,14,1,1,2,0,NaN,NaN,NaN,NaN,NaN,0,0,NaN,0
1,15,1,1,2,1,116,373,609,229,838,0,0,0.628574987,0
1,16,1,1,2,1,193,455,664,368,1032,0,1,0.689074868,0
1,17,1,1,1,1,192,444,610,360,970,0,2,0.714987325,0
1,18,1,1,2,1,161,387,610,368,978,0,3,0.524715618,0
1,19,1,1,1,1,186,468,648,408,1056,0,4,0.740788645,0
1,20,1,1,2,0,NaN,NaN,NaN,NaN,NaN,0,0,NaN,0
1,21,1,1,1,1,189,467,666,360,1026,0,0,0.78041429,0
1,22,1,1,1,1,137,327,516,544,1060,0,1,0.639748076,0
1,23,1,1,1,1,231,472,694,392,1086,0,2,0.689005625,0
1,24,1,1,2,1,195,421,650,376,1026,0,3,0.55377348,0
1,25,1,1,1,1,213,430,602,520,1122,0,4,0.699137557,0
1,26,1,1,1,0,NaN,NaN,NaN,NaN,NaN,0,0,NaN,0
1,27,1,1,2,1,242,462,644,528,1172,0,0,0.565119634,0
1,28,1,1,1,1,171,441,640,536,1176,0,1,0.677429812,0
1,29,1,1,1,1,248,498,674,496,1170,0,2,0.727575917,0
1,30,1,1,1,0,NaN,NaN,NaN,NaN,NaN,0,0,NaN,0
1,31,1,1,1,0,NaN,NaN,NaN,NaN,NaN,0,0,NaN,0
1,32,1,1,1,0,NaN,NaN,NaN,NaN,NaN,0,0,NaN,0
1,33,1,1,2,1,306,541,716,440,1156,0,-2,0.654519492,0
1,34,1,1,2,1,211,472,636,400,1036,0,1,0.683349806,0
1,35,1,1,2,1,190,445,602,408,1010,0,2,0.685392269,0
1,36,1,1,2,0,NaN,NaN,NaN,NaN,NaN,0,0,NaN,0
1,37,1,1,2,1,218,474,674,400,1074,0,0,0.653221144,0
1,38,1,1,2,1,239,474,638,408,1046,0,1,0.661601084,0
1,39,1,1,1,0,NaN,NaN,NaN,NaN,NaN,0,0,NaN,0
1,40,1,1,2,1,264,528,692,376,1068,0,0,0.627322349,0
1,41,1,1,2,0,NaN,NaN,NaN,NaN,NaN,0,0,NaN,0
1,42,1,1,2,1,224,433,600,392,992,0,0,0.655871622,0
1,43,1,1,2,1,230,416,572,392,964,0,1,0.654875647,0
1,44,1,1,1,1,181,461,594,442,1036,0,2,0.736819945,0
1,45,1,1,2,0,NaN,NaN,NaN,NaN,NaN,0,0,NaN,0
1,46,1,1,2,0,NaN,NaN,NaN,NaN,NaN,0,0,NaN,0
1,47,1,1,2,1,211,443,642,448,1090,0,-1,0.662963519,0
1,48,1,1,2,1,224,469,630,362,992,0,1,0.71871573,0
1,49,1,1,1,1,174,459,618,432,1050,0,2,0.784863675,0
1,50,1,1,2,1,215,488,632,480,1112,0,3,0.643321928,0
1,51,1,1,1,1,139,421,698,336,1034,0,4,0.765047994,0
1,52,1,1,2,1,174,446,658,392,1050,0,5,0.626270634,0
1,53,1,1,2,1,186,446,676,424,1100,0,6,0.68396613,0
1,54,1,1,1,1,177,440,702,360,1062,0,7,0.678484323,0
1,55,1,1,2,0,NaN,NaN,NaN,NaN,NaN,0,0,NaN,0
1,56,1,1,2,1,214,495,746,424,1170,0,0,0.693280735,0
1,57,1,1,1,0,NaN,NaN,NaN,NaN,NaN,0,0,NaN,0
1,58,1,1,1,1,226,530,778,416,1194,0,0,0.803463417,0
1,59,1,1,1,1,166,471,672,400,1072,0,1,0.800008558,0
1,60,1,1,1,1,233,456,634,384,1018,0,2,0.742334027,0
1,61,1,1,1,1,162,435,600,336,936,0,3,0.681270277,0
1,62,1,1,2,1,171,391,544,392,936,0,4,0.613295281,0
1,63,1,1,1,0,NaN,NaN,NaN,NaN,NaN,0,0,NaN,0
1,64,1,1,1,0,NaN,NaN,NaN,NaN,NaN,0,0,NaN,0
1,65,1,1,2,1,215,385,606,512,1118,0,-1,0.553412764,0
1,66,1,1,1,1,210,535,784,362,1146,0,1,0.791277344,0
1,67,1,1,2,1,222,387,536,480,1016,0,2,0.618178013,0
1,68,1,1,1,1,198,412,582,440,1022,0,3,0.673815579,0
1,69,1,1,1,1,238,540,698,488,1186,0,4,0.710054792,0
1,70,1,1,1,0,NaN,NaN,NaN,NaN,NaN,0,0,NaN,0
1,71,1,1,1,0,NaN,NaN,NaN,NaN,NaN,0,0,NaN,0
1,72,1,1,2,1,177,431,676,360,1036,0,-1,0.657461614,0
1,73,1,1,2,1,199,451,718,320,1038,0,1,0.649781661,0
1,74,1,1,2,1,166,389,638,312,950,0,2,0.635643188,0
1,75,1,1,1,1,174,382,632,352,984,0,3,0.441223271,0
1,76,1,1,1,1,249,520,792,336,1128,0,4,0.728129048,0
1,77,1,1,2,1,192,408,676,384,1060,0,5,0.658430382,0
1,78,1,1,1,1,194,476,700,376,1076,0,6,0.719217319,0
1,79,1,1,1,1,186,493,726,456,1182,0,7,0.732547064,0
1,80,1,1,1,1,200,423,654,472,1126,0,8,0.575529372,0
1,81,1,1,2,0,NaN,NaN,NaN,NaN,NaN,0,0,NaN,0
1,82,1,1,2,0,NaN,NaN,NaN,NaN,NaN,0,0,NaN,0
1,83,1,1,1,0,NaN,NaN,NaN,NaN,NaN,0,0,NaN,0
1,84,1,1,2,0,NaN,NaN,NaN,NaN,NaN,0,0,NaN,0
1,85,1,1,2,1,258,502,806,464,1270,0,-3,0.610694213,0
1,86,1,1,1,1,177,454,756,368,1124,0,1,0.776414302,0
1,87,1,1,2,1,209,457,692,400,1092,0,2,0.673749305,0
1,88,1,1,1,1,241,519,748,352,1100,0,3,0.759501571,0
1,89,1,1,2,1,173,422,700,416,1116,0,4,0.721924411,0
1,90,1,1,1,1,163,467,722,416,1138,0,5,0.733744273,0
1,91,1,1,1,1,213,372,676,312,988,0,6,0.690996311,0
1,92,1,1,1,0,NaN,NaN,NaN,NaN,NaN,0,0,NaN,0
1,93,1,1,2,1,225,448,698,424,1122,0,0,0.618624765,0
1,94,1,1,1,1,237,541,790,416,1206,0,1,0.770136671,0
1,95,1,1,2,1,229,442,720,376,1096,0,2,0.636718597,0
1,96,1,1,2,1,206,368,604,392,996,0,3,0.443213433,0
1,97,1,1,2,0,NaN,NaN,NaN,NaN,NaN,0,0,NaN,0
1,98,1,1,2,1,274,510,734,352,1086,0,0,0.599433651,0
1,99,1,1,1,1,190,461,714,470,1184,0,1,0.776178987,0
1,100,1,1,2,1,220,439,694,416,1110,0,2,0.626135279,0
1,101,1,1,1,1,118,358,616,456,1072,0,3,0.61188122,0
1,102,1,1,1,1,NaN,NaN,NaN,NaN,NaN,1,4,NaN,1
1,103,1,1,2,1,190,353,502,478,980,0,5,0.188191091,0
1,104,1,1,2,1,166,439,720,424,1144,0,6,0.675333208,0
1,105,1,1,2,1,192,458,702,440,1142,0,7,0.670436034,0
1,106,1,1,2,1,225,379,598,424,1022,0,8,0.515943455,0
1,107,1,1,2,1,197,448,638,384,1022,0,9,0.627472003,0
1,108,1,1,2,0,NaN,NaN,NaN,NaN,NaN,0,0,NaN,0
1,109,1,1,1,0,NaN,NaN,NaN,NaN,NaN,0,0,NaN,0
1,110,1,1,1,1,196,476,878,380,1258,0,-1,0.760670359,0
1,111,1,1,2,1,171,458,640,400,1040,0,1,0.686484046,0
1,112,1,1,1,1,137,420,708,384,1092,0,2,0.783486836,0
1,113,1,1,2,1,226,421,652,416,1068,0,3,0.665455105,0
1,114,1,1,2,1,283,543,746,408,1154,0,4,0.692894228,0
1,115,1,1,1,1,200,420,654,416,1070,0,5,0.641563794,0
1,116,1,1,2,0,NaN,NaN,NaN,NaN,NaN,0,0,NaN,0
1,117,1,1,1,1,369,611,898,408,1306,0,0,0.87297136,0
1,118,1,1,1,1,206,480,726,432,1158,0,1,0.714776302,0
1,119,1,1,2,0,NaN,NaN,NaN,NaN,NaN,0,0,NaN,0
1,120,1,1,1,0,NaN,NaN,NaN,NaN,NaN,0,0,NaN,0
1,121,1,2,1,1,251,528,770,296,1066,0,-1,0.798897552,0
1,122,1,2,1,1,208,481,746,344,1090,0,1,0.748524145,0
1,123,1,2,2,0,NaN,NaN,NaN,NaN,NaN,0,0,NaN,0
1,124,1,2,2,0,NaN,NaN,NaN,NaN,NaN,0,0,NaN,0
1,125,1,2,1,0,NaN,NaN,NaN,NaN,NaN,0,0,NaN,0
1,126,1,2,2,0,NaN,NaN,NaN,NaN,NaN,0,0,NaN,0
1,127,1,2,1,0,NaN,NaN,NaN,NaN,NaN,0,0,NaN,0
1,128,1,2,1,0,NaN,NaN,NaN,NaN,NaN,0,0,NaN,0
1,129,1,2,1,0,NaN,NaN,NaN,NaN,NaN,0,0,NaN,0
1,130,1,2,1,0,NaN,NaN,NaN,NaN,NaN,0,0,NaN,0
1,131,1,2,2,0,NaN,NaN,NaN,NaN,NaN,0,0,NaN,0
1,132,1,2,1,0,NaN,NaN,NaN,NaN,NaN,0,0,NaN,0
1,133,1,2,2,0,NaN,NaN,NaN,NaN,NaN,0,0,NaN,0
1,134,1,2,1,0,NaN,NaN,NaN,NaN,NaN,0,0,NaN,0
1,135,1,2,1,0,NaN,NaN,NaN,NaN,NaN,0,0,NaN,0
1,136,1,2,2,0,NaN,NaN,NaN,NaN,NaN,0,0,NaN,0
1,137,1,2,1,0,NaN,NaN,NaN,NaN,NaN,0,0,NaN,0
1,138,1,2,1,0,NaN,NaN,NaN,NaN,NaN,0,0,NaN,0
1,139,1,2,2,0,NaN,NaN,NaN,NaN,NaN,0,0,NaN,0
1,140,1,2,2,0,NaN,NaN,NaN,NaN,NaN,0,0,NaN,0
1,141,1,2,2,0,NaN,NaN,NaN,NaN,NaN,0,0,NaN,0
1,142,1,2,2,1,431,676,930,320,1250,0,-18,0.69252919,0
1,143,1,2,1,0,NaN,NaN,NaN,NaN,NaN,0,0,NaN,0
1,144,1,2,2,0,NaN,NaN,NaN,NaN,NaN,0,0,NaN,0
1,145,1,2,2,1,463,700,940,328,1268,0,-1,0.678536092,0
1,146,1,2,2,0,NaN,NaN,NaN,NaN,NaN,0,0,NaN,0
1,147,1,2,1,1,252,547,918,312,1230,0,0,0.76823494,0
1,148,1,2,1,0,NaN,NaN,NaN,NaN,NaN,0,0,NaN,0
1,149,1,2,1,1,192,503,802,312,1114,0,0,0.77558648,0
1,150,1,2,2,0,NaN,NaN,NaN,NaN,NaN,0,0,NaN,0
1,151,1,2,2,1,189,446,698,264,962,0,0,0.689695576,0
1,152,1,2,1,1,189,449,818,376,1194,0,1,0.789856256,0
1,153,1,2,1,0,NaN,NaN,NaN,NaN,NaN,0,0,NaN,0
1,154,1,2,2,0,NaN,NaN,NaN,NaN,NaN,0,0,NaN,0
1,155,1,2,1,0,NaN,NaN,NaN,NaN,NaN,0,0,NaN,0
1,156,1,2,2,0,NaN,NaN,NaN,NaN,NaN,0,0,NaN,0
1,157,1,2,1,1,NaN,NaN,NaN,NaN,NaN,1,-3,NaN,1
1,158,1,2,2,1,213,438,696,328,1024,0,1,0.665686918,0
1,159,1,2,1,0,NaN,NaN,NaN,NaN,NaN,0,0,NaN,0
1,160,1,2,2,0,NaN,NaN,NaN,NaN,NaN,0,0,NaN,0
1,161,1,2,1,0,NaN,NaN,NaN,NaN,NaN,0,0,NaN,0
1,162,1,2,1,1,239,496,862,312,1174,0,-2,0.756171821,0
1,163,1,2,1,1,166,487,778,384,1162,0,1,0.695889544,0
1,164,1,2,2,0,NaN,NaN,NaN,NaN,NaN,0,0,NaN,0
1,165,1,2,2,0,NaN,NaN,NaN,NaN,NaN,0,0,NaN,0
1,166,1,2,1,0,NaN,NaN,NaN,NaN,NaN,0,0,NaN,0
1,167,1,2,1,0,NaN,NaN,NaN,NaN,NaN,0,0,NaN,0
1,168,1,2,1,0,NaN,NaN,NaN,NaN,NaN,0,0,NaN,0
1,169,1,2,2,0,NaN,NaN,NaN,NaN,NaN,0,0,NaN,0
1,170,1,2,2,1,546,762,1030,360,1390,0,-5,0.653847326,0
1,171,1,2,2,1,231,425,696,320,1016,0,1,0.549703763,0
1,172,1,2,2,0,NaN,NaN,NaN,NaN,NaN,0,0,NaN,0
1,173,1,2,1,0,NaN,NaN,NaN,NaN,NaN,0,0,NaN,0
1,174,1,2,2,0,NaN,NaN,NaN,NaN,NaN,0,0,NaN,0
1,175,1,2,2,1,315,530,820,360,1180,0,-2,0.670678856,0
1,176,1,2,2,0,NaN,NaN,NaN,NaN,NaN,0,0,NaN,0
1,177,1,2,2,0,NaN,NaN,NaN,NaN,NaN,0,0,NaN,0
1,178,1,2,1,0,NaN,NaN,NaN,NaN,NaN,0,0,NaN,0
1,179,1,2,1,0,NaN,NaN,NaN,NaN,NaN,0,0,NaN,0
1,180,1,2,2,0,NaN,NaN,NaN,NaN,NaN,0,0,NaN,0
1,181,1,2,2,0,NaN,NaN,NaN,NaN,NaN,0,0,NaN,0
1,182,1,2,1,0,NaN,NaN,NaN,NaN,NaN,0,0,NaN,0
1,183,1,2,2,0,NaN,NaN,NaN,NaN,NaN,0,0,NaN,0
1,184,1,2,2,0,NaN,NaN,NaN,NaN,NaN,0,0,NaN,0
1,185,1,2,2,0,NaN,NaN,NaN,NaN,NaN,0,0,NaN,0
1,186,1,2,1,0,NaN,NaN,NaN,NaN,NaN,0,0,NaN,0
1,187,1,2,1,0,NaN,NaN,NaN,NaN,NaN,0,0,NaN,0
1,188,1,2,2,1,232,457,780,368,1148,0,-11,0.633391521,0
1,189,1,2,1,0,NaN,NaN,NaN,NaN,NaN,0,0,NaN,0
1,190,1,2,2,0,NaN,NaN,NaN,NaN,NaN,0,0,NaN,0
1,191,1,2,1,1,240,548,890,344,1234,0,-1,0.805321472,0
1,192,1,2,2,0,NaN,NaN,NaN,NaN,NaN,0,0,NaN,0
1,193,1,2,1,1,227,530,840,272,1112,0,0,0.78473957,0
1,194,1,2,1,0,NaN,NaN,NaN,NaN,NaN,0,0,NaN,0
1,195,1,2,2,0,NaN,NaN,NaN,NaN,NaN,0,0,NaN,0
1,196,1,2,2,0,NaN,NaN,NaN,NaN,NaN,0,0,NaN,0
1,197,1,2,2,0,NaN,NaN,NaN,NaN,NaN,0,0,NaN,0
1,198,1,2,1,1,253,542,922,360,1282,0,-3,0.799019608,0
1,199,1,2,1,0,NaN,NaN,NaN,NaN,NaN,0,0,NaN,0
1,200,1,2,1,0,NaN,NaN,NaN,NaN,NaN,0,0,NaN,0
1,201,1,2,1,0,NaN,NaN,NaN,NaN,NaN,0,0,NaN,0
1,202,1,2,1,0,NaN,NaN,NaN,NaN,NaN,0,0,NaN,0
1,203,1,2,2,0,NaN,NaN,NaN,NaN,NaN,0,0,NaN,0
1,204,1,2,1,0,NaN,NaN,NaN,NaN,NaN,0,0,NaN,0
1,205,1,2,2,1,219,467,798,408,1206,0,-5,0.637912339,0
1,206,1,2,2,0,NaN,NaN,NaN,NaN,NaN,0,0,NaN,0
1,207,1,2,2,0,NaN,NaN,NaN,NaN,NaN,0,0,NaN,0
1,208,1,2,2,1,305,516,734,328,1062,0,-1,0.570888799,0
1,209,1,2,1,1,206,512,864,376,1240,0,1,0.800683287,0
1,210,1,2,2,0,NaN,NaN,NaN,NaN,NaN,0,0,NaN,0
1,211,1,2,2,1,217,458,770,344,1114,0,0,0.751745517,0
1,212,1,2,2,0,NaN,NaN,NaN,NaN,NaN,0,0,NaN,0
1,213,1,2,1,1,273,527,838,312,1150,0,0,0.79209295,0
1,214,1,2,1,0,NaN,NaN,NaN,NaN,NaN,0,0,NaN,0
1,215,1,2,1,0,NaN,NaN,NaN,NaN,NaN,0,0,NaN,0
1,216,1,2,2,1,220,455,752,328,1080,0,-1,0.645010625,0
1,217,1,2,1,0,NaN,NaN,NaN,NaN,NaN,0,0,NaN,0
1,218,1,2,2,1,347,593,856,360,1216,0,0,0.667383331,0
1,219,1,2,1,0,NaN,NaN,NaN,NaN,NaN,0,0,NaN,0
1,220,1,2,2,0,NaN,NaN,NaN,NaN,NaN,0,0,NaN,0
1,221,1,2,1,0,NaN,NaN,NaN,NaN,NaN,0,0,NaN,0
1,222,1,2,1,0,NaN,NaN,NaN,NaN,NaN,0,0,NaN,0
1,223,1,2,1,1,659,866,1266,336,1602,0,-3,0.951364886,0
1,224,1,2,2,0,NaN,NaN,NaN,NaN,NaN,0,0,NaN,0
1,225,1,2,1,0,NaN,NaN,NaN,NaN,NaN,0,0,NaN,0
1,226,1,2,1,0,NaN,NaN,NaN,NaN,NaN,0,0,NaN,0
1,227,1,2,2,0,NaN,NaN,NaN,NaN,NaN,0,0,NaN,0
1,228,1,2,1,1,437,702,1044,344,1388,0,-3,0.811579305,0
1,229,1,2,2,0,NaN,NaN,NaN,NaN,NaN,0,0,NaN,0
1,230,1,2,2,0,NaN,NaN,NaN,NaN,NaN,0,0,NaN,0
1,231,1,2,2,0,NaN,NaN,NaN,NaN,NaN,0,0,NaN,0
1,232,1,2,1,0,NaN,NaN,NaN,NaN,NaN,0,0,NaN,0
1,233,1,2,2,0,NaN,NaN,NaN,NaN,NaN,0,0,NaN,0
1,234,1,2,1,0,NaN,NaN,NaN,NaN,NaN,0,0,NaN,0
1,235,1,2,1,1,214,512,856,336,1192,0,-5,0.753358497,0
1,236,1,2,2,0,NaN,NaN,NaN,NaN,NaN,0,0,NaN,0
1,237,1,2,1,0,NaN,NaN,NaN,NaN,NaN,0,0,NaN,0
1,238,1,2,1,0,NaN,NaN,NaN,NaN,NaN,0,0,NaN,0
1,239,1,2,2,0,NaN,NaN,NaN,NaN,NaN,0,0,NaN,0
1,240,1,2,2,1,258,498,768,368,1136,0,-3,0.628089277,0
2,1,1,1,1,1,NaN,NaN,470,321,791,0,0,NaN,1
2,2,1,1,1,0,NaN,NaN,NaN,NaN,NaN,0,0,NaN,0
2,3,1,1,1,1,193,469,908,448,1356,0,0,0.732438687,0
2,4,1,1,2,1,145,384,640,368,1008,0,1,0.576725729,0
2,5,1,1,1,0,NaN,NaN,NaN,NaN,NaN,0,0,NaN,0
2,6,1,1,2,1,213,460,686,384,1070,0,0,0.546163434,0
2,7,1,1,2,1,189,430,634,424,1058,0,1,0.53160135,0
2,8,1,1,1,1,165,356,590,384,974,0,2,0.543487597,0
2,9,1,1,1,1,175,398,640,432,1072,0,3,0.711524301,0
2,10,1,1,1,1,161,444,618,480,1098,0,4,0.726904936,0
2,11,1,1,1,1,209,385,662,328,990,0,5,0.585807525,0
2,12,1,1,2,1,168,362,610,352,962,0,6,0.392236863,0
2,13,1,1,1,1,NaN,NaN,NaN,NaN,NaN,1,7,NaN,1
2,14,1,1,2,0,NaN,NaN,NaN,NaN,NaN,0,0,NaN,0
2,15,1,1,2,1,290,398,616,360,976,0,0,0.474409654,0
2,16,1,1,2,1,130,254,469,325,794,0,1,0.279085297,0
2,17,1,1,1,1,202,370,544,368,912,0,2,0.473553806,0
2,18,1,1,2,1,236,412,623,343,966,0,3,0.409437867,0
2,19,1,1,1,1,NaN,NaN,NaN,NaN,NaN,1,4,NaN,1
2,20,1,1,2,0,NaN,NaN,NaN,NaN,NaN,0,0,NaN,0
2,21,1,1,1,1,174,399,806,376,1182,0,0,0.750081125,0
2,22,1,1,1,1,164,419,722,360,1082,0,1,0.747623252,0
2,23,1,1,1,1,NaN,NaN,366,432,798,0,2,NaN,1
2,24,1,1,2,1,302,383,648,336,984,0,3,0.387958747,0
2,25,1,1,1,1,306,338,578,392,970,0,4,0.37077583,0
2,26,1,1,1,0,NaN,NaN,NaN,NaN,NaN,0,0,NaN,0
2,27,1,1,2,1,205,339,470,450,920,0,0,0.151748224,0
2,28,1,1,1,1,207,379,574,456,1030,0,1,0.497906176,0
2,29,1,1,1,1,NaN,NaN,626,320,946,0,2,NaN,1
2,30,1,1,1,0,NaN,NaN,NaN,NaN,NaN,0,0,NaN,0
2,31,1,1,1,0,NaN,NaN,NaN,NaN,NaN,0,0,NaN,0
2,32,1,1,1,0,NaN,NaN,NaN,NaN,NaN,0,0,NaN,0
2,33,1,1,2,1,167,380,708,328,1036,0,-2,0.51598289,0
2,34,1,1,2,1,195,204,490,296,786,0,1,0.265352046,0
2,35,1,1,2,1,190,428,698,296,994,0,2,0.491984473,0
2,36,1,1,2,0,NaN,NaN,NaN,NaN,NaN,0,0,NaN,0
2,37,1,1,2,1,236,404,610,336,946,0,0,0.399843053,0
2,38,1,1,2,1,232,428,736,336,1072,0,1,0.479967853,0
2,39,1,1,1,0,NaN,NaN,NaN,NaN,NaN,0,0,NaN,0
2,40,1,1,2,1,306,363,552,336,888,0,0,0.349202401,0
2,41,1,1,2,0,NaN,NaN,NaN,NaN,NaN,0,0,NaN,0
2,42,1,1,2,1,212,488,784,336,1120,0,0,0.532440572,0
2,43,1,1,2,1,276,421,650,334,984,0,1,0.480448647,0
2,44,1,1,1,1,176,337,516,320,836,0,2,0.306313125,0
2,45,1,1,2,0,NaN,NaN,NaN,NaN,NaN,0,0,NaN,0
2,46,1,1,2,0,NaN,NaN,NaN,NaN,NaN,0,0,NaN,0
2,47,1,1,2,1,222,461,736,336,1072,0,-1,0.575053912,0
2,48,1,1,2,1,190,470,666,408,1074,0,1,0.53915526,0
2,49,1,1,1,1,330,422,582,368,950,0,2,0.481316965,0
2,50,1,1,2,1,296,347,498,376,874,0,3,0.386231069,0
2,51,1,1,1,1,238,481,814,352,1166,0,4,0.671070349,0
2,52,1,1,2,1,253,355,612,312,924,0,5,0.403980478,0
2,53,1,1,2,1,232,486,754,360,1114,0,6,0.511430336,0
2,54,1,1,1,1,417,598,852,352,1204,0,7,0.596687687,0
2,55,1,1,2,0,NaN,NaN,NaN,NaN,NaN,0,0,NaN,0
2,56,1,1,2,1,201,414,668,336,1004,0,0,0.482310204,0
2,57,1,1,1,0,NaN,NaN,NaN,NaN,NaN,0,0,NaN,0
2,58,1,1,1,1,218,413,692,320,1012,0,0,0.679099501,0
2,59,1,1,1,1,239,491,708,392,1100,0,1,0.734645328,0
2,60,1,1,1,1,214,410,626,448,1074,0,2,0.712586716,0
2,61,1,1,1,1,213,433,812,408,1220,0,3,0.694068968,0
2,62,1,1,2,1,329,427,626,280,906,0,4,0.369161655,0
2,63,1,1,1,0,NaN,NaN,NaN,NaN,NaN,0,0,NaN,0
2,64,1,1,1,0,NaN,NaN,NaN,NaN,NaN,0,0,NaN,0
2,65,1,1,2,1,233,502,738,424,1162,0,-1,0.569256015,0
2,66,1,1,1,1,157,399,758,344,1102,0,1,0.720538454,0
2,67,1,1,2,1,139,293,528,336,864,0,2,0.26465561,0
2,68,1,1,1,1,188,341,666,352,1018,0,3,0.632070873,0
2,69,1,1,1,1,211,270,426,376,802,0,4,0.298823341,0
2,70,1,1,1,0,NaN,NaN,NaN,NaN,NaN,0,0,NaN,0
2,71,1,1,1,0,NaN,NaN,NaN,NaN,NaN,0,0,NaN,0
2,72,1,1,2,1,322,366,622,408,1030,0,-1,0.38653814,0
2,73,1,1,2,1,211,426,676,330,1006,0,1,0.528280948,0
2,74,1,1,2,1,199,427,632,432,1064,0,2,0.459008915,0
2,75,1,1,1,1,203,393,648,344,992,0,3,0.483687849,0
2,76,1,1,1,1,214,400,790,258,1048,0,4,0.625529124,0
2,77,1,1,2,1,305,313,528,352,880,0,5,0.240362803,0
2,78,1,1,1,1,239,391,638,408,1046,0,6,0.605230164,0
2,79,1,1,1,1,176,352,538,528,1066,0,7,0.632469261,0
2,80,1,1,1,1,194,333,576,336,912,0,8,0.542010041,0
2,81,1,1,2,0,NaN,NaN,NaN,NaN,NaN,0,0,NaN,0
2,82,1,1,2,0,NaN,NaN,NaN,NaN,NaN,0,0,NaN,0
2,83,1,1,1,0,NaN,NaN,NaN,NaN,NaN,0,0,NaN,0
2,84,1,1,2,0,NaN,NaN,NaN,NaN,NaN,0,0,NaN,0
2,85,1,1,2,1,210,402,844,352,1196,0,-3,0.532245401,0
2,86,1,1,1,1,264,337,596,392,988,0,1,0.389006027,0
2,87,1,1,2,1,346,354,662,344,1006,0,2,0.368542593,0
2,88,1,1,1,1,202,365,628,336,964,0,3,0.556420631,0
2,89,1,1,2,1,262,352,464,360,824,0,4,0.173149214,0
2,90,1,1,1,1,141,328,432,344,776,0,5,0.343611998,0
2,91,1,1,1,1,304,503,864,274,1138,0,6,0.700517859,0
2,92,1,1,1,0,NaN,NaN,NaN,NaN,NaN,0,0,NaN,0
2,93,1,1,2,1,210,322,552,328,880,0,0,0.326627848,0
2,94,1,1,1,1,166,383,630,282,912,0,1,0.492892651,0
2,95,1,1,2,1,NaN,NaN,414,400,814,0,2,NaN,1
2,96,1,1,2,1,NaN,NaN,552,312,864,0,3,NaN,1
2,97,1,1,2,0,NaN,NaN,NaN,NaN,NaN,0,0,NaN,0
2,98,1,1,2,1,235,400,518,416,934,0,0,0.192860632,0
2,99,1,1,1,1,370,377,646,288,934,0,1,0.415688311,0
2,100,1,1,2,1,241,361,630,352,982,0,2,0.352674958,0
2,101,1,1,1,1,194,366,720,336,1056,0,3,0.573098087,0
2,102,1,1,1,1,218,453,756,376,1132,0,4,0.728732636,0
2,103,1,1,2,1,NaN,NaN,504,344,848,0,5,NaN,1
2,104,1,1,2,1,200,412,714,344,1058,0,6,0.511191447,0
2,105,1,1,2,1,276,419,632,328,960,0,7,0.434035486,0
2,106,1,1,2,1,NaN,NaN,446,344,790,0,8,NaN,1
2,107,1,1,2,1,255,447,718,376,1094,0,9,0.51605614,0
2,108,1,1,2,0,NaN,NaN,NaN,NaN,NaN,0,0,NaN,0
2,109,1,1,1,0,NaN,NaN,NaN,NaN,NaN,0,0,NaN,0
2,110,1,1,1,1,183,421,722,400,1122,0,-1,0.675021861,0
2,111,1,1,2,1,225,296,592,360,952,0,1,0.314176066,0
2,112,1,1,1,1,207,270,504,352,856,0,2,0.341549731,0
2,113,1,1,2,1,286,322,566,368,934,0,3,0.292289431,0
2,114,1,1,2,1,207,488,834,360,1194,0,4,0.730759214,0
2,115,1,1,1,1,303,311,526,392,918,0,5,0.343574442,0
2,116,1,1,2,0,NaN,NaN,NaN,NaN,NaN,0,0,NaN,0
2,117,1,1,1,1,64,403,736,376,1112,0,0,0.722405971,0
2,118,1,1,1,1,NaN,NaN,494,376,870,0,1,NaN,1
2,119,1,1,2,0,NaN,NaN,NaN,NaN,NaN,0,0,NaN,0
2,120,1,1,1,0,NaN,NaN,NaN,NaN,NaN,0,0,NaN,0
2,121,1,2,1,1,266,410,724,360,1084,0,-1,0.470781256,0
2,122,1,2,1,1,202,464,790,376,1166,0,1,0.777584446,0
2,123,1,2,2,0,NaN,NaN,NaN,NaN,NaN,0,0,NaN,0
2,124,1,2,2,0,NaN,NaN,NaN,NaN,NaN,0,0,NaN,0
2,125,1,2,1,0,NaN,NaN,NaN,NaN,NaN,0,0,NaN,0
2,126,1,2,2,0,NaN,NaN,NaN,NaN,NaN,0,0,NaN,0
2,127,1,2,1,0,NaN,NaN,NaN,NaN,NaN,0,0,NaN,0
2,128,1,2,1,0,NaN,NaN,NaN,NaN,NaN,0,0,NaN,0
2,129,1,2,1,0,NaN,NaN,NaN,NaN,NaN,0,0,NaN,0
2,130,1,2,1,0,NaN,NaN,NaN,NaN,NaN,0,0,NaN,0
2,131,1,2,2,0,NaN,NaN,NaN,NaN,NaN,0,0,NaN,0
2,132,1,2,1,0,NaN,NaN,NaN,NaN,NaN,0,0,NaN,0
2,133,1,2,2,0,NaN,NaN,NaN,NaN,NaN,0,0,NaN,0
2,134,1,2,1,0,NaN,NaN,NaN,NaN,NaN,0,0,NaN,0
2,135,1,2,1,0,NaN,NaN,NaN,NaN,NaN,0,0,NaN,0
2,136,1,2,2,0,NaN,NaN,NaN,NaN,NaN,0,0,NaN,0
2,137,1,2,1,0,NaN,NaN,NaN,NaN,NaN,0,0,NaN,0
2,138,1,2,1,0,NaN,NaN,NaN,NaN,NaN,0,0,NaN,0
2,139,1,2,2,0,NaN,NaN,NaN,NaN,NaN,0,0,NaN,0
2,140,1,2,2,0,NaN,NaN,NaN,NaN,NaN,0,0,NaN,0
2,141,1,2,2,0,NaN,NaN,NaN,NaN,NaN,0,0,NaN,0
2,142,1,2,2,1,384,646,948,336,1284,0,-18,0.517931685,0
2,143,1,2,1,0,NaN,NaN,NaN,NaN,NaN,0,0,NaN,0
2,144,1,2,2,0,NaN,NaN,NaN,NaN,NaN,0,0,NaN,0
2,145,1,2,2,1,258,446,766,336,1102,0,-1,0.469354205,0
2,146,1,2,2,0,NaN,NaN,NaN,NaN,NaN,0,0,NaN,0
2,147,1,2,1,1,275,429,564,448,1012,0,0,0.338712847,0
2,148,1,2,1,0,NaN,NaN,NaN,NaN,NaN,0,0,NaN,0
2,149,1,2,1,1,NaN,NaN,NaN,NaN,NaN,1,0,NaN,1
2,150,1,2,2,0,NaN,NaN,NaN,NaN,NaN,0,0,NaN,0
2,151,1,2,2,1,135,283,638,278,916,0,0,0.411591523,0
2,152,1,2,1,1,288,296,454,424,878,0,1,0.137270372,0
2,153,1,2,1,0,NaN,NaN,NaN,NaN,NaN,0,0,NaN,0
2,154,1,2,2,0,NaN,NaN,NaN,NaN,NaN,0,0,NaN,0
2,155,1,2,1,0,NaN,NaN,NaN,NaN,NaN,0,0,NaN,0
2,156,1,2,2,0,NaN,NaN,NaN,NaN,NaN,0,0,NaN,0
2,157,1,2,1,1,205,464,861,281,1142,0,-3,0.757961767,0
2,158,1,2,2,1,309,353,584,336,920,0,1,0.423906873,0
2,159,1,2,1,0,NaN,NaN,NaN,NaN,NaN,0,0,NaN,0
2,160,1,2,2,0,NaN,NaN,NaN,NaN,NaN,0,0,NaN,0
2,161,1,2,1,0,NaN,NaN,NaN,NaN,NaN,0,0,NaN,0
2,162,1,2,1,1,297,523,888,344,1232,0,-2,0.718205789,0
2,163,1,2,1,1,208,418,756,344,1100,0,1,0.719797138,0
2,164,1,2,2,0,NaN,NaN,NaN,NaN,NaN,0,0,NaN,0
2,165,1,2,2,0,NaN,NaN,NaN,NaN,NaN,0,0,NaN,0
2,166,1,2,1,0,NaN,NaN,NaN,NaN,NaN,0,0,NaN,0
2,167,1,2,1,0,NaN,NaN,NaN,NaN,NaN,0,0,NaN,0
2,168,1,2,1,0,NaN,NaN,NaN,NaN,NaN,0,0,NaN,0
2,169,1,2,2,0,NaN,NaN,NaN,NaN,NaN,0,0,NaN,0
2,170,1,2,2,1,347,904,1554,392,1946,0,-5,1,0
2,171,1,2,2,1,245,432,728,368,1096,0,1,0.472156415,0
2,172,1,2,2,0,NaN,NaN,NaN,NaN,NaN,0,0,NaN,0
2,173,1,2,1,0,NaN,NaN,NaN,NaN,NaN,0,0,NaN,0
2,174,1,2,2,0,NaN,NaN,NaN,NaN,NaN,0,0,NaN,0
2,175,1,2,2,1,447,645,926,312,1238,0,-2,0.655563412,0
2,176,1,2,2,0,NaN,NaN,NaN,NaN,NaN,0,0,NaN,0
2,177,1,2,2,0,NaN,NaN,NaN,NaN,NaN,0,0,NaN,0
2,178,1,2,1,0,NaN,NaN,NaN,NaN,NaN,0,0,NaN,0
2,179,1,2,1,0,NaN,NaN,NaN,NaN,NaN,0,0,NaN,0
2,180,1,2,2,0,NaN,NaN,NaN,NaN,NaN,0,0,NaN,0
2,181,1,2,2,0,NaN,NaN,NaN,NaN,NaN,0,0,NaN,0
2,182,1,2,1,0,NaN,NaN,NaN,NaN,NaN,0,0,NaN,0
2,183,1,2,2,0,NaN,NaN,NaN,NaN,NaN,0,0,NaN,0
2,184,1,2,2,0,NaN,NaN,NaN,NaN,NaN,0,0,NaN,0
2,185,1,2,2,0,NaN,NaN,NaN,NaN,NaN,0,0,NaN,0
2,186,1,2,1,0,NaN,NaN,NaN,NaN,NaN,0,0,NaN,0
2,187,1,2,1,0,NaN,NaN,NaN,NaN,NaN,0,0,NaN,0
2,188,1,2,2,1,448,513,794,512,1306,0,-11,0.49048189,0
2,189,1,2,1,0,NaN,NaN,NaN,NaN,NaN,0,0,NaN,0
2,190,1,2,2,0,NaN,NaN,NaN,NaN,NaN,0,0,NaN,0
2,191,1,2,1,1,207,437,804,432,1236,0,-1,0.697714474,0
2,192,1,2,2,0,NaN,NaN,NaN,NaN,NaN,0,0,NaN,0
2,193,1,2,1,1,312,439,724,416,1140,0,0,0.563742251,0
2,194,1,2,1,0,NaN,NaN,NaN,NaN,NaN,0,0,NaN,0
2,195,1,2,2,0,NaN,NaN,NaN,NaN,NaN,0,0,NaN,0
2,196,1,2,2,0,NaN,NaN,NaN,NaN,NaN,0,0,NaN,0
2,197,1,2,2,0,NaN,NaN,NaN,NaN,NaN,0,0,NaN,0
2,198,1,2,1,1,224,411,744,424,1168,0,-3,0.646373306,0
2,199,1,2,1,0,NaN,NaN,NaN,NaN,NaN,0,0,NaN,0
2,200,1,2,1,0,NaN,NaN,NaN,NaN,NaN,0,0,NaN,0
2,201,1,2,1,0,NaN,NaN,NaN,NaN,NaN,0,0,NaN,0
2,202,1,2,1,0,NaN,NaN,NaN,NaN,NaN,0,0,NaN,0
2,203,1,2,2,0,NaN,NaN,NaN,NaN,NaN,0,0,NaN,0
2,204,1,2,1,0,NaN,NaN,NaN,NaN,NaN,0,0,NaN,0
2,205,1,2,2,1,200,497,808,408,1216,0,-5,0.570878569,0
2,206,1,2,2,0,NaN,NaN,NaN,NaN,NaN,0,0,NaN,0
2,207,1,2,2,0,NaN,NaN,NaN,NaN,NaN,0,0,NaN,0
2,208,1,2,2,1,308,621,1050,336,1386,0,-1,0.941857532,0
2,209,1,2,1,1,378,611,998,376,1374,0,1,0.729030468,0
2,210,1,2,2,0,NaN,NaN,NaN,NaN,NaN,0,0,NaN,0
2,211,1,2,2,1,208,458,760,336,1096,0,0,0.564102745,0
2,212,1,2,2,0,NaN,NaN,NaN,NaN,NaN,0,0,NaN,0
2,213,1,2,1,1,241,335,582,400,982,0,0,0.350135212,0
2,214,1,2,1,0,NaN,NaN,NaN,NaN,NaN,0,0,NaN,0
2,215,1,2,1,0,NaN,NaN,NaN,NaN,NaN,0,0,NaN,0
2,216,1,2,2,1,140,356,608,296,904,0,-1,0.374081333,0
2,217,1,2,1,0,NaN,NaN,NaN,NaN,NaN,0,0,NaN,0
2,218,1,2,2,1,166,426,698,376,1074,0,0,0.575603517,0
2,219,1,2,1,0,NaN,NaN,NaN,NaN,NaN,0,0,NaN,0
2,220,1,2,2,0,NaN,NaN,NaN,NaN,NaN,0,0,NaN,0
2,221,1,2,1,0,NaN,NaN,NaN,NaN,NaN,0,0,NaN,0
2,222,1,2,1,0,NaN,NaN,NaN,NaN,NaN,0,0,NaN,0
2,223,1,2,1,1,219,450,836,400,1236,0,-3,0.713763166,0
2,224,1,2,2,0,NaN,NaN,NaN,NaN,NaN,0,0,NaN,0
2,225,1,2,1,0,NaN,NaN,NaN,NaN,NaN,0,0,NaN,0
2,226,1,2,1,0,NaN,NaN,NaN,NaN,NaN,0,0,NaN,0
2,227,1,2,2,0,NaN,NaN,NaN,NaN,NaN,0,0,NaN,0
2,228,1,2,1,1,445,668,1014,344,1358,0,-3,0.76788511,0
2,229,1,2,2,0,NaN,NaN,NaN,NaN,NaN,0,0,NaN,0
2,230,1,2,2,0,NaN,NaN,NaN,NaN,NaN,0,0,NaN,0
2,231,1,2,2,0,NaN,NaN,NaN,NaN,NaN,0,0,NaN,0
2,232,1,2,1,0,NaN,NaN,NaN,NaN,NaN,0,0,NaN,0
2,233,1,2,2,0,NaN,NaN,NaN,NaN,NaN,0,0,NaN,0
2,234,1,2,1,0,NaN,NaN,NaN,NaN,NaN,0,0,NaN,0
2,235,1,2,1,1,337,508,758,472,1230,0,-5,0.265550934,0
2,236,1,2,2,0,NaN,NaN,NaN,NaN,NaN,0,0,NaN,0
2,237,1,2,1,0,NaN,NaN,NaN,NaN,NaN,0,0,NaN,0
2,238,1,2,1,0,NaN,NaN,NaN,NaN,NaN,0,0,NaN,0
2,239,1,2,2,0,NaN,NaN,NaN,NaN,NaN,0,0,NaN,0
2,240,1,2,2,1,214,506,1034,320,1354,0,-3,0.937874414,0
3,1,1,2,1,0,NaN,NaN,NaN,NaN,NaN,0,0,NaN,0
3,2,1,2,1,1,114,391,648,480,1128,0,0,0.715352882,0
3,3,1,2,2,0,NaN,NaN,NaN,NaN,NaN,0,0,NaN,0
3,4,1,2,1,1,172,461,664,400,1064,0,0,0.744079806,0
3,5,1,2,1,1,365,636,812,376,1188,0,1,0.724221193,0
3,6,1,2,1,0,NaN,NaN,NaN,NaN,NaN,0,0,NaN,0
3,7,1,2,1,0,NaN,NaN,NaN,NaN,NaN,0,0,NaN,0
3,8,1,2,1,0,NaN,NaN,NaN,NaN,NaN,0,0,NaN,0
3,9,1,2,2,0,NaN,NaN,NaN,NaN,NaN,0,0,NaN,0
3,10,1,2,1,0,NaN,NaN,NaN,NaN,NaN,0,0,NaN,0
3,11,1,2,1,1,266,529,706,344,1050,0,-4,0.759037639,0
3,12,1,2,2,0,NaN,NaN,NaN,NaN,NaN,0,0,NaN,0
3,13,1,2,2,0,NaN,NaN,NaN,NaN,NaN,0,0,NaN,0
3,14,1,2,2,0,NaN,NaN,NaN,NaN,NaN,0,0,NaN,0
3,15,1,2,2,1,489,698,856,312,1168,0,-2,0.715040427,0
3,16,1,2,2,0,NaN,NaN,NaN,NaN,NaN,0,0,NaN,0
3,17,1,2,1,1,325,627,828,352,1180,0,0,0.713529049,0
3,18,1,2,1,0,NaN,NaN,NaN,NaN,NaN,0,0,NaN,0
3,19,1,2,1,0,NaN,NaN,NaN,NaN,NaN,0,0,NaN,0
3,20,1,2,1,1,151,373,594,344,938,0,-1,0.693170318,0
3,21,1,2,2,0,NaN,NaN,NaN,NaN,NaN,0,0,NaN,0
3,22,1,2,2,0,NaN,NaN,NaN,NaN,NaN,0,0,NaN,0
3,23,1,2,1,0,NaN,NaN,NaN,NaN,NaN,0,0,NaN,0
3,24,1,2,2,1,412,667,846,336,1182,0,-2,0.788553607,0
3,25,1,2,2,0,NaN,NaN,NaN,NaN,NaN,0,0,NaN,0
3,26,1,2,2,0,NaN,NaN,NaN,NaN,NaN,0,0,NaN,0
3,27,1,2,1,0,NaN,NaN,NaN,NaN,NaN,0,0,NaN,0
3,28,1,2,2,0,NaN,NaN,NaN,NaN,NaN,0,0,NaN,0
3,29,1,2,2,1,387,607,807,252,1059,0,-3,0.893870045,0
3,30,1,2,2,0,NaN,NaN,NaN,NaN,NaN,0,0,NaN,0
3,31,1,2,1,0,NaN,NaN,NaN,NaN,NaN,0,0,NaN,0
3,32,1,2,2,0,NaN,NaN,NaN,NaN,NaN,0,0,NaN,0
3,33,1,2,1,0,NaN,NaN,NaN,NaN,NaN,0,0,NaN,0
3,34,1,2,2,1,168,382,578,344,922,0,-3,0.777613657,0
3,35,1,2,1,0,NaN,NaN,NaN,NaN,NaN,0,0,NaN,0
3,36,1,2,2,0,NaN,NaN,NaN,NaN,NaN,0,0,NaN,0
3,37,1,2,2,0,NaN,NaN,NaN,NaN,NaN,0,0,NaN,0
3,38,1,2,2,0,NaN,NaN,NaN,NaN,NaN,0,0,NaN,0
3,39,1,2,1,0,NaN,NaN,NaN,NaN,NaN,0,0,NaN,0
3,40,1,2,1,0,NaN,NaN,NaN,NaN,NaN,0,0,NaN,0
3,41,1,2,1,0,NaN,NaN,NaN,NaN,NaN,0,0,NaN,0
3,42,1,2,2,0,NaN,NaN,NaN,NaN,NaN,0,0,NaN,0
3,43,1,2,2,0,NaN,NaN,NaN,NaN,NaN,0,0,NaN,0
3,44,1,2,1,0,NaN,NaN,NaN,NaN,NaN,0,0,NaN,0
3,45,1,2,2,1,347,601,828,360,1188,0,-9,0.745369122,0
3,46,1,2,1,0,NaN,NaN,NaN,NaN,NaN,0,0,NaN,0
3,47,1,2,2,0,NaN,NaN,NaN,NaN,NaN,0,0,NaN,0
3,48,1,2,2,1,148,383,592,328,920,0,-1,0.749426752,0
3,49,1,2,2,1,380,578,806,408,1214,0,1,0.767931928,0
3,50,1,2,2,0,NaN,NaN,NaN,NaN,NaN,0,0,NaN,0
3,51,1,2,2,0,NaN,NaN,NaN,NaN,NaN,0,0,NaN,0
3,52,1,2,2,0,NaN,NaN,NaN,NaN,NaN,0,0,NaN,0
3,53,1,2,1,0,NaN,NaN,NaN,NaN,NaN,0,0,NaN,0
3,54,1,2,1,1,369,606,768,280,1048,0,-3,0.750988754,0
3,55,1,2,2,0,NaN,NaN,NaN,NaN,NaN,0,0,NaN,0
3,56,1,2,1,0,NaN,NaN,NaN,NaN,NaN,0,0,NaN,0
3,57,1,2,1,0,NaN,NaN,NaN,NaN,NaN,0,0,NaN,0
3,58,1,2,1,0,NaN,NaN,NaN,NaN,NaN,0,0,NaN,0
3,59,1,2,1,1,162,440,618,296,914,0,-3,0.701222795,0
3,60,1,2,1,0,NaN,NaN,NaN,NaN,NaN,0,0,NaN,0
3,61,1,2,1,1,217,454,632,344,976,0,0,0.719491685,0
3,62,1,2,2,0,NaN,NaN,NaN,NaN,NaN,0,0,NaN,0
3,63,1,2,2,0,NaN,NaN,NaN,NaN,NaN,0,0,NaN,0
3,64,1,2,2,1,217,466,636,312,948,0,-1,0.761217742,0
3,65,1,2,1,0,NaN,NaN,NaN,NaN,NaN,0,0,NaN,0
3,66,1,2,1,0,NaN,NaN,NaN,NaN,NaN,0,0,NaN,0
3,67,1,2,2,0,NaN,NaN,NaN,NaN,NaN,0,0,NaN,0
3,68,1,2,2,1,147,353,578,312,890,0,-2,0.674437661,0
3,69,1,2,1,1,450,691,872,296,1168,0,1,0.639433382,0
3,70,1,2,2,0,NaN,NaN,NaN,NaN,NaN,0,0,NaN,0
3,71,1,2,1,0,NaN,NaN,NaN,NaN,NaN,0,0,NaN,0
3,72,1,2,1,0,NaN,NaN,NaN,NaN,NaN,0,0,NaN,0
3,73,1,2,1,1,204,521,746,296,1042,0,-2,0.665686389,0
3,74,1,2,1,0,NaN,NaN,NaN,NaN,NaN,0,0,NaN,0
3,75,1,2,2,0,NaN,NaN,NaN,NaN,NaN,0,0,NaN,0
3,76,1,2,1,0,NaN,NaN,NaN,NaN,NaN,0,0,NaN,0
3,77,1,2,1,0,NaN,NaN,NaN,NaN,NaN,0,0,NaN,0
3,78,1,2,2,0,NaN,NaN,NaN,NaN,NaN,0,0,NaN,0
3,79,1,2,2,0,NaN,NaN,NaN,NaN,NaN,0,0,NaN,0
3,80,1,2,1,0,NaN,NaN,NaN,NaN,NaN,0,0,NaN,0
3,81,1,2,2,0,NaN,NaN,NaN,NaN,NaN,0,0,NaN,0
3,82,1,2,2,1,143,409,584,288,872,0,-7,0.747846937,0
3,83,1,2,2,0,NaN,NaN,NaN,NaN,NaN,0,0,NaN,0
3,84,1,2,2,0,NaN,NaN,NaN,NaN,NaN,0,0,NaN,0
3,85,1,2,2,0,NaN,NaN,NaN,NaN,NaN,0,0,NaN,0
3,86,1,2,1,0,NaN,NaN,NaN,NaN,NaN,0,0,NaN,0
3,87,1,2,2,1,147,371,556,296,852,0,-3,0.688994187,0
3,88,1,2,1,0,NaN,NaN,NaN,NaN,NaN,0,0,NaN,0
3,89,1,2,1,1,324,617,788,336,1124,0,0,0.699242196,0
3,90,1,2,1,0,NaN,NaN,NaN,NaN,NaN,0,0,NaN,0
3,91,1,2,1,0,NaN,NaN,NaN,NaN,NaN,0,0,NaN,0
3,92,1,2,2,0,NaN,NaN,NaN,NaN,NaN,0,0,NaN,0
3,93,1,2,1,0,NaN,NaN,NaN,NaN,NaN,0,0,NaN,0
3,94,1,2,1,0,NaN,NaN,NaN,NaN,NaN,0,0,NaN,0
3,95,1,2,2,1,297,500,740,264,1004,0,-4,0.693682291,0
3,96,1,2,1,0,NaN,NaN,NaN,NaN,NaN,0,0,NaN,0
3,97,1,2,1,1,456,655,858,312,1170,0,0,0.62521521,0
3,98,1,2,1,0,NaN,NaN,NaN,NaN,NaN,0,0,NaN,0
3,99,1,2,2,0,NaN,NaN,NaN,NaN,NaN,0,0,NaN,0
3,100,1,2,2,0,NaN,NaN,NaN,NaN,NaN,0,0,NaN,0
3,101,1,2,1,1,474,744,910,272,1182,0,-2,0.769160993,0
3,102,1,2,2,0,NaN,NaN,NaN,NaN,NaN,0,0,NaN,0
3,103,1,2,2,0,NaN,NaN,NaN,NaN,NaN,0,0,NaN,0
3,104,1,2,2,0,NaN,NaN,NaN,NaN,NaN,0,0,NaN,0
3,105,1,2,1,0,NaN,NaN,NaN,NaN,NaN,0,0,NaN,0
3,106,1,2,2,0,NaN,NaN,NaN,NaN,NaN,0,0,NaN,0
3,107,1,2,2,1,398,623,848,280,1128,0,-4,0.666623089,0
3,108,1,2,2,0,NaN,NaN,NaN,NaN,NaN,0,0,NaN,0
3,109,1,2,1,1,332,601,820,296,1116,0,0,0.661439486,0
3,110,1,2,2,0,NaN,NaN,NaN,NaN,NaN,0,0,NaN,0
3,111,1,2,1,0,NaN,NaN,NaN,NaN,NaN,0,0,NaN,0
3,112,1,2,1,0,NaN,NaN,NaN,NaN,NaN,0,0,NaN,0
3,113,1,2,2,0,NaN,NaN,NaN,NaN,NaN,0,0,NaN,0
3,114,1,2,1,0,NaN,NaN,NaN,NaN,NaN,0,0,NaN,0
3,115,1,2,2,0,NaN,NaN,NaN,NaN,NaN,0,0,NaN,0
3,116,1,2,2,0,NaN,NaN,NaN,NaN,NaN,0,0,NaN,0
3,117,1,2,1,0,NaN,NaN,NaN,NaN,NaN,0,0,NaN,0
3,118,1,2,1,0,NaN,NaN,NaN,NaN,NaN,0,0,NaN,0
3,119,1,2,1,1,267,610,772,280,1052,0,-8,0.815864447,0
3,120,1,2,2,1,404,579,778,464,1242,0,1,0.560176206,0
3,121,1,1,2,0,NaN,NaN,NaN,NaN,NaN,0,0,NaN,0
3,122,1,1,1,1,270,462,563,311,874,0,0,0.633359136,0
3,123,1,1,2,1,178,398,632,264,896,0,1,0.454911631,0
3,124,1,1,1,1,150,367,506,304,810,0,2,0.654560757,0
3,125,1,1,1,1,208,488,718,328,1046,0,3,0.71152568,0
3,126,1,1,1,0,NaN,NaN,NaN,NaN,NaN,0,0,NaN,0
3,127,1,1,2,1,117,256,458,304,762,0,0,0.52438965,0
3,128,1,1,1,1,278,561,780,352,1132,0,1,0.650867084,0
3,129,1,1,1,1,185,459,660,328,988,0,2,0.677880962,0
3,130,1,1,1,1,224,445,610,384,994,0,3,0.641737344,0
3,131,1,1,1,1,239,510,652,352,1004,0,4,0.686068675,0
3,132,1,1,2,1,189,444,682,368,1050,0,5,0.746358669,0
3,133,1,1,1,1,210,407,662,296,958,0,6,0.610336859,0
3,134,1,1,1,0,NaN,NaN,NaN,NaN,NaN,0,0,NaN,0
3,135,1,1,2,1,145,310,552,312,864,0,0,0.666948479,0
3,136,1,1,2,1,423,666,878,360,1238,0,1,0.59281298,0
3,137,1,1,1,1,291,564,828,400,1228,0,2,0.611875276,0
3,138,1,1,2,0,NaN,NaN,NaN,NaN,NaN,0,0,NaN,0
3,139,1,1,1,0,NaN,NaN,NaN,NaN,NaN,0,0,NaN,0
3,140,1,1,2,1,187,466,674,408,1082,0,-1,0.671688192,0
3,141,1,1,2,1,318,560,822,352,1174,0,1,0.762685263,0
3,142,1,1,2,1,145,405,644,368,1012,0,2,0.730484036,0
3,143,1,1,2,1,197,485,750,328,1078,0,3,0.774704608,0
3,144,1,1,2,1,200,369,616,432,1048,0,4,0.57769963,0
3,145,1,1,1,0,NaN,NaN,NaN,NaN,NaN,0,0,NaN,0
3,146,1,1,1,1,414,648,868,352,1220,0,0,0.655744203,0
3,147,1,1,1,0,NaN,NaN,NaN,NaN,NaN,0,0,NaN,0
3,148,1,1,2,0,NaN,NaN,NaN,NaN,NaN,0,0,NaN,0
3,149,1,1,1,0,NaN,NaN,NaN,NaN,NaN,0,0,NaN,0
3,150,1,1,2,1,267,480,752,336,1088,0,-2,0.685284395,0
3,151,1,1,2,1,268,505,760,288,1048,0,1,0.705958418,0
3,152,1,1,2,1,318,577,832,360,1192,0,2,0.760181209,0
3,153,1,1,1,1,222,440,558,352,910,0,3,0.629631785,0
3,154,1,1,1,0,NaN,NaN,NaN,NaN,NaN,0,0,NaN,0
3,155,1,1,2,1,136,374,586,328,914,0,0,0.688784847,0
3,156,1,1,2,1,177,347,554,328,882,0,1,0.625617098,0
3,157,1,1,2,1,184,429,700,408,1108,0,2,0.740863312,0
3,158,1,1,2,0,NaN,NaN,NaN,NaN,NaN,0,0,NaN,0
3,159,1,1,1,1,470,670,876,368,1244,0,0,0.728712864,0
3,160,1,1,1,1,213,427,654,400,1054,0,1,0.669957871,0
3,161,1,1,2,1,215,437,690,344,1034,0,2,0.669778521,0
3,162,1,1,1,1,194,456,700,360,1060,0,3,0.6656807,0
3,163,1,1,1,1,301,535,770,352,1122,0,4,0.612992568,0
3,164,1,1,2,1,316,558,756,296,1052,0,5,0.76027814,0
3,165,1,1,2,0,NaN,NaN,NaN,NaN,NaN,0,0,NaN,0
3,166,1,1,2,1,176,366,608,304,912,0,0,0.640899359,0
3,167,1,1,2,1,170,423,698,392,1090,0,1,0.734205133,0
3,168,1,1,1,1,162,425,614,456,1070,0,2,0.632436329,0
3,169,1,1,1,1,204,396,610,384,994,0,3,0.589877536,0
3,170,1,1,1,1,136,383,592,376,968,0,4,0.62252093,0
3,171,1,1,2,1,242,527,832,384,1216,0,5,0.707362496,0
3,172,1,1,2,1,238,491,842,368,1210,0,6,0.656623508,0
3,173,1,1,1,0,NaN,NaN,NaN,NaN,NaN,0,0,NaN,0
3,174,1,1,1,1,118,335,582,328,910,0,0,0.640785464,0
3,175,1,1,2,1,159,410,644,344,988,0,1,0.699491161,0
3,176,1,1,1,1,169,407,690,400,1090,0,2,0.664676628,0
3,177,1,1,2,0,NaN,NaN,NaN,NaN,NaN,0,0,NaN,0
3,178,1,1,1,1,219,464,688,342,1030,0,0,0.628430197,0
3,179,1,1,2,0,NaN,NaN,NaN,NaN,NaN,0,0,NaN,0
3,180,1,1,1,1,209,472,708,384,1092,0,0,0.646029746,0
3,181,1,1,2,1,157,411,660,279,939,0,1,0.708183502,0
3,182,1,1,1,1,192,439,630,376,1006,0,2,0.549248687,0
3,183,1,1,1,0,NaN,NaN,NaN,NaN,NaN,0,0,NaN,0
3,184,1,1,2,1,212,482,750,352,1102,0,0,0.681482972,0
3,185,1,1,2,1,215,483,802,352,1154,0,1,0.695420534,0
3,186,1,1,1,1,340,676,952,384,1336,0,2,0.637692434,0
3,187,1,1,1,0,NaN,NaN,NaN,NaN,NaN,0,0,NaN,0
3,188,1,1,1,1,263,465,678,320,998,0,0,0.617234072,0
3,189,1,1,1,1,501,700,916,368,1284,0,1,0.611671239,0
3,190,1,1,2,1,155,381,726,368,1094,0,2,0.66465534,0
3,191,1,1,1,0,NaN,NaN,NaN,NaN,NaN,0,0,NaN,0
3,192,1,1,2,0,NaN,NaN,NaN,NaN,NaN,0,0,NaN,0
3,193,1,1,2,0,NaN,NaN,NaN,NaN,NaN,0,0,NaN,0
3,194,1,1,1,1,275,516,766,280,1046,0,-2,0.70703673,0
3,195,1,1,2,0,NaN,NaN,NaN,NaN,NaN,0,0,NaN,0
3,196,1,1,2,1,331,580,826,280,1106,0,0,0.60598028,0
3,197,1,1,1,0,NaN,NaN,NaN,NaN,NaN,0,0,NaN,0
3,198,1,1,2,1,157,391,704,336,1040,0,0,0.680909487,0
3,199,1,1,1,1,377,640,876,320,1196,0,1,0.716775228,0
3,200,1,1,1,1,136,471,748,344,1092,0,2,0.627845349,0
3,201,1,1,2,0,NaN,NaN,NaN,NaN,NaN,0,0,NaN,0
3,202,1,1,2,0,NaN,NaN,NaN,NaN,NaN,0,0,NaN,0
3,203,1,1,2,1,168,329,552,296,848,0,-1,0.587112311,0
3,204,1,1,2,1,198,445,690,312,1002,0,1,0.759059105,0
3,205,1,1,1,1,259,498,668,328,996,0,2,0.664234876,0
3,206,1,1,2,1,283,502,736,288,1024,0,3,0.671572759,0
3,207,1,1,1,1,186,510,744,376,1120,0,4,0.631321603,0
3,208,1,1,2,1,177,376,592,336,928,0,5,0.600921775,0
3,209,1,1,1,1,190,494,784,400,1184,0,6,0.670747299,0
3,210,1,1,1,0,NaN,NaN,NaN,NaN,NaN,0,0,NaN,0
3,211,1,1,1,1,195,402,610,328,938,0,0,0.620210357,0
3,212,1,1,2,1,177,467,750,400,1150,0,1,0.645268612,0
3,213,1,1,2,1,148,372,645,299,944,0,2,0.685877497,0
3,214,1,1,1,1,382,662,890,352,1242,0,3,0.747734589,0
3,215,1,1,1,1,554,886,1092,264,1356,0,4,0.830896211,0
3,216,1,1,2,1,421,676,912,312,1224,0,5,0.679456203,0
3,217,1,1,2,0,NaN,NaN,NaN,NaN,NaN,0,0,NaN,0
3,218,1,1,2,1,188,460,756,352,1108,0,0,0.688475246,0
3,219,1,1,1,1,475,700,910,312,1222,0,1,0.698612791,0
3,220,1,1,2,1,161,365,602,312,914,0,2,0.648107842,0
3,221,1,1,2,1,176,379,618,296,914,0,3,0.663687442,0
3,222,1,1,1,1,210,423,648,296,944,0,4,0.624679637,0
3,223,1,1,2,1,178,375,646,312,958,0,5,0.638154094,0
3,224,1,1,1,0,NaN,NaN,NaN,NaN,NaN,0,0,NaN,0
3,225,1,1,2,1,319,609,858,296,1154,0,0,0.704403792,0
3,226,1,1,2,1,304,560,764,344,1108,0,1,0.709587841,0
3,227,1,1,2,1,250,567,794,360,1154,0,2,0.673735113,0
3,228,1,1,2,1,145,369,670,304,974,0,3,0.6434266,0
3,229,1,1,1,0,NaN,NaN,NaN,NaN,NaN,0,0,NaN,0
3,230,1,1,1,1,201,416,634,296,930,0,0,0.649997895,0
3,231,1,1,1,0,NaN,NaN,NaN,NaN,NaN,0,0,NaN,0
3,232,1,1,1,1,264,505,762,360,1122,0,0,0.671926126,0
3,233,1,1,1,1,248,551,816,408,1224,0,1,0.69196602,0
3,234,1,1,1,1,221,494,792,328,1120,0,2,0.658319886,0
3,235,1,1,2,1,647,851,1072,264,1336,0,3,0.66822646,0
3,236,1,1,1,1,194,389,612,344,956,0,4,0.534748658,0
3,237,1,1,1,1,509,735,944,264,1208,0,5,0.669466905,0
3,238,1,1,2,1,226,371,596,326,922,0,6,0.520920374,0
3,239,1,1,2,0,NaN,NaN,NaN,NaN,NaN,0,0,NaN,0
3,240,1,1,1,1,176,417,690,352,1042,0,0,0.638609826,0
4,1,1,1,1,1,291,569,900,472,1372,0,0,0.651062683,0
4,2,1,1,2,0,NaN,NaN,NaN,NaN,NaN,0,0,NaN,0
4,3,1,1,2,0,NaN,NaN,NaN,NaN,NaN,0,0,NaN,0
4,4,1,1,1,0,NaN,NaN,NaN,NaN,NaN,0,0,NaN,0
4,5,1,1,2,1,335,539,956,528,1484,0,-2,0.545711912,0
4,6,1,1,2,1,288,524,914,504,1418,0,1,0.706090263,0
4,7,1,1,2,1,216,436,696,408,1104,0,2,0.66380138,0
4,8,1,1,1,0,NaN,NaN,NaN,NaN,NaN,0,0,NaN,0
4,9,1,1,2,1,225,443,720,448,1168,0,0,0.601143906,0
4,10,1,1,1,0,NaN,NaN,NaN,NaN,NaN,0,0,NaN,0
4,11,1,1,1,1,215,428,712,296,1008,0,0,0.652011886,0
4,12,1,1,1,1,293,554,798,336,1134,0,1,0.654320428,0
4,13,1,1,2,1,201,381,580,320,900,0,2,0.634998694,0
4,14,1,1,2,1,168,404,600,328,928,0,3,0.657166904,0
4,15,1,1,2,1,241,432,654,336,990,0,4,0.734640929,0
4,16,1,1,2,1,230,393,622,392,1014,0,5,0.51549572,0
4,17,1,1,2,1,291,429,632,384,1016,0,6,0.565049927,0
4,18,1,1,1,1,224,429,668,248,916,0,7,0.527035286,0
4,19,1,1,2,0,NaN,NaN,NaN,NaN,NaN,0,0,NaN,0
4,20,1,1,2,1,207,426,622,352,974,0,0,0.6065375,0
4,21,1,1,1,1,137,396,594,264,858,0,1,0.638742336,0
4,22,1,1,1,1,184,330,540,256,796,0,2,0.538812097,0
4,23,1,1,2,0,NaN,NaN,NaN,NaN,NaN,0,0,NaN,0
4,24,1,1,1,1,277,500,744,296,1040,0,0,0.594624399,0
4,25,1,1,2,1,160,351,606,344,950,0,1,0.481576972,0
4,26,1,1,1,1,322,570,868,304,1172,0,2,0.570391886,0
4,27,1,1,2,1,272,379,682,488,1170,0,3,0.501184414,0
4,28,1,1,1,1,217,417,628,424,1052,0,4,0.504448388,0
4,29,1,1,1,1,214,355,612,312,924,0,5,0.514518638,0
4,30,1,1,2,1,185,384,576,324,900,0,6,0.32928437,0
4,31,1,1,1,1,251,493,772,296,1068,0,7,0.612751921,0
4,32,1,1,2,0,NaN,NaN,NaN,NaN,NaN,0,0,NaN,0
4,33,1,1,1,1,NaN,NaN,NaN,NaN,NaN,1,0,NaN,1
4,34,1,1,1,0,NaN,NaN,NaN,NaN,NaN,0,0,NaN,0
4,35,1,1,2,1,235,349,572,394,966,0,0,0.401131665,0
4,36,1,1,1,1,187,303,546,392,938,0,1,0.521523828,0
4,37,1,1,1,0,NaN,NaN,NaN,NaN,NaN,0,0,NaN,0
4,38,1,1,1,1,205,496,752,296,1048,0,0,0.661650313,0
4,39,1,1,2,1,230,331,484,304,788,0,1,0.350267384,0
4,40,1,1,1,1,137,361,602,248,850,0,2,0.585056436,0
4,41,1,1,2,1,166,375,532,424,956,0,3,0.562701224,0
4,42,1,1,2,1,218,409,644,456,1100,0,4,0.601894499,0
4,43,1,1,1,1,NaN,NaN,486,400,886,0,5,NaN,1
4,44,1,1,2,1,NaN,NaN,464,392,856,0,6,NaN,1
4,45,1,1,1,0,NaN,NaN,NaN,NaN,NaN,0,0,NaN,0
4,46,1,1,2,1,195,317,546,400,946,0,0,0.453450574,0
4,47,1,1,2,1,381,530,782,352,1134,0,1,0.582054277,0
4,48,1,1,1,1,NaN,NaN,630,400,1030,0,2,NaN,1
4,49,1,1,2,1,181,360,536,273,809,0,3,0.285788125,0
4,50,1,1,1,1,202,390,614,328,942,0,4,0.531475709,0
4,51,1,1,1,0,NaN,NaN,NaN,NaN,NaN,0,0,NaN,0
4,52,1,1,1,0,NaN,NaN,NaN,NaN,NaN,0,0,NaN,0
4,53,1,1,2,0,NaN,NaN,NaN,NaN,NaN,0,0,NaN,0
4,54,1,1,2,0,NaN,NaN,NaN,NaN,NaN,0,0,NaN,0
4,55,1,1,1,1,509,654,942,384,1326,0,-3,0.617133466,0
4,56,1,1,1,1,283,465,938,272,1210,0,1,0.606411274,0
4,57,1,1,1,1,323,571,854,272,1126,0,2,0.627780807,0
4,58,1,1,1,1,259,521,774,352,1126,0,3,0.564022738,0
4,59,1,1,2,1,234,424,672,480,1152,0,4,0.488304589,0
4,60,1,1,2,1,423,657,974,432,1406,0,5,0.623582085,0
4,61,1,1,1,1,250,533,758,256,1014,0,6,0.652516479,0
4,62,1,1,2,1,194,361,562,368,930,0,7,0.565780512,0
4,63,1,1,2,1,272,485,762,376,1138,0,8,0.661051506,0
4,64,1,1,1,1,154,397,582,360,942,0,9,0.592018631,0
4,65,1,1,2,1,258,439,672,384,1056,0,10,0.495458577,0
4,66,1,1,1,1,191,393,632,384,1016,0,11,0.518776318,0
4,67,1,1,2,0,NaN,NaN,NaN,NaN,NaN,0,0,NaN,0
4,68,1,1,2,1,252,447,676,344,1020,0,0,0.470431058,0
4,69,1,1,1,1,152,324,534,325,859,0,1,0.41257535,0
4,70,1,1,1,1,369,539,774,312,1086,0,2,0.622065643,0
4,71,1,1,2,1,196,345,520,384,904,0,3,0.530483637,0
4,72,1,1,2,1,279,398,612,392,1004,0,4,0.491752806,0
4,73,1,1,2,1,273,418,620,440,1060,0,5,0.541953302,0
4,74,1,1,1,1,215,514,754,344,1098,0,6,0.581769976,0
4,75,1,1,2,1,257,380,574,408,982,0,7,0.444994193,0
4,76,1,1,1,1,217,419,670,352,1022,0,8,0.545323612,0
4,77,1,1,2,0,NaN,NaN,NaN,NaN,NaN,0,0,NaN,0
4,78,1,1,1,0,NaN,NaN,NaN,NaN,NaN,0,0,NaN,0
4,79,1,1,1,0,NaN,NaN,NaN,NaN,NaN,0,0,NaN,0
4,80,1,1,2,1,345,531,770,416,1186,0,-2,0.53118715,0
4,81,1,1,2,0,NaN,NaN,NaN,NaN,NaN,0,0,NaN,0
4,82,1,1,1,1,413,616,870,288,1158,0,0,0.649574677,0
4,83,1,1,1,1,218,360,580,264,844,0,1,0.53355383,0
4,84,1,1,2,1,196,331,494,312,806,0,2,0.426686794,0
4,85,1,1,2,1,222,401,626,408,1034,0,3,0.605494091,0
4,86,1,1,1,1,267,385,636,302,938,0,4,0.502610657,0
4,87,1,1,1,1,NaN,NaN,406,400,806,0,5,NaN,1
4,88,1,1,1,0,NaN,NaN,NaN,NaN,NaN,0,0,NaN,0
4,89,1,1,1,1,226,376,572,384,956,0,0,0.296190413,0
4,90,1,1,1,0,NaN,NaN,NaN,NaN,NaN,0,0,NaN,0
4,91,1,1,1,0,NaN,NaN,NaN,NaN,NaN,0,0,NaN,0
4,92,1,1,1,1,254,452,724,362,1086,0,-1,0.578003824,0
4,93,1,1,1,1,239,508,800,334,1134,0,1,0.689943979,0
4,94,1,1,2,1,273,399,640,368,1008,0,2,0.474403215,0
4,95,1,1,1,1,NaN,NaN,418,336,754,0,3,NaN,1
4,96,1,1,1,1,322,542,766,272,1038,0,4,0.63004834,0
4,97,1,1,1,1,276,706,966,376,1342,0,5,0.675930064,0
4,98,1,1,1,1,281,493,760,400,1160,0,6,0.53994468,0
4,99,1,1,2,1,138,329,550,273,823,0,7,0.384148126,0
4,100,1,1,2,1,229,369,546,416,962,0,8,0.45026274,0
4,101,1,1,2,1,186,414,680,400,1080,0,9,0.600036628,0
4,102,1,1,2,1,NaN,NaN,516,448,964,0,10,NaN,1
4,103,1,1,2,0,NaN,NaN,NaN,NaN,NaN,0,0,NaN,0
4,104,1,1,1,1,241,418,661,332,993,0,0,0.353422456,0
4,105,1,1,1,1,198,462,728,280,1008,0,1,0.597768366,0
4,106,1,1,2,0,NaN,NaN,NaN,NaN,NaN,0,0,NaN,0
4,107,1,1,2,1,136,285,474,408,882,0,0,0.300222192,0
4,108,1,1,2,1,177,398,759,339,1098,0,1,0.434247678,0
4,109,1,1,2,1,148,346,620,367,987,0,2,0.409957505,0
4,110,1,1,2,1,210,414,640,440,1080,0,3,0.387933939,0
4,111,1,1,2,0,NaN,NaN,NaN,NaN,NaN,0,0,NaN,0
4,112,1,1,2,0,NaN,NaN,NaN,NaN,NaN,0,0,NaN,0
4,113,1,1,1,0,NaN,NaN,NaN,NaN,NaN,0,0,NaN,0
4,114,1,1,2,1,297,499,856,544,1400,0,-2,0.593640691,0
4,115,1,1,2,1,549,735,980,368,1348,0,1,0.575195816,0
4,116,1,1,1,1,265,550,846,296,1142,0,2,0.540346699,0
4,117,1,1,2,1,257,410,622,448,1070,0,3,0.370989828,0
4,118,1,1,1,0,NaN,NaN,NaN,NaN,NaN,0,0,NaN,0
4,119,1,1,1,1,237,389,716,376,1092,0,0,0.547402982,0
4,120,1,1,1,0,NaN,NaN,NaN,NaN,NaN,0,0,NaN,0
4,121,1,2,2,0,NaN,NaN,NaN,NaN,NaN,0,0,NaN,0
4,122,1,2,2,0,NaN,NaN,NaN,NaN,NaN,0,0,NaN,0
4,123,1,2,1,0,NaN,NaN,NaN,NaN,NaN,0,0,NaN,0
4,124,1,2,1,0,NaN,NaN,NaN,NaN,NaN,0,0,NaN,0
4,125,1,2,2,1,212,435,824,416,1240,0,-4,0.588428848,0
4,126,1,2,2,0,NaN,NaN,NaN,NaN,NaN,0,0,NaN,0
4,127,1,2,1,0,NaN,NaN,NaN,NaN,NaN,0,0,NaN,0
4,128,1,2,2,0,NaN,NaN,NaN,NaN,NaN,0,0,NaN,0
4,129,1,2,2,1,346,549,810,384,1194,0,-2,0.635752501,0
4,130,1,2,2,1,285,498,718,328,1046,0,1,0.602146102,0
4,131,1,2,1,0,NaN,NaN,NaN,NaN,NaN,0,0,NaN,0
4,132,1,2,2,0,NaN,NaN,NaN,NaN,NaN,0,0,NaN,0
4,133,1,2,2,1,344,559,784,384,1168,0,-1,0.551127793,0
4,134,1,2,2,1,210,449,686,344,1030,0,1,0.596949805,0
4,135,1,2,2,0,NaN,NaN,NaN,NaN,NaN,0,0,NaN,0
4,136,1,2,2,0,NaN,NaN,NaN,NaN,NaN,0,0,NaN,0
4,137,1,2,1,0,NaN,NaN,NaN,NaN,NaN,0,0,NaN,0
4,138,1,2,1,1,280,512,798,344,1142,0,-2,0.568015246,0
4,139,1,2,1,0,NaN,NaN,NaN,NaN,NaN,0,0,NaN,0
4,140,1,2,1,0,NaN,NaN,NaN,NaN,NaN,0,0,NaN,0
4,141,1,2,1,0,NaN,NaN,NaN,NaN,NaN,0,0,NaN,0
4,142,1,2,2,1,268,470,758,376,1134,0,-2,0.580561493,0
4,143,1,2,1,0,NaN,NaN,NaN,NaN,NaN,0,0,NaN,0
4,144,1,2,2,0,NaN,NaN,NaN,NaN,NaN,0,0,NaN,0
4,145,1,2,2,0,NaN,NaN,NaN,NaN,NaN,0,0,NaN,0
4,146,1,2,2,1,362,599,884,336,1220,0,-2,0.669606998,0
4,147,1,2,1,0,NaN,NaN,NaN,NaN,NaN,0,0,NaN,0
4,148,1,2,1,0,NaN,NaN,NaN,NaN,NaN,0,0,NaN,0
4,149,1,2,2,0,NaN,NaN,NaN,NaN,NaN,0,0,NaN,0
4,150,1,2,2,0,NaN,NaN,NaN,NaN,NaN,0,0,NaN,0
4,151,1,2,1,1,368,648,954,352,1306,0,-3,0.694367513,0
4,152,1,2,1,0,NaN,NaN,NaN,NaN,NaN,0,0,NaN,0
4,153,1,2,1,1,315,542,960,320,1280,0,0,0.60082532,0
4,154,1,2,1,1,527,732,1020,376,1396,0,1,0.655724936,0
4,155,1,2,1,0,NaN,NaN,NaN,NaN,NaN,0,0,NaN,0
4,156,1,2,2,0,NaN,NaN,NaN,NaN,NaN,0,0,NaN,0
4,157,1,2,1,0,NaN,NaN,NaN,NaN,NaN,0,0,NaN,0
4,158,1,2,2,0,NaN,NaN,NaN,NaN,NaN,0,0,NaN,0
4,159,1,2,2,0,NaN,NaN,NaN,NaN,NaN,0,0,NaN,0
4,160,1,2,1,0,NaN,NaN,NaN,NaN,NaN,0,0,NaN,0
4,161,1,2,1,0,NaN,NaN,NaN,NaN,NaN,0,0,NaN,0
4,162,1,2,2,0,NaN,NaN,NaN,NaN,NaN,0,0,NaN,0
4,163,1,2,1,1,344,637,988,320,1308,0,-7,0.657478285,0
4,164,1,2,2,0,NaN,NaN,NaN,NaN,NaN,0,0,NaN,0
4,165,1,2,1,0,NaN,NaN,NaN,NaN,NaN,0,0,NaN,0
4,166,1,2,1,1,342,554,942,296,1238,0,-1,0.596752499,0
4,167,1,2,2,0,NaN,NaN,NaN,NaN,NaN,0,0,NaN,0
4,168,1,2,2,0,NaN,NaN,NaN,NaN,NaN,0,0,NaN,0
4,169,1,2,2,0,NaN,NaN,NaN,NaN,NaN,0,0,NaN,0
4,170,1,2,1,0,NaN,NaN,NaN,NaN,NaN,0,0,NaN,0
4,171,1,2,2,0,NaN,NaN,NaN,NaN,NaN,0,0,NaN,0
4,172,1,2,1,0,NaN,NaN,NaN,NaN,NaN,0,0,NaN,0
4,173,1,2,2,0,NaN,NaN,NaN,NaN,NaN,0,0,NaN,0
4,174,1,2,1,0,NaN,NaN,NaN,NaN,NaN,0,0,NaN,0
4,175,1,2,2,0,NaN,NaN,NaN,NaN,NaN,0,0,NaN,0
4,176,1,2,1,1,484,801,1148,432,1580,0,-8,0.657551275,0
4,177,1,2,1,0,NaN,NaN,NaN,NaN,NaN,0,0,NaN,0
4,178,1,2,1,0,NaN,NaN,NaN,NaN,NaN,0,0,NaN,0
4,179,1,2,2,0,NaN,NaN,NaN,NaN,NaN,0,0,NaN,0
4,180,1,2,1,1,229,546,888,336,1224,0,-2,0.680028467,0
4,181,1,2,2,0,NaN,NaN,NaN,NaN,NaN,0,0,NaN,0
4,182,1,2,1,0,NaN,NaN,NaN,NaN,NaN,0,0,NaN,0
4,183,1,2,2,0,NaN,NaN,NaN,NaN,NaN,0,0,NaN,0
4,184,1,2,1,0,NaN,NaN,NaN,NaN,NaN,0,0,NaN,0
4,185,1,2,2,1,261,471,820,326,1146,0,-3,0.613387284,0
4,186,1,2,1,0,NaN,NaN,NaN,NaN,NaN,0,0,NaN,0
4,187,1,2,2,0,NaN,NaN,NaN,NaN,NaN,0,0,NaN,0
4,188,1,2,1,0,NaN,NaN,NaN,NaN,NaN,0,0,NaN,0
4,189,1,2,2,1,270,566,916,336,1252,0,-2,0.578997754,0
4,190,1,2,1,0,NaN,NaN,NaN,NaN,NaN,0,0,NaN,0
4,191,1,2,2,0,NaN,NaN,NaN,NaN,NaN,0,0,NaN,0
4,192,1,2,1,0,NaN,NaN,NaN,NaN,NaN,0,0,NaN,0
4,193,1,2,2,0,NaN,NaN,NaN,NaN,NaN,0,0,NaN,0
4,194,1,2,1,0,NaN,NaN,NaN,NaN,NaN,0,0,NaN,0
4,195,1,2,1,0,NaN,NaN,NaN,NaN,NaN,0,0,NaN,0
4,196,1,2,1,0,NaN,NaN,NaN,NaN,NaN,0,0,NaN,0
4,197,1,2,1,1,334,612,1054,344,1398,0,-6,0.599238324,0
4,198,1,2,1,1,503,676,1038,296,1334,0,1,0.645624399,0
4,199,1,2,1,0,NaN,NaN,NaN,NaN,NaN,0,0,NaN,0
4,200,1,2,1,0,NaN,NaN,NaN,NaN,NaN,0,0,NaN,0
4,201,1,2,1,1,301,651,908,272,1180,0,-1,0.663022124,0
4,202,1,2,1,1,353,540,842,296,1138,0,1,0.653929398,0
4,203,1,2,2,1,281,480,750,336,1086,0,2,0.617415439,0
4,204,1,2,1,1,171,323,506,360,866,0,3,0.418092179,0
4,205,1,2,1,0,NaN,NaN,NaN,NaN,NaN,0,0,NaN,0
4,206,1,2,1,0,NaN,NaN,NaN,NaN,NaN,0,0,NaN,0
4,207,1,2,1,1,204,439,706,320,1026,0,-1,0.590686405,0
4,208,1,2,2,0,NaN,NaN,NaN,NaN,NaN,0,0,NaN,0
4,209,1,2,2,0,NaN,NaN,NaN,NaN,NaN,0,0,NaN,0
4,210,1,2,2,0,NaN,NaN,NaN,NaN,NaN,0,0,NaN,0
4,211,1,2,2,0,NaN,NaN,NaN,NaN,NaN,0,0,NaN,0
4,212,1,2,2,0,NaN,NaN,NaN,NaN,NaN,0,0,NaN,0
4,213,1,2,1,0,NaN,NaN,NaN,NaN,NaN,0,0,NaN,0
4,214,1,2,2,1,257,561,874,230,1104,0,-5,0.614223398,0
4,215,1,2,2,0,NaN,NaN,NaN,NaN,NaN,0,0,NaN,0
4,216,1,2,1,1,314,622,916,384,1300,0,0,0.631553213,0
4,217,1,2,2,0,NaN,NaN,NaN,NaN,NaN,0,0,NaN,0
4,218,1,2,1,0,NaN,NaN,NaN,NaN,NaN,0,0,NaN,0
4,219,1,2,2,0,NaN,NaN,NaN,NaN,NaN,0,0,NaN,0
4,220,1,2,1,0,NaN,NaN,NaN,NaN,NaN,0,0,NaN,0
4,221,1,2,2,0,NaN,NaN,NaN,NaN,NaN,0,0,NaN,0
4,222,1,2,2,0,NaN,NaN,NaN,NaN,NaN,0,0,NaN,0
4,223,1,2,1,0,NaN,NaN,NaN,NaN,NaN,0,0,NaN,0
4,224,1,2,2,0,NaN,NaN,NaN,NaN,NaN,0,0,NaN,0
4,225,1,2,2,0,NaN,NaN,NaN,NaN,NaN,0,0,NaN,0
4,226,1,2,1,0,NaN,NaN,NaN,NaN,NaN,0,0,NaN,0
4,227,1,2,1,0,NaN,NaN,NaN,NaN,NaN,0,0,NaN,0
4,228,1,2,1,0,NaN,NaN,NaN,NaN,NaN,0,0,NaN,0
4,229,1,2,2,0,NaN,NaN,NaN,NaN,NaN,0,0,NaN,0
4,230,1,2,1,0,NaN,NaN,NaN,NaN,NaN,0,0,NaN,0
4,231,1,2,2,1,316,571,876,392,1268,0,-13,0.599339713,0
4,232,1,2,2,0,NaN,NaN,NaN,NaN,NaN,0,0,NaN,0
4,233,1,2,2,0,NaN,NaN,NaN,NaN,NaN,0,0,NaN,0
4,234,1,2,2,1,NaN,NaN,NaN,NaN,NaN,1,-1,NaN,1
4,235,1,2,2,0,NaN,NaN,NaN,NaN,NaN,0,0,NaN,0
4,236,1,2,1,0,NaN,NaN,NaN,NaN,NaN,0,0,NaN,0
4,237,1,2,1,1,260,463,746,408,1154,0,-1,0.615629475,0
4,238,1,2,2,0,NaN,NaN,NaN,NaN,NaN,0,0,NaN,0
4,239,1,2,2,1,300,461,726,214,940,0,0,0.6602372,0
4,240,1,2,2,0,NaN,NaN,NaN,NaN,NaN,0,0,NaN,0
5,1,1,2,2,0,NaN,NaN,NaN,NaN,NaN,0,0,NaN,0
5,2,1,2,1,0,NaN,NaN,NaN,NaN,NaN,0,0,NaN,0
5,3,1,2,2,0,NaN,NaN,NaN,NaN,NaN,0,0,NaN,0
5,4,1,2,2,0,NaN,NaN,NaN,NaN,NaN,0,0,NaN,0
5,5,1,2,1,1,403,627,954,264,1218,0,-3,0.725813194,0
5,6,1,2,2,1,224,587,994,360,1354,0,1,0.642072867,0
5,7,1,2,2,0,NaN,NaN,NaN,NaN,NaN,0,0,NaN,0
5,8,1,2,1,0,NaN,NaN,NaN,NaN,NaN,0,0,NaN,0
5,9,1,2,2,0,NaN,NaN,NaN,NaN,NaN,0,0,NaN,0
5,10,1,2,2,0,NaN,NaN,NaN,NaN,NaN,0,0,NaN,0
5,11,1,2,1,1,194,434,747,276,1023,0,-3,0.772268796,0
5,12,1,2,1,0,NaN,NaN,NaN,NaN,NaN,0,0,NaN,0
5,13,1,2,1,0,NaN,NaN,NaN,NaN,NaN,0,0,NaN,0
5,14,1,2,1,0,NaN,NaN,NaN,NaN,NaN,0,0,NaN,0
5,15,1,2,2,0,NaN,NaN,NaN,NaN,NaN,0,0,NaN,0
5,16,1,2,1,0,NaN,NaN,NaN,NaN,NaN,0,0,NaN,0
5,17,1,2,1,0,NaN,NaN,NaN,NaN,NaN,0,0,NaN,0
5,18,1,2,1,0,NaN,NaN,NaN,NaN,NaN,0,0,NaN,0
5,19,1,2,2,1,216,485,860,368,1228,0,-6,0.657286972,0
5,20,1,2,2,1,268,554,878,344,1222,0,1,0.666914121,0
5,21,1,2,2,0,NaN,NaN,NaN,NaN,NaN,0,0,NaN,0
5,22,1,2,1,1,196,445,706,328,1034,0,0,0.710493813,0
5,23,1,2,2,0,NaN,NaN,NaN,NaN,NaN,0,0,NaN,0
5,24,1,2,1,0,NaN,NaN,NaN,NaN,NaN,0,0,NaN,0
5,25,1,2,1,0,NaN,NaN,NaN,NaN,NaN,0,0,NaN,0
5,26,1,2,2,0,NaN,NaN,NaN,NaN,NaN,0,0,NaN,0
5,27,1,2,1,0,NaN,NaN,NaN,NaN,NaN,0,0,NaN,0
5,28,1,2,2,0,NaN,NaN,NaN,NaN,NaN,0,0,NaN,0
5,29,1,2,1,0,NaN,NaN,NaN,NaN,NaN,0,0,NaN,0
5,30,1,2,2,0,NaN,NaN,NaN,NaN,NaN,0,0,NaN,0
5,31,1,2,2,0,NaN,NaN,NaN,NaN,NaN,0,0,NaN,0
5,32,1,2,2,1,231,459,746,360,1106,0,-8,0.691571283,0
5,33,1,2,2,0,NaN,NaN,NaN,NaN,NaN,0,0,NaN,0
5,34,1,2,1,0,NaN,NaN,NaN,NaN,NaN,0,0,NaN,0
5,35,1,2,1,0,NaN,NaN,NaN,NaN,NaN,0,0,NaN,0
5,36,1,2,1,1,247,497,768,296,1064,0,-2,0.717699962,0
5,37,1,2,1,0,NaN,NaN,NaN,NaN,NaN,0,0,NaN,0
5,38,1,2,1,0,NaN,NaN,NaN,NaN,NaN,0,0,NaN,0
5,39,1,2,2,0,NaN,NaN,NaN,NaN,NaN,0,0,NaN,0
5,40,1,2,2,0,NaN,NaN,NaN,NaN,NaN,0,0,NaN,0
5,41,1,2,1,0,NaN,NaN,NaN,NaN,NaN,0,0,NaN,0
5,42,1,2,2,0,NaN,NaN,NaN,NaN,NaN,0,0,NaN,0
5,43,1,2,2,0,NaN,NaN,NaN,NaN,NaN,0,0,NaN,0
5,44,1,2,2,0,NaN,NaN,NaN,NaN,NaN,0,0,NaN,0
5,45,1,2,1,1,255,512,784,376,1160,0,-7,0.721428875,0
5,46,1,2,1,1,349,556,814,312,1126,0,1,0.720687576,0
5,47,1,2,2,1,287,505,832,264,1096,0,2,0.723384484,0
5,48,1,2,1,0,NaN,NaN,NaN,NaN,NaN,0,0,NaN,0
5,49,1,2,1,1,212,445,716,296,1012,0,0,0.740338656,0
5,50,1,2,2,1,280,564,916,288,1204,0,1,0.693487359,0
5,51,1,2,2,0,NaN,NaN,NaN,NaN,NaN,0,0,NaN,0
5,52,1,2,1,0,NaN,NaN,NaN,NaN,NaN,0,0,NaN,0
5,53,1,2,2,0,NaN,NaN,NaN,NaN,NaN,0,0,NaN,0
5,54,1,2,1,0,NaN,NaN,NaN,NaN,NaN,0,0,NaN,0
5,55,1,2,1,0,NaN,NaN,NaN,NaN,NaN,0,0,NaN,0
5,56,1,2,1,1,260,509,809,263,1072,0,-4,0.73907629,0
5,57,1,2,2,1,288,500,802,296,1098,0,1,0.739536612,0
5,58,1,2,2,0,NaN,NaN,NaN,NaN,NaN,0,0,NaN,0
5,59,1,2,1,0,NaN,NaN,NaN,NaN,NaN,0,0,NaN,0
5,60,1,2,2,0,NaN,NaN,NaN,NaN,NaN,0,0,NaN,0
5,61,1,2,2,0,NaN,NaN,NaN,NaN,NaN,0,0,NaN,0
5,62,1,2,2,0,NaN,NaN,NaN,NaN,NaN,0,0,NaN,0
5,63,1,2,2,0,NaN,NaN,NaN,NaN,NaN,0,0,NaN,0
5,64,1,2,1,1,291,541,854,336,1190,0,-5,0.757094158,0
5,65,1,2,2,1,368,623,908,328,1236,0,1,0.739016465,0
5,66,1,2,2,0,NaN,NaN,NaN,NaN,NaN,0,0,NaN,0
5,67,1,2,2,0,NaN,NaN,NaN,NaN,NaN,0,0,NaN,0
5,68,1,2,1,0,NaN,NaN,NaN,NaN,NaN,0,0,NaN,0
5,69,1,2,1,0,NaN,NaN,NaN,NaN,NaN,0,0,NaN,0
5,70,1,2,1,0,NaN,NaN,NaN,NaN,NaN,0,0,NaN,0
5,71,1,2,1,0,NaN,NaN,NaN,NaN,NaN,0,0,NaN,0
5,72,1,2,1,0,NaN,NaN,NaN,NaN,NaN,0,0,NaN,0
5,73,1,2,2,0,NaN,NaN,NaN,NaN,NaN,0,0,NaN,0
5,74,1,2,2,0,NaN,NaN,NaN,NaN,NaN,0,0,NaN,0
5,75,1,2,2,1,239,468,756,416,1172,0,-8,0.736185331,0
5,76,1,2,1,0,NaN,NaN,NaN,NaN,NaN,0,0,NaN,0
5,77,1,2,2,0,NaN,NaN,NaN,NaN,NaN,0,0,NaN,0
5,78,1,2,1,1,214,460,722,312,1034,0,-1,0.701010007,0
5,79,1,2,1,0,NaN,NaN,NaN,NaN,NaN,0,0,NaN,0
5,80,1,2,1,0,NaN,NaN,NaN,NaN,NaN,0,0,NaN,0
5,81,1,2,1,0,NaN,NaN,NaN,NaN,NaN,0,0,NaN,0
5,82,1,2,2,1,376,599,896,280,1176,0,-2,0.74948554,0
5,83,1,2,1,0,NaN,NaN,NaN,NaN,NaN,0,0,NaN,0
5,84,1,2,2,0,NaN,NaN,NaN,NaN,NaN,0,0,NaN,0
5,85,1,2,1,1,276,537,860,320,1180,0,-1,0.72163948,0
5,86,1,2,1,0,NaN,NaN,NaN,NaN,NaN,0,0,NaN,0
5,87,1,2,2,0,NaN,NaN,NaN,NaN,NaN,0,0,NaN,0
5,88,1,2,2,0,NaN,NaN,NaN,NaN,NaN,0,0,NaN,0
5,89,1,2,1,0,NaN,NaN,NaN,NaN,NaN,0,0,NaN,0
5,90,1,2,1,0,NaN,NaN,NaN,NaN,NaN,0,0,NaN,0
5,91,1,2,1,0,NaN,NaN,NaN,NaN,NaN,0,0,NaN,0
5,92,1,2,2,0,NaN,NaN,NaN,NaN,NaN,0,0,NaN,0
5,93,1,2,1,0,NaN,NaN,NaN,NaN,NaN,0,0,NaN,0
5,94,1,2,2,1,240,431,720,336,1056,0,-7,0.746101,0
5,95,1,2,2,0,NaN,NaN,NaN,NaN,NaN,0,0,NaN,0
5,96,1,2,2,0,NaN,NaN,NaN,NaN,NaN,0,0,NaN,0
5,97,1,2,1,1,290,510,768,320,1088,0,-1,0.693011018,0
5,98,1,2,2,1,255,569,820,320,1140,0,1,0.747983216,0
5,99,1,2,1,0,NaN,NaN,NaN,NaN,NaN,0,0,NaN,0
5,100,1,2,2,1,218,461,667,243,910,0,0,0.310728344,0
5,101,1,2,1,1,166,406,590,384,974,0,1,0.738827852,0
5,102,1,2,2,0,NaN,NaN,NaN,NaN,NaN,0,0,NaN,0
5,103,1,2,1,0,NaN,NaN,NaN,NaN,NaN,0,0,NaN,0
5,104,1,2,1,0,NaN,NaN,NaN,NaN,NaN,0,0,NaN,0
5,105,1,2,1,1,204,414,658,368,1026,0,-2,0.710293316,0
5,106,1,2,1,1,193,462,662,464,1126,0,1,0.690144419,0
5,107,1,2,2,0,NaN,NaN,NaN,NaN,NaN,0,0,NaN,0
5,108,1,2,1,0,NaN,NaN,NaN,NaN,NaN,0,0,NaN,0
5,109,1,2,2,0,NaN,NaN,NaN,NaN,NaN,0,0,NaN,0
5,110,1,2,2,0,NaN,NaN,NaN,NaN,NaN,0,0,NaN,0
5,111,1,2,2,0,NaN,NaN,NaN,NaN,NaN,0,0,NaN,0
5,112,1,2,2,0,NaN,NaN,NaN,NaN,NaN,0,0,NaN,0
5,113,1,2,2,1,202,476,760,432,1192,0,-5,0.715125644,0
5,114,1,2,1,1,252,510,692,512,1204,0,1,0.694806949,0
5,115,1,2,1,0,NaN,NaN,NaN,NaN,NaN,0,0,NaN,0
5,116,1,2,2,0,NaN,NaN,NaN,NaN,NaN,0,0,NaN,0
5,117,1,2,1,0,NaN,NaN,NaN,NaN,NaN,0,0,NaN,0
5,118,1,2,1,0,NaN,NaN,NaN,NaN,NaN,0,0,NaN,0
5,119,1,2,2,0,NaN,NaN,NaN,NaN,NaN,0,0,NaN,0
5,120,1,2,2,0,NaN,NaN,NaN,NaN,NaN,0,0,NaN,0
5,121,1,1,2,1,225,410,640,336,976,0,-5,0.697474468,0
5,122,1,1,2,1,170,374,640,360,1000,0,1,0.736636133,0
5,123,1,1,2,1,233,460,732,288,1020,0,2,0.734935125,0
5,124,1,1,2,1,253,487,734,328,1062,0,3,0.768858513,0
5,125,1,1,2,0,NaN,NaN,NaN,NaN,NaN,0,0,NaN,0
5,126,1,1,1,1,233,409,670,352,1022,0,0,0.723390796,0
5,127,1,1,1,0,NaN,NaN,NaN,NaN,NaN,0,0,NaN,0
5,128,1,1,2,1,167,383,638,320,958,0,0,0.678275153,0
5,129,1,1,2,0,NaN,NaN,NaN,NaN,NaN,0,0,NaN,0
5,130,1,1,2,0,NaN,NaN,NaN,NaN,NaN,0,0,NaN,0
5,131,1,1,1,1,187,361,598,384,982,0,-1,0.592462833,0
5,132,1,1,2,0,NaN,NaN,NaN,NaN,NaN,0,0,NaN,0
5,133,1,1,1,1,191,459,706,352,1058,0,0,0.696793285,0
5,134,1,1,1,0,NaN,NaN,NaN,NaN,NaN,0,0,NaN,0
5,135,1,1,2,1,232,401,670,320,990,0,0,0.609624116,0
5,136,1,1,1,0,NaN,NaN,NaN,NaN,NaN,0,0,NaN,0
5,137,1,1,2,0,NaN,NaN,NaN,NaN,NaN,0,0,NaN,0
5,138,1,1,1,1,206,431,652,328,980,0,-1,0.691288407,0
5,139,1,1,2,1,244,522,754,296,1050,0,1,0.69443711,0
5,140,1,1,1,1,197,434,602,368,970,0,2,0.734697892,0
5,141,1,1,1,1,187,405,560,360,920,0,3,0.716718985,0
5,142,1,1,2,1,267,556,748,320,1068,0,4,0.704986549,0
5,143,1,1,1,1,216,395,550,392,942,0,5,0.693894597,0
5,144,1,1,1,1,296,517,729,297,1026,0,6,0.704260373,0
5,145,1,1,2,1,205,465,630,352,982,0,7,0.693463552,0
5,146,1,1,1,1,200,381,617,251,868,0,8,0.627011486,0
5,147,1,1,1,1,184,395,643,271,914,0,9,0.736529371,0
5,148,1,1,1,1,193,391,584,448,1032,0,10,0.735257551,0
5,149,1,1,1,0,NaN,NaN,NaN,NaN,NaN,0,0,NaN,0
5,150,1,1,2,1,156,410,572,408,980,0,0,0.646548746,0
5,151,1,1,1,1,65,374,618,331,949,0,1,0.696625963,0
5,152,1,1,1,0,NaN,NaN,NaN,NaN,NaN,0,0,NaN,0
5,153,1,1,1,0,NaN,NaN,NaN,NaN,NaN,0,0,NaN,0
5,154,1,1,1,0,NaN,NaN,NaN,NaN,NaN,0,0,NaN,0
5,155,1,1,2,1,219,428,678,280,958,0,-2,0.702083662,0
5,156,1,1,1,1,234,467,706,312,1018,0,1,0.729743368,0
5,157,1,1,2,1,202,446,710,296,1006,0,2,0.665681479,0
5,158,1,1,1,1,186,398,606,360,966,0,3,0.666450786,0
5,159,1,1,2,1,190,359,686,344,1030,0,4,0.483545446,0
5,160,1,1,1,1,229,396,642,416,1058,0,5,0.581411446,0
5,161,1,1,2,0,NaN,NaN,NaN,NaN,NaN,0,0,NaN,0
5,162,1,1,1,1,222,420,702,416,1118,0,0,0.734977349,0
5,163,1,1,2,1,203,405,692,288,980,0,1,0.750692212,0
5,164,1,1,2,1,167,370,642,336,978,0,2,0.782364651,0
5,165,1,1,2,1,228,484,788,336,1124,0,3,0.769041686,0
5,166,1,1,1,1,183,376,636,360,996,0,4,0.677809245,0
5,167,1,1,2,1,231,418,724,424,1148,0,5,0.584415351,0
5,168,1,1,2,1,208,447,712,384,1096,0,6,0.654260534,0
5,169,1,1,1,0,NaN,NaN,NaN,NaN,NaN,0,0,NaN,0
5,170,1,1,1,1,258,436,596,336,932,0,0,0.577528166,0
5,171,1,1,1,1,205,391,624,400,1024,0,1,0.633975767,0
5,172,1,1,2,1,190,441,736,360,1096,0,2,0.656638538,0
5,173,1,1,1,1,260,454,696,360,1056,0,3,0.695947829,0
5,174,1,1,2,0,NaN,NaN,NaN,NaN,NaN,0,0,NaN,0
5,175,1,1,2,1,215,424,670,416,1086,0,0,0.660303925,0
5,176,1,1,1,1,206,464,708,408,1116,0,1,0.730297695,0
5,177,1,1,2,1,236,445,748,480,1228,0,2,0.575497183,0
5,178,1,1,1,1,218,430,668,488,1156,0,3,0.694979226,0
5,179,1,1,2,1,183,470,702,448,1150,0,4,0.672230932,0
5,180,1,1,2,1,257,463,776,520,1296,0,5,0.651882155,0
5,181,1,1,1,1,155,376,634,368,1002,0,6,0.73280309,0
5,182,1,1,1,1,179,378,640,376,1016,0,7,0.715100005,0
5,183,1,1,1,1,150,462,730,392,1122,0,8,0.746650555,0
5,184,1,1,2,1,150,409,758,360,1118,0,9,0.677811377,0
5,185,1,1,2,1,157,390,700,384,1084,0,10,0.699447537,0
5,186,1,1,2,1,164,320,524,384,908,0,11,0.366103395,0
5,187,1,1,2,1,251,487,776,336,1112,0,12,0.690799056,0
5,188,1,1,2,1,139,378,664,400,1064,0,13,0.650744958,0
5,189,1,1,2,1,247,420,662,392,1054,0,14,0.654418645,0
5,190,1,1,2,0,NaN,NaN,NaN,NaN,NaN,0,0,NaN,0
5,191,1,1,1,1,NaN,NaN,496,368,864,0,0,NaN,1
5,192,1,1,2,0,NaN,NaN,NaN,NaN,NaN,0,0,NaN,0
5,193,1,1,2,1,218,454,858,440,1298,0,0,0.616722507,0
5,194,1,1,1,1,195,408,660,424,1084,0,1,0.706692864,0
5,195,1,1,2,1,269,461,784,328,1112,0,2,0.591035077,0
5,196,1,1,1,1,165,389,700,336,1036,0,3,0.690806032,0
5,197,1,1,1,1,206,483,736,368,1104,0,4,0.630447197,0
5,198,1,1,1,0,NaN,NaN,NaN,NaN,NaN,0,0,NaN,0
5,199,1,1,2,1,186,401,740,344,1084,0,0,0.696558684,0
5,200,1,1,1,0,NaN,NaN,NaN,NaN,NaN,0,0,NaN,0
5,201,1,1,2,1,150,360,642,344,986,0,0,0.756300628,0
5,202,1,1,2,0,NaN,NaN,NaN,NaN,NaN,0,0,NaN,0
5,203,1,1,2,1,175,400,670,360,1030,0,0,0.713284112,0
5,204,1,1,1,1,206,396,584,408,992,0,1,0.600464836,0
5,205,1,1,1,1,162,302,560,336,896,0,2,0.373939214,0
5,206,1,1,2,0,NaN,NaN,NaN,NaN,NaN,0,0,NaN,0
5,207,1,1,2,0,NaN,NaN,NaN,NaN,NaN,0,0,NaN,0
5,208,1,1,1,1,259,545,846,320,1166,0,-1,0.749854013,0
5,209,1,1,2,1,199,400,716,400,1116,0,1,0.706998373,0
5,210,1,1,2,1,294,534,822,352,1174,0,2,0.661151267,0
5,211,1,1,2,1,234,477,790,392,1182,0,3,0.709583246,0
5,212,1,1,1,1,144,347,648,330,978,0,4,0.642567398,0
5,213,1,1,2,1,190,417,686,344,1030,0,5,0.613276167,0
5,214,1,1,1,1,224,405,734,328,1062,0,6,0.753516024,0
5,215,1,1,1,1,245,451,740,312,1052,0,7,0.696056631,0
5,216,1,1,2,1,215,469,732,464,1196,0,8,0.642669129,0
5,217,1,1,2,1,223,466,822,408,1230,0,9,0.656645077,0
5,218,1,1,1,0,NaN,NaN,NaN,NaN,NaN,0,0,NaN,0
5,219,1,1,2,1,258,537,804,360,1164,0,0,0.696218812,0
5,220,1,1,1,1,274,504,748,328,1076,0,1,0.676383924,0
5,221,1,1,2,1,162,371,690,336,1026,0,2,0.756125273,0
5,222,1,1,2,0,NaN,NaN,NaN,NaN,NaN,0,0,NaN,0
5,223,1,1,2,1,229,453,646,408,1054,0,0,0.723788935,0
5,224,1,1,2,1,315,489,752,336,1088,0,1,0.716732926,0
5,225,1,1,1,1,351,589,872,368,1240,0,2,0.711138755,0
5,226,1,1,1,1,209,423,718,376,1094,0,3,0.753616566,0
5,227,1,1,1,0,NaN,NaN,NaN,NaN,NaN,0,0,NaN,0
5,228,1,1,1,0,NaN,NaN,NaN,NaN,NaN,0,0,NaN,0
5,229,1,1,1,1,176,364,568,384,952,0,-1,0.613086875,0
5,230,1,1,1,1,208,448,764,360,1124,0,1,0.702716471,0
5,231,1,1,2,1,207,404,716,384,1100,0,2,0.678752493,0
5,232,1,1,2,1,191,451,806,336,1142,0,3,0.693081017,0
5,233,1,1,1,1,181,380,636,300,936,0,4,0.706151445,0
5,234,1,1,1,1,180,465,726,320,1046,0,5,0.717203209,0
5,235,1,1,1,0,NaN,NaN,NaN,NaN,NaN,0,0,NaN,0
5,236,1,1,1,1,272,509,744,320,1064,0,0,0.703921007,0
5,237,1,1,1,0,NaN,NaN,NaN,NaN,NaN,0,0,NaN,0
5,238,1,1,2,0,NaN,NaN,NaN,NaN,NaN,0,0,NaN,0
5,239,1,1,1,1,192,456,764,504,1268,0,-1,0.648384974,0
5,240,1,1,1,0,NaN,NaN,NaN,NaN,NaN,0,0,NaN,0
6,1,1,1,1,0,NaN,NaN,NaN,NaN,NaN,0,0,NaN,0
6,2,1,1,1,1,262,484,828,440,1268,0,0,0.678408354,0
6,3,1,1,1,0,NaN,NaN,NaN,NaN,NaN,0,0,NaN,0
6,4,1,1,1,1,213,462,794,424,1218,0,0,0.642172034,0
6,5,1,1,2,1,322,591,1004,400,1404,0,1,0.647447695,0
6,6,1,1,2,1,367,625,952,416,1368,0,2,0.698824214,0
6,7,1,1,1,1,183,473,763,448,1211,0,3,0.603460386,0
6,8,1,1,2,1,288,550,872,440,1312,0,4,0.701758351,0
6,9,1,1,2,1,295,593,922,360,1282,0,5,0.676590031,0
6,10,1,1,1,1,318,568,888,432,1320,0,6,0.644746517,0
6,11,1,1,1,0,NaN,NaN,NaN,NaN,NaN,0,0,NaN,0
6,12,1,1,2,1,213,442,782,376,1158,0,0,0.714989368,0
6,13,1,1,2,1,172,390,712,416,1128,0,1,0.685247109,0
6,14,1,1,1,1,319,565,872,376,1248,0,2,0.639986946,0
6,15,1,1,2,1,247,464,834,496,1330,0,3,0.727946293,0
6,16,1,1,1,0,NaN,NaN,NaN,NaN,NaN,0,0,NaN,0
6,17,1,1,1,1,394,617,920,344,1264,0,0,0.599553682,0
6,18,1,1,1,1,198,524,816,448,1264,0,1,0.63345256,0
6,19,1,1,2,1,NaN,NaN,746,392,1138,0,2,NaN,1
6,20,1,1,2,1,207,408,1020,400,1420,0,3,0.555628902,0
6,21,1,1,2,1,187,448,766,352,1118,0,4,0.675816084,0
6,22,1,1,1,1,256,506,830,384,1214,0,5,0.655906478,0
6,23,1,1,2,1,345,546,874,424,1298,0,6,0.699685436,0
6,24,1,1,1,1,209,408,794,376,1170,0,7,0.498966913,0
6,25,1,1,2,1,229,431,816,456,1272,0,8,0.676449575,0
6,26,1,1,1,1,274,524,854,464,1318,0,9,0.672913424,0
6,27,1,1,1,1,234,497,812,336,1148,0,10,0.596308049,0
6,28,1,1,2,1,423,667,986,320,1306,0,11,0.716524041,0
6,29,1,1,1,1,227,471,766,416,1182,0,12,0.64902966,0
6,30,1,1,2,1,517,684,1048,352,1400,0,13,0.629236916,0
6,31,1,1,2,1,181,479,782,432,1214,0,14,0.745947638,0
6,32,1,1,1,1,219,434,684,424,1108,0,15,0.527861203,0
6,33,1,1,1,1,210,446,772,400,1172,0,16,0.578163079,0
6,34,1,1,1,0,NaN,NaN,NaN,NaN,NaN,0,0,NaN,0
6,35,1,1,2,1,182,496,771,369,1140,0,0,0.61967776,0
6,36,1,1,2,1,221,455,856,352,1208,0,1,0.692157976,0
6,37,1,1,1,1,280,499,810,424,1234,0,2,0.575284713,0
6,38,1,1,2,0,NaN,NaN,NaN,NaN,NaN,0,0,NaN,0
6,39,1,1,1,0,NaN,NaN,NaN,NaN,NaN,0,0,NaN,0
6,40,1,1,1,1,396,562,956,344,1300,0,-1,0.583662299,0
6,41,1,1,2,0,NaN,NaN,NaN,NaN,NaN,0,0,NaN,0
6,42,1,1,2,0,NaN,NaN,NaN,NaN,NaN,0,0,NaN,0
6,43,1,1,1,1,385,665,964,424,1388,0,-1,0.649612615,0
6,44,1,1,1,0,NaN,NaN,NaN,NaN,NaN,0,0,NaN,0
6,45,1,1,1,1,264,509,826,368,1194,0,0,0.598422884,0
6,46,1,1,2,0,NaN,NaN,NaN,NaN,NaN,0,0,NaN,0
6,47,1,1,1,1,218,517,837,376,1213,0,0,0.613408853,0
6,48,1,1,1,1,462,638,994,408,1402,0,1,0.574750435,0
6,49,1,1,2,1,218,471,834,440,1274,0,2,0.656023028,0
6,50,1,1,2,0,NaN,NaN,NaN,NaN,NaN,0,0,NaN,0
6,51,1,1,2,1,242,514,894,360,1254,0,0,0.696140781,0
6,52,1,1,2,1,230,465,856,384,1240,0,1,0.624322799,0
6,53,1,1,2,0,NaN,NaN,NaN,NaN,NaN,0,0,NaN,0
6,54,1,1,2,1,165,453,766,360,1126,0,0,0.663696101,0
6,55,1,1,2,1,274,527,902,320,1222,0,1,0.747105922,0
6,56,1,1,1,1,248,514,830,464,1294,0,2,0.665187336,0
6,57,1,1,2,1,187,452,812,408,1220,0,3,0.705101554,0
6,58,1,1,2,0,NaN,NaN,NaN,NaN,NaN,0,0,NaN,0
6,59,1,1,1,1,200,394,694,464,1158,0,0,0.574002453,0
6,60,1,1,1,0,NaN,NaN,NaN,NaN,NaN,0,0,NaN,0
6,61,1,1,1,1,144,433,702,311,1013,0,0,0.652127175,0
6,62,1,1,1,0,NaN,NaN,NaN,NaN,NaN,0,0,NaN,0
6,63,1,1,1,1,225,437,730,336,1066,0,0,0.659684217,0
6,64,1,1,1,0,NaN,NaN,NaN,NaN,NaN,0,0,NaN,0
6,65,1,1,2,1,292,562,994,368,1362,0,0,0.686475661,0
6,66,1,1,2,1,472,700,1026,368,1394,0,1,0.695266677,0
6,67,1,1,1,1,281,560,916,448,1364,0,2,0.643331021,0
6,68,1,1,2,1,274,515,798,472,1270,0,3,0.526222061,0
6,69,1,1,1,0,NaN,NaN,NaN,NaN,NaN,0,0,NaN,0
6,70,1,1,2,1,244,573,954,344,1298,0,0,0.640981749,0
6,71,1,1,1,1,240,483,832,464,1296,0,1,0.620183409,0
6,72,1,1,1,1,223,481,802,328,1130,0,2,0.650210906,0
6,73,1,1,1,1,198,469,798,400,1198,0,3,0.564933138,0
6,74,1,1,2,1,166,439,794,440,1234,0,4,0.692831971,0
6,75,1,1,1,1,159,407,722,368,1090,0,5,0.664062524,0
6,76,1,1,2,0,NaN,NaN,NaN,NaN,NaN,0,0,NaN,0
6,77,1,1,1,1,237,468,784,312,1096,0,0,0.668156313,0
6,78,1,1,2,1,247,503,860,384,1244,0,1,0.690391374,0
6,79,1,1,1,1,150,470,766,400,1166,0,2,0.662273832,0
6,80,1,1,2,0,NaN,NaN,NaN,NaN,NaN,0,0,NaN,0
6,81,1,1,2,1,251,504,874,432,1306,0,0,0.708685972,0
6,82,1,1,1,1,216,439,744,424,1168,0,1,0.581282821,0
6,83,1,1,2,1,310,590,900,352,1252,0,2,0.719747195,0
6,84,1,1,2,0,NaN,NaN,NaN,NaN,NaN,0,0,NaN,0
6,85,1,1,2,1,244,446,810,384,1194,0,0,0.697787203,0
6,86,1,1,2,1,645,1020,1290,320,1610,0,1,0.642312522,0
6,87,1,1,2,1,311,578,890,368,1258,0,2,0.651022256,0
6,88,1,1,1,1,129,439,738,427,1165,0,3,0.731182194,0
6,89,1,1,1,1,211,454,748,328,1076,0,4,0.488582633,0
6,90,1,1,2,0,NaN,NaN,NaN,NaN,NaN,0,0,NaN,0
6,91,1,1,2,1,522,869,1198,328,1526,0,0,0.702202786,0
6,92,1,1,1,0,NaN,NaN,NaN,NaN,NaN,0,0,NaN,0
6,93,1,1,2,0,NaN,NaN,NaN,NaN,NaN,0,0,NaN,0
6,94,1,1,1,1,322,595,908,360,1268,0,-1,0.683521016,0
6,95,1,1,1,1,215,472,792,360,1152,0,1,0.682702522,0
6,96,1,1,1,0,NaN,NaN,NaN,NaN,NaN,0,0,NaN,0
6,97,1,1,1,0,NaN,NaN,NaN,NaN,NaN,0,0,NaN,0
6,98,1,1,2,1,204,464,814,464,1278,0,-1,0.636297848,0
6,99,1,1,2,0,NaN,NaN,NaN,NaN,NaN,0,0,NaN,0
6,100,1,1,1,1,NaN,NaN,946,360,1306,0,0,NaN,1
6,101,1,1,2,1,203,484,840,416,1256,0,1,0.708306269,0
6,102,1,1,2,1,239,406,662,336,998,0,2,0.577031263,0
6,103,1,1,1,1,245,467,778,424,1202,0,3,0.732634248,0
6,104,1,1,2,1,150,349,646,309,955,0,4,0.43180126,0
6,105,1,1,1,1,160,299,584,452,1036,0,5,0.229087059,0
6,106,1,1,2,1,159,314,732,376,1108,0,6,0.48657061,0
6,107,1,1,2,1,230,473,780,368,1148,0,7,0.644826281,0
6,108,1,1,1,1,134,321,658,390,1048,0,8,0.415545106,0
6,109,1,1,2,0,NaN,NaN,NaN,NaN,NaN,0,0,NaN,0
6,110,1,1,1,1,217,506,802,376,1178,0,0,0.641044615,0
6,111,1,1,1,1,322,584,874,328,1202,0,1,0.672240371,0
6,112,1,1,1,1,201,488,766,312,1078,0,2,0.628669389,0
6,113,1,1,2,1,240,481,926,384,1310,0,3,0.784931461,0
6,114,1,1,2,1,344,573,850,336,1186,0,4,0.700809512,0
6,115,1,1,1,0,NaN,NaN,NaN,NaN,NaN,0,0,NaN,0
6,116,1,1,1,1,230,458,782,296,1078,0,0,0.58084475,0
6,117,1,1,2,1,231,493,804,305,1109,0,1,0.515012688,0
6,118,1,1,2,1,208,506,794,416,1210,0,2,0.629978194,0
6,119,1,1,2,1,219,471,778,360,1138,0,3,0.60654291,0
6,120,1,1,1,0,NaN,NaN,NaN,NaN,NaN,0,0,NaN,0
6,121,1,2,2,0,NaN,NaN,NaN,NaN,NaN,0,0,NaN,0
6,122,1,2,2,0,NaN,NaN,NaN,NaN,NaN,0,0,NaN,0
6,123,1,2,2,0,NaN,NaN,NaN,NaN,NaN,0,0,NaN,0
6,124,1,2,2,0,NaN,NaN,NaN,NaN,NaN,0,0,NaN,0
6,125,1,2,1,0,NaN,NaN,NaN,NaN,NaN,0,0,NaN,0
6,126,1,2,1,1,447,643,1098,352,1450,0,-5,0.628665957,0
6,127,1,2,2,0,NaN,NaN,NaN,NaN,NaN,0,0,NaN,0
6,128,1,2,1,0,NaN,NaN,NaN,NaN,NaN,0,0,NaN,0
6,129,1,2,1,1,453,728,1004,410,1414,0,-1,0.738773514,0
6,130,1,2,1,0,NaN,NaN,NaN,NaN,NaN,0,0,NaN,0
6,131,1,2,1,1,245,494,836,376,1212,0,0,0.670233818,0
6,132,1,2,2,1,218,505,778,424,1202,0,1,0.618218843,0
6,133,1,2,1,0,NaN,NaN,NaN,NaN,NaN,0,0,NaN,0
6,134,1,2,2,0,NaN,NaN,NaN,NaN,NaN,0,0,NaN,0
6,135,1,2,2,0,NaN,NaN,NaN,NaN,NaN,0,0,NaN,0
6,136,1,2,2,1,162,463,852,368,1220,0,-2,0.73314883,0
6,137,1,2,2,1,260,443,770,392,1162,0,1,0.570598959,0
6,138,1,2,1,0,NaN,NaN,NaN,NaN,NaN,0,0,NaN,0
6,139,1,2,2,0,NaN,NaN,NaN,NaN,NaN,0,0,NaN,0
6,140,1,2,2,1,313,632,960,328,1288,0,-1,0.676834249,0
6,141,1,2,1,0,NaN,NaN,NaN,NaN,NaN,0,0,NaN,0
6,142,1,2,1,0,NaN,NaN,NaN,NaN,NaN,0,0,NaN,0
6,143,1,2,1,1,228,466,768,408,1176,0,-1,0.633453708,0
6,144,1,2,2,1,164,459,792,416,1208,0,1,0.701336222,0
6,145,1,2,2,1,223,452,774,368,1142,0,2,0.617981256,0
6,146,1,2,1,0,NaN,NaN,NaN,NaN,NaN,0,0,NaN,0
6,147,1,2,2,0,NaN,NaN,NaN,NaN,NaN,0,0,NaN,0
6,148,1,2,1,0,NaN,NaN,NaN,NaN,NaN,0,0,NaN,0
6,149,1,2,2,0,NaN,NaN,NaN,NaN,NaN,0,0,NaN,0
6,150,1,2,2,1,235,552,934,360,1294,0,-3,0.662519423,0
6,151,1,2,1,1,357,603,912,376,1288,0,1,0.713261965,0
6,152,1,2,2,0,NaN,NaN,NaN,NaN,NaN,0,0,NaN,0
6,153,1,2,1,0,NaN,NaN,NaN,NaN,NaN,0,0,NaN,0
6,154,1,2,1,0,NaN,NaN,NaN,NaN,NaN,0,0,NaN,0
6,155,1,2,2,0,NaN,NaN,NaN,NaN,NaN,0,0,NaN,0
6,156,1,2,2,0,NaN,NaN,NaN,NaN,NaN,0,0,NaN,0
6,157,1,2,2,0,NaN,NaN,NaN,NaN,NaN,0,0,NaN,0
6,158,1,2,1,0,NaN,NaN,NaN,NaN,NaN,0,0,NaN,0
6,159,1,2,2,0,NaN,NaN,NaN,NaN,NaN,0,0,NaN,0
6,160,1,2,2,0,NaN,NaN,NaN,NaN,NaN,0,0,NaN,0
6,161,1,2,1,1,1165,1418,1690,432,2122,0,-8,0.692201117,0
6,162,1,2,1,0,NaN,NaN,NaN,NaN,NaN,0,0,NaN,0
6,163,1,2,1,0,NaN,NaN,NaN,NaN,NaN,0,0,NaN,0
6,164,1,2,2,0,NaN,NaN,NaN,NaN,NaN,0,0,NaN,0
6,165,1,2,2,0,NaN,NaN,NaN,NaN,NaN,0,0,NaN,0
6,166,1,2,2,0,NaN,NaN,NaN,NaN,NaN,0,0,NaN,0
6,167,1,2,1,0,NaN,NaN,NaN,NaN,NaN,0,0,NaN,0
6,168,1,2,1,0,NaN,NaN,NaN,NaN,NaN,0,0,NaN,0
6,169,1,2,1,0,NaN,NaN,NaN,NaN,NaN,0,0,NaN,0
6,170,1,2,1,0,NaN,NaN,NaN,NaN,NaN,0,0,NaN,0
6,171,1,2,1,0,NaN,NaN,NaN,NaN,NaN,0,0,NaN,0
6,172,1,2,1,1,753,956,1260,328,1588,0,-9,0.729868472,0
6,173,1,2,1,0,NaN,NaN,NaN,NaN,NaN,0,0,NaN,0
6,174,1,2,2,0,NaN,NaN,NaN,NaN,NaN,0,0,NaN,0
6,175,1,2,2,0,NaN,NaN,NaN,NaN,NaN,0,0,NaN,0
6,176,1,2,1,0,NaN,NaN,NaN,NaN,NaN,0,0,NaN,0
6,177,1,2,2,0,NaN,NaN,NaN,NaN,NaN,0,0,NaN,0
6,178,1,2,2,0,NaN,NaN,NaN,NaN,NaN,0,0,NaN,0
6,179,1,2,1,1,259,527,782,416,1198,0,-5,0.674597139,0
6,180,1,2,1,0,NaN,NaN,NaN,NaN,NaN,0,0,NaN,0
6,181,1,2,2,1,185,447,748,320,1068,0,0,0.693372747,0
6,182,1,2,2,0,NaN,NaN,NaN,NaN,NaN,0,0,NaN,0
6,183,1,2,2,0,NaN,NaN,NaN,NaN,NaN,0,0,NaN,0
6,184,1,2,1,0,NaN,NaN,NaN,NaN,NaN,0,0,NaN,0
6,185,1,2,1,0,NaN,NaN,NaN,NaN,NaN,0,0,NaN,0
6,186,1,2,2,0,NaN,NaN,NaN,NaN,NaN,0,0,NaN,0
6,187,1,2,1,0,NaN,NaN,NaN,NaN,NaN,0,0,NaN,0
6,188,1,2,2,0,NaN,NaN,NaN,NaN,NaN,0,0,NaN,0
6,189,1,2,1,0,NaN,NaN,NaN,NaN,NaN,0,0,NaN,0
6,190,1,2,1,1,257,492,788,384,1172,0,-7,0.672015424,0
6,191,1,2,1,0,NaN,NaN,NaN,NaN,NaN,0,0,NaN,0
6,192,1,2,2,0,NaN,NaN,NaN,NaN,NaN,0,0,NaN,0
6,193,1,2,1,0,NaN,NaN,NaN,NaN,NaN,0,0,NaN,0
6,194,1,2,1,0,NaN,NaN,NaN,NaN,NaN,0,0,NaN,0
6,195,1,2,2,0,NaN,NaN,NaN,NaN,NaN,0,0,NaN,0
6,196,1,2,1,0,NaN,NaN,NaN,NaN,NaN,0,0,NaN,0
6,197,1,2,1,0,NaN,NaN,NaN,NaN,NaN,0,0,NaN,0
6,198,1,2,1,0,NaN,NaN,NaN,NaN,NaN,0,0,NaN,0
6,199,1,2,2,0,NaN,NaN,NaN,NaN,NaN,0,0,NaN,0
6,200,1,2,2,0,NaN,NaN,NaN,NaN,NaN,0,0,NaN,0
6,201,1,2,1,0,NaN,NaN,NaN,NaN,NaN,0,0,NaN,0
6,202,1,2,2,1,305,579,928,376,1304,0,-10,0.714068076,0
6,203,1,2,1,0,NaN,NaN,NaN,NaN,NaN,0,0,NaN,0
6,204,1,2,2,1,221,502,870,408,1278,0,0,0.69468735,0
6,205,1,2,2,0,NaN,NaN,NaN,NaN,NaN,0,0,NaN,0
6,206,1,2,1,0,NaN,NaN,NaN,NaN,NaN,0,0,NaN,0
6,207,1,2,2,0,NaN,NaN,NaN,NaN,NaN,0,0,NaN,0
6,208,1,2,1,1,219,494,804,408,1212,0,-2,0.686140872,0
6,209,1,2,1,0,NaN,NaN,NaN,NaN,NaN,0,0,NaN,0
6,210,1,2,2,0,NaN,NaN,NaN,NaN,NaN,0,0,NaN,0
6,211,1,2,1,0,NaN,NaN,NaN,NaN,NaN,0,0,NaN,0
6,212,1,2,1,0,NaN,NaN,NaN,NaN,NaN,0,0,NaN,0
6,213,1,2,2,0,NaN,NaN,NaN,NaN,NaN,0,0,NaN,0
6,214,1,2,1,1,746,1036,1334,408,1742,0,-4,0.716020919,0
6,215,1,2,2,1,250,502,838,360,1198,0,1,0.711163912,0
6,216,1,2,1,0,NaN,NaN,NaN,NaN,NaN,0,0,NaN,0
6,217,1,2,2,0,NaN,NaN,NaN,NaN,NaN,0,0,NaN,0
6,218,1,2,2,0,NaN,NaN,NaN,NaN,NaN,0,0,NaN,0
6,219,1,2,1,1,364,639,960,424,1384,0,-2,0.70630699,0
6,220,1,2,1,1,319,575,920,528,1448,0,1,0.705977157,0
6,221,1,2,2,0,NaN,NaN,NaN,NaN,NaN,0,0,NaN,0
6,222,1,2,2,1,320,593,902,328,1230,0,0,0.707873427,0
6,223,1,2,2,1,236,673,998,336,1334,0,1,0.563367676,0
6,224,1,2,1,1,234,483,758,448,1206,0,2,0.708995518,0
6,225,1,2,2,0,NaN,NaN,NaN,NaN,NaN,0,0,NaN,0
6,226,1,2,2,1,242,473,830,344,1174,0,0,0.705612878,0
6,227,1,2,2,0,NaN,NaN,NaN,NaN,NaN,0,0,NaN,0
6,228,1,2,2,0,NaN,NaN,NaN,NaN,NaN,0,0,NaN,0
6,229,1,2,1,0,NaN,NaN,NaN,NaN,NaN,0,0,NaN,0
6,230,1,2,2,0,NaN,NaN,NaN,NaN,NaN,0,0,NaN,0
6,231,1,2,1,0,NaN,NaN,NaN,NaN,NaN,0,0,NaN,0
6,232,1,2,1,1,239,488,808,456,1264,0,-4,0.636347516,0
6,233,1,2,1,0,NaN,NaN,NaN,NaN,NaN,0,0,NaN,0
6,234,1,2,1,1,207,500,854,440,1294,0,0,0.677622005,0
6,235,1,2,2,0,NaN,NaN,NaN,NaN,NaN,0,0,NaN,0
6,236,1,2,1,0,NaN,NaN,NaN,NaN,NaN,0,0,NaN,0
6,237,1,2,2,0,NaN,NaN,NaN,NaN,NaN,0,0,NaN,0
6,238,1,2,1,0,NaN,NaN,NaN,NaN,NaN,0,0,NaN,0
6,239,1,2,2,0,NaN,NaN,NaN,NaN,NaN,0,0,NaN,0
6,240,1,2,2,0,NaN,NaN,NaN,NaN,NaN,0,0,NaN,0
7,1,1,2,2,0,NaN,NaN,NaN,NaN,NaN,0,0,NaN,0
7,2,1,2,1,0,NaN,NaN,NaN,NaN,NaN,0,0,NaN,0
7,3,1,2,2,0,NaN,NaN,NaN,NaN,NaN,0,0,NaN,0
7,4,1,2,2,0,NaN,NaN,NaN,NaN,NaN,0,0,NaN,0
7,5,1,2,1,1,259,451,860,368,1228,0,-3,0.733590489,0
7,6,1,2,2,1,374,570,892,336,1228,0,1,0.690473102,0
7,7,1,2,2,0,NaN,NaN,NaN,NaN,NaN,0,0,NaN,0
7,8,1,2,1,0,NaN,NaN,NaN,NaN,NaN,0,0,NaN,0
7,9,1,2,2,0,NaN,NaN,NaN,NaN,NaN,0,0,NaN,0
7,10,1,2,2,0,NaN,NaN,NaN,NaN,NaN,0,0,NaN,0
7,11,1,2,1,1,327,572,894,254,1148,0,-3,0.660934221,0
7,12,1,2,1,0,NaN,NaN,NaN,NaN,NaN,0,0,NaN,0
7,13,1,2,1,0,NaN,NaN,NaN,NaN,NaN,0,0,NaN,0
7,14,1,2,1,0,NaN,NaN,NaN,NaN,NaN,0,0,NaN,0
7,15,1,2,2,0,NaN,NaN,NaN,NaN,NaN,0,0,NaN,0
7,16,1,2,1,0,NaN,NaN,NaN,NaN,NaN,0,0,NaN,0
7,17,1,2,1,0,NaN,NaN,NaN,NaN,NaN,0,0,NaN,0
7,18,1,2,1,0,NaN,NaN,NaN,NaN,NaN,0,0,NaN,0
7,19,1,2,2,1,219,488,798,392,1190,0,-6,0.621703481,0
7,20,1,2,2,1,314,598,866,280,1146,0,1,0.730032248,0
7,21,1,2,2,0,NaN,NaN,NaN,NaN,NaN,0,0,NaN,0
7,22,1,2,1,1,312,473,774,264,1038,0,0,0.744027743,0
7,23,1,2,2,0,NaN,NaN,NaN,NaN,NaN,0,0,NaN,0
7,24,1,2,1,0,NaN,NaN,NaN,NaN,NaN,0,0,NaN,0
7,25,1,2,1,0,NaN,NaN,NaN,NaN,NaN,0,0,NaN,0
7,26,1,2,2,0,NaN,NaN,NaN,NaN,NaN,0,0,NaN,0
7,27,1,2,1,0,NaN,NaN,NaN,NaN,NaN,0,0,NaN,0
7,28,1,2,2,0,NaN,NaN,NaN,NaN,NaN,0,0,NaN,0
7,29,1,2,1,0,NaN,NaN,NaN,NaN,NaN,0,0,NaN,0
7,30,1,2,2,0,NaN,NaN,NaN,NaN,NaN,0,0,NaN,0
7,31,1,2,2,0,NaN,NaN,NaN,NaN,NaN,0,0,NaN,0
7,32,1,2,2,1,349,590,952,480,1432,0,-8,0.634911847,0
7,33,1,2,2,0,NaN,NaN,NaN,NaN,NaN,0,0,NaN,0
7,34,1,2,1,0,NaN,NaN,NaN,NaN,NaN,0,0,NaN,0
7,35,1,2,1,0,NaN,NaN,NaN,NaN,NaN,0,0,NaN,0
7,36,1,2,1,1,432,666,1024,312,1336,0,-2,0.646859364,0
7,37,1,2,1,0,NaN,NaN,NaN,NaN,NaN,0,0,NaN,0
7,38,1,2,1,0,NaN,NaN,NaN,NaN,NaN,0,0,NaN,0
7,39,1,2,2,0,NaN,NaN,NaN,NaN,NaN,0,0,NaN,0
7,40,1,2,2,0,NaN,NaN,NaN,NaN,NaN,0,0,NaN,0
7,41,1,2,1,0,NaN,NaN,NaN,NaN,NaN,0,0,NaN,0
7,42,1,2,2,0,NaN,NaN,NaN,NaN,NaN,0,0,NaN,0
7,43,1,2,2,0,NaN,NaN,NaN,NaN,NaN,0,0,NaN,0
7,44,1,2,2,0,NaN,NaN,NaN,NaN,NaN,0,0,NaN,0
7,45,1,2,1,1,320,599,900,376,1276,0,-7,0.644868719,0
7,46,1,2,1,1,326,568,842,336,1178,0,1,0.691278974,0
7,47,1,2,2,1,276,515,798,392,1190,0,2,0.693985904,0
7,48,1,2,1,0,NaN,NaN,NaN,NaN,NaN,0,0,NaN,0
7,49,1,2,1,1,243,454,684,304,988,0,0,0.722391484,0
7,50,1,2,2,1,232,439,736,312,1048,0,1,0.721196098,0
7,51,1,2,2,0,NaN,NaN,NaN,NaN,NaN,0,0,NaN,0
7,52,1,2,1,0,NaN,NaN,NaN,NaN,NaN,0,0,NaN,0
7,53,1,2,2,0,NaN,NaN,NaN,NaN,NaN,0,0,NaN,0
7,54,1,2,1,0,NaN,NaN,NaN,NaN,NaN,0,0,NaN,0
7,55,1,2,1,0,NaN,NaN,NaN,NaN,NaN,0,0,NaN,0
7,56,1,2,1,1,422,656,922,360,1282,0,-4,0.725757013,0
7,57,1,2,2,1,291,578,816,408,1224,0,1,0.688815282,0
7,58,1,2,2,0,NaN,NaN,NaN,NaN,NaN,0,0,NaN,0
7,59,1,2,1,0,NaN,NaN,NaN,NaN,NaN,0,0,NaN,0
7,60,1,2,2,0,NaN,NaN,NaN,NaN,NaN,0,0,NaN,0
7,61,1,2,2,0,NaN,NaN,NaN,NaN,NaN,0,0,NaN,0
7,62,1,2,2,0,NaN,NaN,NaN,NaN,NaN,0,0,NaN,0
7,63,1,2,2,0,NaN,NaN,NaN,NaN,NaN,0,0,NaN,0
7,64,1,2,1,1,459,657,980,312,1292,0,-5,0.705594187,0
7,65,1,2,2,1,437,626,864,312,1176,0,1,0.793237292,0
7,66,1,2,2,0,NaN,NaN,NaN,NaN,NaN,0,0,NaN,0
7,67,1,2,2,0,NaN,NaN,NaN,NaN,NaN,0,0,NaN,0
7,68,1,2,1,0,NaN,NaN,NaN,NaN,NaN,0,0,NaN,0
7,69,1,2,1,0,NaN,NaN,NaN,NaN,NaN,0,0,NaN,0
7,70,1,2,1,0,NaN,NaN,NaN,NaN,NaN,0,0,NaN,0
7,71,1,2,1,0,NaN,NaN,NaN,NaN,NaN,0,0,NaN,0
7,72,1,2,1,0,NaN,NaN,NaN,NaN,NaN,0,0,NaN,0
7,73,1,2,2,0,NaN,NaN,NaN,NaN,NaN,0,0,NaN,0
7,74,1,2,2,0,NaN,NaN,NaN,NaN,NaN,0,0,NaN,0
7,75,1,2,2,1,420,654,968,384,1352,0,-8,0.746105682,0
7,76,1,2,1,0,NaN,NaN,NaN,NaN,NaN,0,0,NaN,0
7,77,1,2,2,0,NaN,NaN,NaN,NaN,NaN,0,0,NaN,0
7,78,1,2,1,1,410,621,924,384,1308,0,-1,0.708755768,0
7,79,1,2,1,0,NaN,NaN,NaN,NaN,NaN,0,0,NaN,0
7,80,1,2,1,0,NaN,NaN,NaN,NaN,NaN,0,0,NaN,0
7,81,1,2,1,0,NaN,NaN,NaN,NaN,NaN,0,0,NaN,0
7,82,1,2,2,1,409,665,948,358,1306,0,-2,0.698330425,0
7,83,1,2,1,0,NaN,NaN,NaN,NaN,NaN,0,0,NaN,0
7,84,1,2,2,0,NaN,NaN,NaN,NaN,NaN,0,0,NaN,0
7,85,1,2,1,1,282,506,806,312,1118,0,-1,0.688919302,0
7,86,1,2,1,0,NaN,NaN,NaN,NaN,NaN,0,0,NaN,0
7,87,1,2,2,0,NaN,NaN,NaN,NaN,NaN,0,0,NaN,0
7,88,1,2,2,0,NaN,NaN,NaN,NaN,NaN,0,0,NaN,0
7,89,1,2,1,0,NaN,NaN,NaN,NaN,NaN,0,0,NaN,0
7,90,1,2,1,0,NaN,NaN,NaN,NaN,NaN,0,0,NaN,0
7,91,1,2,1,0,NaN,NaN,NaN,NaN,NaN,0,0,NaN,0
7,92,1,2,2,0,NaN,NaN,NaN,NaN,NaN,0,0,NaN,0
7,93,1,2,1,0,NaN,NaN,NaN,NaN,NaN,0,0,NaN,0
7,94,1,2,2,1,386,612,962,392,1354,0,-7,0.704134421,0
7,95,1,2,2,0,NaN,NaN,NaN,NaN,NaN,0,0,NaN,0
7,96,1,2,2,0,NaN,NaN,NaN,NaN,NaN,0,0,NaN,0
7,97,1,2,1,1,406,592,912,376,1288,0,-1,0.737650313,0
7,98,1,2,2,1,282,480,808,368,1176,0,1,0.700756617,0
7,99,1,2,1,0,NaN,NaN,NaN,NaN,NaN,0,0,NaN,0
7,100,1,2,2,1,234,442,750,368,1118,0,0,0.69219952,0
7,101,1,2,1,1,273,504,786,304,1090,0,1,0.662401144,0
7,102,1,2,2,0,NaN,NaN,NaN,NaN,NaN,0,0,NaN,0
7,103,1,2,1,0,NaN,NaN,NaN,NaN,NaN,0,0,NaN,0
7,104,1,2,1,0,NaN,NaN,NaN,NaN,NaN,0,0,NaN,0
7,105,1,2,1,1,317,548,848,384,1232,0,-2,0.663725258,0
7,106,1,2,1,1,266,488,772,432,1204,0,1,0.687568702,0
7,107,1,2,2,0,NaN,NaN,NaN,NaN,NaN,0,0,NaN,0
7,108,1,2,1,0,NaN,NaN,NaN,NaN,NaN,0,0,NaN,0
7,109,1,2,2,0,NaN,NaN,NaN,NaN,NaN,0,0,NaN,0
7,110,1,2,2,0,NaN,NaN,NaN,NaN,NaN,0,0,NaN,0
7,111,1,2,2,0,NaN,NaN,NaN,NaN,NaN,0,0,NaN,0
7,112,1,2,2,0,NaN,NaN,NaN,NaN,NaN,0,0,NaN,0
7,113,1,2,2,1,196,489,778,400,1178,0,-5,0.678732833,0
7,114,1,2,1,1,305,482,798,328,1126,0,1,0.687269273,0
7,115,1,2,1,0,NaN,NaN,NaN,NaN,NaN,0,0,NaN,0
7,116,1,2,2,0,NaN,NaN,NaN,NaN,NaN,0,0,NaN,0
7,117,1,2,1,0,NaN,NaN,NaN,NaN,NaN,0,0,NaN,0
7,118,1,2,1,0,NaN,NaN,NaN,NaN,NaN,0,0,NaN,0
7,119,1,2,2,0,NaN,NaN,NaN,NaN,NaN,0,0,NaN,0
7,120,1,2,2,0,NaN,NaN,NaN,NaN,NaN,0,0,NaN,0
7,121,1,1,2,1,266,452,814,408,1222,0,-5,0.675170922,0
7,122,1,1,2,1,176,374,612,368,980,0,1,0.653426988,0
7,123,1,1,2,1,181,400,690,312,1002,0,2,0.677077666,0
7,124,1,1,2,1,275,510,846,328,1174,0,3,0.669970119,0
7,125,1,1,2,0,NaN,NaN,NaN,NaN,NaN,0,0,NaN,0
7,126,1,1,1,1,257,492,790,376,1166,0,0,0.723046585,0
7,127,1,1,1,0,NaN,NaN,NaN,NaN,NaN,0,0,NaN,0
7,128,1,1,2,1,228,429,778,352,1130,0,0,0.662138508,0
7,129,1,1,2,0,NaN,NaN,NaN,NaN,NaN,0,0,NaN,0
7,130,1,1,2,0,NaN,NaN,NaN,NaN,NaN,0,0,NaN,0
7,131,1,1,1,1,481,683,960,320,1280,0,-1,0.787638848,0
7,132,1,1,2,0,NaN,NaN,NaN,NaN,NaN,0,0,NaN,0
7,133,1,1,1,1,284,523,832,352,1184,0,0,0.687928932,0
7,134,1,1,1,0,NaN,NaN,NaN,NaN,NaN,0,0,NaN,0
7,135,1,1,2,1,239,446,846,376,1222,0,0,0.655507278,0
7,136,1,1,1,0,NaN,NaN,NaN,NaN,NaN,0,0,NaN,0
7,137,1,1,2,0,NaN,NaN,NaN,NaN,NaN,0,0,NaN,0
7,138,1,1,1,1,305,522,820,360,1180,0,-1,0.710940416,0
7,139,1,1,2,1,257,487,780,352,1132,0,1,0.658109305,0
7,140,1,1,1,1,225,559,808,328,1136,0,2,0.701550886,0
7,141,1,1,1,1,413,642,902,280,1182,0,3,0.698582046,0
7,142,1,1,2,1,230,495,742,328,1070,0,4,0.635464014,0
7,143,1,1,1,1,329,571,832,312,1144,0,5,0.693417378,0
7,144,1,1,1,1,362,564,840,288,1128,0,6,0.772223017,0
7,145,1,1,2,1,257,499,806,328,1134,0,7,0.681726531,0
7,146,1,1,1,1,250,470,732,328,1060,0,8,0.74704799,0
7,147,1,1,1,1,274,476,782,336,1118,0,9,0.715286213,0
7,148,1,1,1,1,233,489,732,344,1076,0,10,0.725445901,0
7,149,1,1,1,0,NaN,NaN,NaN,NaN,NaN,0,0,NaN,0
7,150,1,1,2,1,218,428,732,336,1068,0,0,0.666461231,0
7,151,1,1,1,1,262,507,776,304,1080,0,1,0.705048028,0
7,152,1,1,1,0,NaN,NaN,NaN,NaN,NaN,0,0,NaN,0
7,153,1,1,1,0,NaN,NaN,NaN,NaN,NaN,0,0,NaN,0
7,154,1,1,1,0,NaN,NaN,NaN,NaN,NaN,0,0,NaN,0
7,155,1,1,2,1,489,775,1108,344,1452,0,-2,0.637539182,0
7,156,1,1,1,1,223,451,716,251,967,0,1,0.704145779,0
7,157,1,1,2,1,278,481,766,328,1094,0,2,0.646401214,0
7,158,1,1,1,1,254,500,770,336,1106,0,3,0.717223252,0
7,159,1,1,2,1,200,445,734,304,1038,0,4,0.661688286,0
7,160,1,1,1,1,257,499,792,320,1112,0,5,0.751776863,0
7,161,1,1,2,0,NaN,NaN,NaN,NaN,NaN,0,0,NaN,0
7,162,1,1,1,1,330,574,900,320,1220,0,0,0.658377589,0
7,163,1,1,2,1,269,484,778,328,1106,0,1,0.699190815,0
7,164,1,1,2,1,394,589,930,280,1210,0,2,0.736668997,0
7,165,1,1,2,1,188,414,750,344,1094,0,3,0.669537418,0
7,166,1,1,1,1,332,562,834,328,1162,0,4,0.719485175,0
7,167,1,1,2,1,273,507,754,328,1082,0,5,0.643382811,0
7,168,1,1,2,1,206,404,722,312,1034,0,6,0.704362347,0
7,169,1,1,1,0,NaN,NaN,NaN,NaN,NaN,0,0,NaN,0
7,170,1,1,1,1,254,491,752,328,1080,0,0,0.706950583,0
7,171,1,1,1,1,257,535,758,360,1118,0,1,0.726735969,0
7,172,1,1,2,1,237,406,708,344,1052,0,2,0.6616281,0
7,173,1,1,1,1,226,427,714,344,1058,0,3,0.719607164,0
7,174,1,1,2,0,NaN,NaN,NaN,NaN,NaN,0,0,NaN,0
7,175,1,1,2,1,268,549,830,400,1230,0,0,0.714915312,0
7,176,1,1,1,1,272,526,790,336,1126,0,1,0.690885363,0
7,177,1,1,2,1,215,446,758,352,1110,0,2,0.674853647,0
7,178,1,1,1,1,216,427,662,376,1038,0,3,0.688367369,0
7,179,1,1,2,1,229,438,684,352,1036,0,4,0.642529246,0
7,180,1,1,2,1,372,596,818,536,1354,0,5,0.812029065,0
7,181,1,1,1,1,359,563,834,280,1114,0,6,0.76524285,0
7,182,1,1,1,1,242,470,754,296,1050,0,7,0.705669353,0
7,183,1,1,1,1,226,505,772,360,1132,0,8,0.731166779,0
7,184,1,1,2,1,179,406,694,232,926,0,9,0.669824131,0
7,185,1,1,2,1,336,518,798,344,1142,0,10,0.698125114,0
7,186,1,1,2,1,203,404,722,344,1066,0,11,0.649919298,0
7,187,1,1,2,1,230,418,706,320,1026,0,12,0.676503373,0
7,188,1,1,2,1,199,409,706,256,962,0,13,0.648977174,0
7,189,1,1,2,1,164,376,672,416,1088,0,14,0.649747023,0
7,190,1,1,2,0,NaN,NaN,NaN,NaN,NaN,0,0,NaN,0
7,191,1,1,1,1,252,511,816,328,1144,0,0,0.688891575,0
7,192,1,1,2,0,NaN,NaN,NaN,NaN,NaN,0,0,NaN,0
7,193,1,1,2,1,303,524,920,328,1248,0,0,0.637214092,0
7,194,1,1,1,1,190,408,710,264,974,0,1,0.724997325,0
7,195,1,1,2,1,187,401,714,360,1074,0,2,0.658203871,0
7,196,1,1,1,1,230,431,804,328,1132,0,3,0.651037156,0
7,197,1,1,1,1,229,499,782,368,1150,0,4,0.675788032,0
7,198,1,1,1,0,NaN,NaN,NaN,NaN,NaN,0,0,NaN,0
7,199,1,1,2,1,194,429,704,320,1024,0,0,0.696096673,0
7,200,1,1,1,0,NaN,NaN,NaN,NaN,NaN,0,0,NaN,0
7,201,1,1,2,1,246,446,784,320,1104,0,0,0.64763104,0
7,202,1,1,2,0,NaN,NaN,NaN,NaN,NaN,0,0,NaN,0
7,203,1,1,2,1,237,472,838,304,1142,0,0,0.667552982,0
7,204,1,1,1,1,180,451,750,312,1062,0,1,0.725201423,0
7,205,1,1,1,1,326,599,888,296,1184,0,2,0.781757187,0
7,206,1,1,2,0,NaN,NaN,NaN,NaN,NaN,0,0,NaN,0
7,207,1,1,2,0,NaN,NaN,NaN,NaN,NaN,0,0,NaN,0
7,208,1,1,1,1,215,491,782,384,1166,0,-1,0.696139088,0
7,209,1,1,2,1,235,518,830,392,1222,0,1,0.686246155,0
7,210,1,1,2,1,196,433,724,328,1052,0,2,0.640062983,0
7,211,1,1,2,1,193,446,776,368,1144,0,3,0.680410008,0
7,212,1,1,1,1,204,413,692,232,924,0,4,0.712787121,0
7,213,1,1,2,1,249,490,824,336,1160,0,5,0.673979653,0
7,214,1,1,1,1,241,482,806,312,1118,0,6,0.714319511,0
7,215,1,1,1,1,282,518,808,304,1112,0,7,0.773084231,0
7,216,1,1,2,1,170,372,696,296,992,0,8,0.661974154,0
7,217,1,1,2,1,235,413,801,274,1075,0,9,0.663951141,0
7,218,1,1,1,0,NaN,NaN,NaN,NaN,NaN,0,0,NaN,0
7,219,1,1,2,1,153,438,702,464,1166,0,0,0.636262753,0
7,220,1,1,1,1,270,545,826,392,1218,0,1,0.702848899,0
7,221,1,1,2,1,220,465,836,400,1236,0,2,0.676555928,0
7,222,1,1,2,0,NaN,NaN,NaN,NaN,NaN,0,0,NaN,0
7,223,1,1,2,1,187,408,740,328,1068,0,0,0.650994288,0
7,224,1,1,2,1,197,420,742,360,1102,0,1,0.647562791,0
7,225,1,1,1,1,264,490,768,312,1080,0,2,0.707622272,0
7,226,1,1,1,1,276,499,776,320,1096,0,3,0.683245972,0
7,227,1,1,1,0,NaN,NaN,NaN,NaN,NaN,0,0,NaN,0
7,228,1,1,1,0,NaN,NaN,NaN,NaN,NaN,0,0,NaN,0
7,229,1,1,1,1,229,496,756,360,1116,0,-1,0.682367094,0
7,230,1,1,1,1,184,441,720,384,1104,0,1,0.682979799,0
7,231,1,1,2,1,159,424,744,416,1160,0,2,0.675287721,0
7,232,1,1,2,1,207,410,762,344,1106,0,3,0.648222339,0
7,233,1,1,1,1,183,431,734,360,1094,0,4,0.743691308,0
7,234,1,1,1,1,321,565,858,304,1162,0,5,0.738374164,0
7,235,1,1,1,0,NaN,NaN,NaN,NaN,NaN,0,0,NaN,0
7,236,1,1,1,1,272,547,860,344,1204,0,0,0.706891823,0
7,237,1,1,1,0,NaN,NaN,NaN,NaN,NaN,0,0,NaN,0
7,238,1,1,2,0,NaN,NaN,NaN,NaN,NaN,0,0,NaN,0
7,239,1,1,1,1,223,497,806,376,1182,0,-1,0.702695366,0
7,240,1,1,1,0,NaN,NaN,NaN,NaN,NaN,0,0,NaN,0
8,1,1,1,2,1,324,580,758,296,1054,0,0,0.851362338,0
8,2,1,1,1,1,61,329,500,280,780,0,1,0.825210535,0
8,3,1,1,2,0,NaN,NaN,NaN,NaN,NaN,0,0,NaN,0
8,4,1,1,1,1,159,367,506,269,775,0,0,0.71976413,0
8,5,1,1,2,1,180,373,534,328,862,0,1,0.888663286,0
8,6,1,1,2,1,131,374,522,304,826,0,2,0.956107043,0
8,7,1,1,1,1,230,418,590,296,886,0,3,0.847366423,0
8,8,1,1,1,1,125,344,490,259,749,0,4,0.789582102,0
8,9,1,1,2,1,139,394,546,312,858,0,5,0.941313662,0
8,10,1,1,2,1,150,307,430,246,676,0,6,0.667139998,0
8,11,1,1,1,0,NaN,NaN,NaN,NaN,NaN,0,0,NaN,0
8,12,1,1,2,1,160,419,534,278,812,0,0,1,0
8,13,1,1,2,1,161,423,572,312,884,0,1,1,0
8,14,1,1,1,1,180,365,506,273,779,0,2,0.733381794,0
8,15,1,1,2,1,122,353,512,280,792,0,3,1,0
8,16,1,1,1,1,271,446,550,289,839,0,4,0.91087834,0
8,17,1,1,1,1,151,420,514,299,813,0,5,1,0
8,18,1,1,2,0,NaN,NaN,NaN,NaN,NaN,0,0,NaN,0
8,19,1,1,2,1,192,396,554,240,794,0,0,1,0
8,20,1,1,1,1,94,286,402,260,662,0,1,0.857191303,0
8,21,1,1,1,1,72,306,466,212,678,0,2,0.72832409,0
8,22,1,1,1,1,126,308,472,232,704,0,3,0.714695884,0
8,23,1,1,1,0,NaN,NaN,NaN,NaN,NaN,0,0,NaN,0
8,24,1,1,1,1,208,428,604,296,900,0,0,0.72797344,0
8,25,1,1,2,1,139,382,564,224,788,0,1,0.916540089,0
8,26,1,1,1,1,236,422,588,544,1132,0,2,0.766068035,0
8,27,1,1,2,1,165,411,592,248,840,0,3,0.893993748,0
8,28,1,1,2,1,187,439,610,248,858,0,4,0.916314694,0
8,29,1,1,1,1,183,394,544,430,974,0,5,0.830898925,0
8,30,1,1,2,1,150,334,494,238,732,0,6,0.907831582,0
8,31,1,1,1,0,NaN,NaN,NaN,NaN,NaN,0,0,NaN,0
8,32,1,1,1,0,NaN,NaN,NaN,NaN,NaN,0,0,NaN,0
8,33,1,1,1,0,NaN,NaN,NaN,NaN,NaN,0,0,NaN,0
8,34,1,1,1,1,158,326,462,244,706,0,-2,0.755693975,0
8,35,1,1,1,1,144,373,558,536,1094,0,1,0.790248415,0
8,36,1,1,2,0,NaN,NaN,NaN,NaN,NaN,0,0,NaN,0
8,37,1,1,1,1,296,430,606,256,862,0,0,0.70034455,0
8,38,1,1,2,1,140,334,500,216,716,0,1,0.908589592,0
8,39,1,1,2,1,232,462,642,248,890,0,2,0.93220897,0
8,40,1,1,1,0,NaN,NaN,NaN,NaN,NaN,0,0,NaN,0
8,41,1,1,2,0,NaN,NaN,NaN,NaN,NaN,0,0,NaN,0
8,42,1,1,2,1,147,337,484,184,668,0,-1,0.920496079,0
8,43,1,1,2,0,NaN,NaN,NaN,NaN,NaN,0,0,NaN,0
8,44,1,1,1,0,NaN,NaN,NaN,NaN,NaN,0,0,NaN,0
8,45,1,1,2,1,193,420,574,259,833,0,-1,0.932048807,0
8,46,1,1,2,0,NaN,NaN,NaN,NaN,NaN,0,0,NaN,0
8,47,1,1,1,1,143,313,438,240,678,0,0,0.7904139,0
8,48,1,1,1,1,NaN,NaN,NaN,NaN,NaN,1,1,NaN,1
8,49,1,1,1,1,NaN,NaN,NaN,NaN,NaN,1,2,NaN,1
8,50,1,1,2,1,194,377,554,184,738,0,3,0.945652457,0
8,51,1,1,2,0,NaN,NaN,NaN,NaN,NaN,0,0,NaN,0
8,52,1,1,2,1,142,329,472,200,672,0,0,0.895086995,0
8,53,1,1,2,1,189,372,510,184,694,0,1,0.884926831,0
8,54,1,1,2,1,241,448,594,258,852,0,2,0.89300792,0
8,55,1,1,1,1,293,422,562,229,791,0,3,0.695912196,0
8,56,1,1,1,0,NaN,NaN,NaN,NaN,NaN,0,0,NaN,0
8,57,1,1,1,1,162,348,490,222,712,0,0,0.706426555,0
8,58,1,1,2,1,137,395,546,244,790,0,1,0.932718197,0
8,59,1,1,2,1,124,338,516,432,948,0,2,0.906569264,0
8,60,1,1,1,1,139,317,474,256,730,0,3,0.793659732,0
8,61,1,1,1,1,116,331,492,200,692,0,4,0.720290808,0
8,62,1,1,1,1,135,285,442,272,714,0,5,0.661520963,0
8,63,1,1,2,1,131,345,538,408,946,0,6,0.867922571,0
8,64,1,1,1,0,NaN,NaN,NaN,NaN,NaN,0,0,NaN,0
8,65,1,1,2,1,149,346,538,320,858,0,0,0.852977645,0
8,66,1,1,2,1,189,430,614,280,894,0,1,0.890126762,0
8,67,1,1,1,0,NaN,NaN,NaN,NaN,NaN,0,0,NaN,0
8,68,1,1,2,0,NaN,NaN,NaN,NaN,NaN,0,0,NaN,0
8,69,1,1,1,1,150,349,525,184,709,0,-1,0.852968887,0
8,70,1,1,1,1,146,373,552,448,1000,0,1,0.786919873,0
8,71,1,1,2,1,183,383,568,248,816,0,2,0.86196133,0
8,72,1,1,2,1,148,361,546,392,938,0,3,0.887312977,0
8,73,1,1,2,1,158,372,558,400,958,0,4,0.865236968,0
8,74,1,1,2,1,147,321,496,368,864,0,5,0.797061229,0
8,75,1,1,2,1,167,336,508,312,820,0,6,0.811886051,0
8,76,1,1,2,1,236,430,618,280,898,0,7,0.819796112,0
8,77,1,1,1,0,NaN,NaN,NaN,NaN,NaN,0,0,NaN,0
8,78,1,1,2,1,153,330,460,210,670,0,0,0.820184339,0
8,79,1,1,1,1,171,330,494,216,710,0,1,0.703808423,0
8,80,1,1,1,1,157,335,510,352,862,0,2,0.63185578,0
8,81,1,1,1,1,142,300,436,257,693,0,3,0.744083687,0
8,82,1,1,1,1,166,349,502,304,806,0,4,0.708559713,0
8,83,1,1,1,1,123,346,514,328,842,0,5,0.760432624,0
8,84,1,1,1,0,NaN,NaN,NaN,NaN,NaN,0,0,NaN,0
8,85,1,1,2,1,193,390,578,496,1074,0,0,0.883271561,0
8,86,1,1,1,1,149,366,556,536,1092,0,1,0.763079596,0
8,87,1,1,2,0,NaN,NaN,NaN,NaN,NaN,0,0,NaN,0
8,88,1,1,1,1,180,379,566,456,1022,0,0,0.752767198,0
8,89,1,1,1,1,127,267,402,320,722,0,1,0.627814125,0
8,90,1,1,2,1,122,361,542,376,918,0,2,0.85072939,0
8,91,1,1,2,0,NaN,NaN,NaN,NaN,NaN,0,0,NaN,0
8,92,1,1,1,1,336,504,654,272,926,0,0,0.807511585,0
8,93,1,1,1,0,NaN,NaN,NaN,NaN,NaN,0,0,NaN,0
8,94,1,1,2,1,157,368,524,200,724,0,0,0.924994065,0
8,95,1,1,1,1,165,417,586,336,922,0,1,0.784187131,0
8,96,1,1,2,0,NaN,NaN,NaN,NaN,NaN,0,0,NaN,0
8,97,1,1,1,1,126,300,458,240,698,0,0,0.767255039,0
8,98,1,1,1,1,171,337,504,296,800,0,1,0.7563498,0
8,99,1,1,1,1,129,340,504,336,840,0,2,0.735198019,0
8,100,1,1,2,1,107,329,480,376,856,0,3,0.792677756,0
8,101,1,1,2,1,157,357,534,296,830,0,4,0.799445869,0
8,102,1,1,2,1,239,369,532,280,812,0,5,0.625364275,0
8,103,1,1,1,1,155,290,434,299,733,0,6,0.658078026,0
8,104,1,1,2,1,172,370,542,256,798,0,7,0.84297593,0
8,105,1,1,2,0,NaN,NaN,NaN,NaN,NaN,0,0,NaN,0
8,106,1,1,1,1,240,427,582,320,902,0,0,0.800683658,0
8,107,1,1,2,1,131,330,488,352,840,0,1,0.868074662,0
8,108,1,1,2,0,NaN,NaN,NaN,NaN,NaN,0,0,NaN,0
8,109,1,1,1,0,NaN,NaN,NaN,NaN,NaN,0,0,NaN,0
8,110,1,1,1,1,294,526,692,376,1068,0,-1,0.762849382,0
8,111,1,1,2,1,152,364,556,328,884,0,1,0.788853495,0
8,112,1,1,2,1,99,323,496,250,746,0,2,0.796726361,0
8,113,1,1,1,1,149,269,420,312,732,0,3,0.588570335,0
8,114,1,1,1,0,NaN,NaN,NaN,NaN,NaN,0,0,NaN,0
8,115,1,1,2,1,159,337,520,328,848,0,0,0.636731303,0
8,116,1,1,1,0,NaN,NaN,NaN,NaN,NaN,0,0,NaN,0
8,117,1,1,2,1,219,469,674,328,1002,0,0,0.833452571,0
8,118,1,1,1,1,156,309,444,280,724,0,1,0.653431166,0
8,119,1,1,2,1,157,377,554,280,834,0,2,0.795013181,0
8,120,1,1,2,0,NaN,NaN,NaN,NaN,NaN,0,0,NaN,0
8,121,1,2,2,0,NaN,NaN,NaN,NaN,NaN,0,0,NaN,0
8,122,1,2,1,0,NaN,NaN,NaN,NaN,NaN,0,0,NaN,0
8,123,1,2,1,0,NaN,NaN,NaN,NaN,NaN,0,0,NaN,0
8,124,1,2,1,1,257,443,598,312,910,0,-3,0.676084622,0
8,125,1,2,1,0,NaN,NaN,NaN,NaN,NaN,0,0,NaN,0
8,126,1,2,1,0,NaN,NaN,NaN,NaN,NaN,0,0,NaN,0
8,127,1,2,2,0,NaN,NaN,NaN,NaN,NaN,0,0,NaN,0
8,128,1,2,2,0,NaN,NaN,NaN,NaN,NaN,0,0,NaN,0
8,129,1,2,2,0,NaN,NaN,NaN,NaN,NaN,0,0,NaN,0
8,130,1,2,1,1,190,380,532,240,772,0,-4,0.751935273,0
8,131,1,2,2,0,NaN,NaN,NaN,NaN,NaN,0,0,NaN,0
8,132,1,2,1,0,NaN,NaN,NaN,NaN,NaN,0,0,NaN,0
8,133,1,2,2,0,NaN,NaN,NaN,NaN,NaN,0,0,NaN,0
8,134,1,2,2,0,NaN,NaN,NaN,NaN,NaN,0,0,NaN,0
8,135,1,2,1,0,NaN,NaN,NaN,NaN,NaN,0,0,NaN,0
8,136,1,2,2,0,NaN,NaN,NaN,NaN,NaN,0,0,NaN,0
8,137,1,2,1,0,NaN,NaN,NaN,NaN,NaN,0,0,NaN,0
8,138,1,2,1,1,205,396,580,414,994,0,-6,0.770476904,0
8,139,1,2,2,0,NaN,NaN,NaN,NaN,NaN,0,0,NaN,0
8,140,1,2,2,1,464,696,892,216,1108,0,0,0.947052048,0
8,141,1,2,1,0,NaN,NaN,NaN,NaN,NaN,0,0,NaN,0
8,142,1,2,2,0,NaN,NaN,NaN,NaN,NaN,0,0,NaN,0
8,143,1,2,2,1,190,371,540,184,724,0,-1,0.893423641,0
8,144,1,2,1,0,NaN,NaN,NaN,NaN,NaN,0,0,NaN,0
8,145,1,2,1,0,NaN,NaN,NaN,NaN,NaN,0,0,NaN,0
8,146,1,2,2,0,NaN,NaN,NaN,NaN,NaN,0,0,NaN,0
8,147,1,2,1,0,NaN,NaN,NaN,NaN,NaN,0,0,NaN,0
8,148,1,2,1,0,NaN,NaN,NaN,NaN,NaN,0,0,NaN,0
8,149,1,2,1,0,NaN,NaN,NaN,NaN,NaN,0,0,NaN,0
8,150,1,2,1,0,NaN,NaN,NaN,NaN,NaN,0,0,NaN,0
8,151,1,2,2,1,296,479,662,184,846,0,-6,0.863015416,0
8,152,1,2,2,0,NaN,NaN,NaN,NaN,NaN,0,0,NaN,0
8,153,1,2,1,1,134,348,532,184,716,0,0,0.802999602,0
8,154,1,2,1,0,NaN,NaN,NaN,NaN,NaN,0,0,NaN,0
8,155,1,2,1,0,NaN,NaN,NaN,NaN,NaN,0,0,NaN,0
8,156,1,2,2,1,155,329,494,224,718,0,-1,0.837234944,0
8,157,1,2,1,0,NaN,NaN,NaN,NaN,NaN,0,0,NaN,0
8,158,1,2,2,0,NaN,NaN,NaN,NaN,NaN,0,0,NaN,0
8,159,1,2,1,0,NaN,NaN,NaN,NaN,NaN,0,0,NaN,0
8,160,1,2,1,0,NaN,NaN,NaN,NaN,NaN,0,0,NaN,0
8,161,1,2,2,1,272,473,664,184,848,0,-3,0.874569772,0
8,162,1,2,1,1,187,379,536,272,808,0,1,0.756183276,0
8,163,1,2,1,1,168,294,466,248,714,0,2,0.59859983,0
8,164,1,2,1,0,NaN,NaN,NaN,NaN,NaN,0,0,NaN,0
8,165,1,2,2,0,NaN,NaN,NaN,NaN,NaN,0,0,NaN,0
8,166,1,2,2,0,NaN,NaN,NaN,NaN,NaN,0,0,NaN,0
8,167,1,2,2,1,177,448,657,225,882,0,-2,0.872918073,0
8,168,1,2,1,0,NaN,NaN,NaN,NaN,NaN,0,0,NaN,0
8,169,1,2,2,0,NaN,NaN,NaN,NaN,NaN,0,0,NaN,0
8,170,1,2,1,0,NaN,NaN,NaN,NaN,NaN,0,0,NaN,0
8,171,1,2,2,0,NaN,NaN,NaN,NaN,NaN,0,0,NaN,0
8,172,1,2,2,0,NaN,NaN,NaN,NaN,NaN,0,0,NaN,0
8,173,1,2,2,0,NaN,NaN,NaN,NaN,NaN,0,0,NaN,0
8,174,1,2,2,0,NaN,NaN,NaN,NaN,NaN,0,0,NaN,0
8,175,1,2,1,1,197,416,598,232,830,0,-6,0.774963152,0
8,176,1,2,1,1,181,327,512,296,808,0,1,0.657826135,0
8,177,1,2,2,0,NaN,NaN,NaN,NaN,NaN,0,0,NaN,0
8,178,1,2,2,0,NaN,NaN,NaN,NaN,NaN,0,0,NaN,0
8,179,1,2,2,0,NaN,NaN,NaN,NaN,NaN,0,0,NaN,0
8,180,1,2,2,1,173,403,600,264,864,0,-2,0.906266243,0
8,181,1,2,1,0,NaN,NaN,NaN,NaN,NaN,0,0,NaN,0
8,182,1,2,2,0,NaN,NaN,NaN,NaN,NaN,0,0,NaN,0
8,183,1,2,1,1,143,282,442,232,674,0,-1,0.657464407,0
8,184,1,2,2,1,179,402,594,184,778,0,1,0.845873631,0
8,185,1,2,2,1,135,303,472,232,704,0,2,0.812990983,0
8,186,1,2,2,0,NaN,NaN,NaN,NaN,NaN,0,0,NaN,0
8,187,1,2,2,0,NaN,NaN,NaN,NaN,NaN,0,0,NaN,0
8,188,1,2,2,0,NaN,NaN,NaN,NaN,NaN,0,0,NaN,0
8,189,1,2,1,0,NaN,NaN,NaN,NaN,NaN,0,0,NaN,0
8,190,1,2,1,0,NaN,NaN,NaN,NaN,NaN,0,0,NaN,0
8,191,1,2,2,0,NaN,NaN,NaN,NaN,NaN,0,0,NaN,0
8,192,1,2,1,0,NaN,NaN,NaN,NaN,NaN,0,0,NaN,0
8,193,1,2,1,0,NaN,NaN,NaN,NaN,NaN,0,0,NaN,0
8,194,1,2,1,1,454,653,822,184,1006,0,-7,0.711371077,0
8,195,1,2,2,0,NaN,NaN,NaN,NaN,NaN,0,0,NaN,0
8,196,1,2,2,0,NaN,NaN,NaN,NaN,NaN,0,0,NaN,0
8,197,1,2,2,0,NaN,NaN,NaN,NaN,NaN,0,0,NaN,0
8,198,1,2,2,1,212,410,598,216,814,0,-2,0.882023895,0
8,199,1,2,1,0,NaN,NaN,NaN,NaN,NaN,0,0,NaN,0
8,200,1,2,1,1,164,346,516,248,764,0,0,0.727675528,0
8,201,1,2,1,1,209,416,604,248,852,0,1,0.700661714,0
8,202,1,2,1,0,NaN,NaN,NaN,NaN,NaN,0,0,NaN,0
8,203,1,2,2,0,NaN,NaN,NaN,NaN,NaN,0,0,NaN,0
8,204,1,2,2,0,NaN,NaN,NaN,NaN,NaN,0,0,NaN,0
8,205,1,2,2,0,NaN,NaN,NaN,NaN,NaN,0,0,NaN,0
8,206,1,2,1,1,220,441,632,266,898,0,-3,0.708179932,0
8,207,1,2,2,1,154,399,572,200,772,0,1,0.851129892,0
8,208,1,2,1,0,NaN,NaN,NaN,NaN,NaN,0,0,NaN,0
8,209,1,2,1,1,155,335,496,280,776,0,0,0.695292292,0
8,210,1,2,1,0,NaN,NaN,NaN,NaN,NaN,0,0,NaN,0
8,211,1,2,2,0,NaN,NaN,NaN,NaN,NaN,0,0,NaN,0
8,212,1,2,1,0,NaN,NaN,NaN,NaN,NaN,0,0,NaN,0
8,213,1,2,2,0,NaN,NaN,NaN,NaN,NaN,0,0,NaN,0
8,214,1,2,2,0,NaN,NaN,NaN,NaN,NaN,0,0,NaN,0
8,215,1,2,2,1,158,369,544,256,800,0,-4,0.82923964,0
8,216,1,2,2,0,NaN,NaN,NaN,NaN,NaN,0,0,NaN,0
8,217,1,2,1,0,NaN,NaN,NaN,NaN,NaN,0,0,NaN,0
8,218,1,2,2,0,NaN,NaN,NaN,NaN,NaN,0,0,NaN,0
8,219,1,2,1,0,NaN,NaN,NaN,NaN,NaN,0,0,NaN,0
8,220,1,2,2,0,NaN,NaN,NaN,NaN,NaN,0,0,NaN,0
8,221,1,2,2,0,NaN,NaN,NaN,NaN,NaN,0,0,NaN,0
8,222,1,2,1,0,NaN,NaN,NaN,NaN,NaN,0,0,NaN,0
8,223,1,2,2,1,170,383,574,280,854,0,-6,0.87210058,0
8,224,1,2,1,1,210,461,634,280,914,0,1,0.752361348,0
8,225,1,2,2,0,NaN,NaN,NaN,NaN,NaN,0,0,NaN,0
8,226,1,2,1,0,NaN,NaN,NaN,NaN,NaN,0,0,NaN,0
8,227,1,2,2,1,396,630,798,248,1046,0,-1,0.909679446,0
8,228,1,2,1,0,NaN,NaN,NaN,NaN,NaN,0,0,NaN,0
8,229,1,2,2,0,NaN,NaN,NaN,NaN,NaN,0,0,NaN,0
8,230,1,2,2,0,NaN,NaN,NaN,NaN,NaN,0,0,NaN,0
8,231,1,2,1,1,233,374,540,232,772,0,-2,0.71283685,0
8,232,1,2,1,0,NaN,NaN,NaN,NaN,NaN,0,0,NaN,0
8,233,1,2,2,0,NaN,NaN,NaN,NaN,NaN,0,0,NaN,0
8,234,1,2,1,0,NaN,NaN,NaN,NaN,NaN,0,0,NaN,0
8,235,1,2,1,0,NaN,NaN,NaN,NaN,NaN,0,0,NaN,0
8,236,1,2,2,0,NaN,NaN,NaN,NaN,NaN,0,0,NaN,0
8,237,1,2,1,0,NaN,NaN,NaN,NaN,NaN,0,0,NaN,0
8,238,1,2,1,0,NaN,NaN,NaN,NaN,NaN,0,0,NaN,0
8,239,1,2,1,0,NaN,NaN,NaN,NaN,NaN,0,0,NaN,0
8,240,1,2,1,0,NaN,NaN,NaN,NaN,NaN,0,0,NaN,0
9,1,1,2,1,1,248,416,952,312,1264,0,0,0.568378033,0
9,2,1,2,2,0,NaN,NaN,NaN,NaN,NaN,0,0,NaN,0
9,3,1,2,1,0,NaN,NaN,NaN,NaN,NaN,0,0,NaN,0
9,4,1,2,2,0,NaN,NaN,NaN,NaN,NaN,0,0,NaN,0
9,5,1,2,1,0,NaN,NaN,NaN,NaN,NaN,0,0,NaN,0
9,6,1,2,2,0,NaN,NaN,NaN,NaN,NaN,0,0,NaN,0
9,7,1,2,1,1,507,750,1090,302,1392,0,-4,0.733402121,0
9,8,1,2,2,0,NaN,NaN,NaN,NaN,NaN,0,0,NaN,0
9,9,1,2,2,0,NaN,NaN,NaN,NaN,NaN,0,0,NaN,0
9,10,1,2,2,0,NaN,NaN,NaN,NaN,NaN,0,0,NaN,0
9,11,1,2,1,0,NaN,NaN,NaN,NaN,NaN,0,0,NaN,0
9,12,1,2,1,0,NaN,NaN,NaN,NaN,NaN,0,0,NaN,0
9,13,1,2,2,0,NaN,NaN,NaN,NaN,NaN,0,0,NaN,0
9,14,1,2,1,1,306,589,898,384,1282,0,-5,0.662987121,0
9,15,1,2,1,0,NaN,NaN,NaN,NaN,NaN,0,0,NaN,0
9,16,1,2,1,0,NaN,NaN,NaN,NaN,NaN,0,0,NaN,0
9,17,1,2,2,1,191,449,824,360,1184,0,-1,0.637263845,0
9,18,1,2,2,0,NaN,NaN,NaN,NaN,NaN,0,0,NaN,0
9,19,1,2,2,0,NaN,NaN,NaN,NaN,NaN,0,0,NaN,0
9,20,1,2,2,1,449,846,1114,352,1466,0,-1,0.590932199,0
9,21,1,2,2,0,NaN,NaN,NaN,NaN,NaN,0,0,NaN,0
9,22,1,2,1,1,206,478,812,264,1076,0,0,0.681035692,0
9,23,1,2,1,0,NaN,NaN,NaN,NaN,NaN,0,0,NaN,0
9,24,1,2,2,0,NaN,NaN,NaN,NaN,NaN,0,0,NaN,0
9,25,1,2,2,1,234,455,804,384,1188,0,-1,0.653147155,0
9,26,1,2,1,0,NaN,NaN,NaN,NaN,NaN,0,0,NaN,0
9,27,1,2,2,0,NaN,NaN,NaN,NaN,NaN,0,0,NaN,0
9,28,1,2,2,0,NaN,NaN,NaN,NaN,NaN,0,0,NaN,0
9,29,1,2,1,0,NaN,NaN,NaN,NaN,NaN,0,0,NaN,0
9,30,1,2,1,0,NaN,NaN,NaN,NaN,NaN,0,0,NaN,0
9,31,1,2,2,0,NaN,NaN,NaN,NaN,NaN,0,0,NaN,0
9,32,1,2,2,0,NaN,NaN,NaN,NaN,NaN,0,0,NaN,0
9,33,1,2,1,0,NaN,NaN,NaN,NaN,NaN,0,0,NaN,0
9,34,1,2,2,1,482,762,1122,352,1474,0,-7,0.609190114,0
9,35,1,2,1,0,NaN,NaN,NaN,NaN,NaN,0,0,NaN,0
9,36,1,2,1,0,NaN,NaN,NaN,NaN,NaN,0,0,NaN,0
9,37,1,2,2,0,NaN,NaN,NaN,NaN,NaN,0,0,NaN,0
9,38,1,2,1,0,NaN,NaN,NaN,NaN,NaN,0,0,NaN,0
9,39,1,2,1,1,201,452,822,392,1214,0,-3,0.666386902,0
9,40,1,2,2,0,NaN,NaN,NaN,NaN,NaN,0,0,NaN,0
9,41,1,2,2,0,NaN,NaN,NaN,NaN,NaN,0,0,NaN,0
9,42,1,2,2,0,NaN,NaN,NaN,NaN,NaN,0,0,NaN,0
9,43,1,2,1,0,NaN,NaN,NaN,NaN,NaN,0,0,NaN,0
9,44,1,2,1,0,NaN,NaN,NaN,NaN,NaN,0,0,NaN,0
9,45,1,2,2,1,375,599,986,368,1354,0,-4,0.593490841,0
9,46,1,2,1,1,256,510,808,440,1248,0,1,0.664781713,0
9,47,1,2,1,0,NaN,NaN,NaN,NaN,NaN,0,0,NaN,0
9,48,1,2,1,0,NaN,NaN,NaN,NaN,NaN,0,0,NaN,0
9,49,1,2,2,0,NaN,NaN,NaN,NaN,NaN,0,0,NaN,0
9,50,1,2,2,1,337,557,878,336,1214,0,-2,0.617816304,0
9,51,1,2,1,0,NaN,NaN,NaN,NaN,NaN,0,0,NaN,0
9,52,1,2,2,0,NaN,NaN,NaN,NaN,NaN,0,0,NaN,0
9,53,1,2,1,1,297,533,864,312,1176,0,-1,0.67694026,0
9,54,1,2,1,1,303,653,904,368,1272,0,1,0.656908727,0
9,55,1,2,1,0,NaN,NaN,NaN,NaN,NaN,0,0,NaN,0
9,56,1,2,2,1,234,503,798,352,1150,0,0,0.644573619,0
9,57,1,2,1,0,NaN,NaN,NaN,NaN,NaN,0,0,NaN,0
9,58,1,2,1,0,NaN,NaN,NaN,NaN,NaN,0,0,NaN,0
9,59,1,2,2,0,NaN,NaN,NaN,NaN,NaN,0,0,NaN,0
9,60,1,2,2,0,NaN,NaN,NaN,NaN,NaN,0,0,NaN,0
9,61,1,2,2,0,NaN,NaN,NaN,NaN,NaN,0,0,NaN,0
9,62,1,2,2,0,NaN,NaN,NaN,NaN,NaN,0,0,NaN,0
9,63,1,2,2,1,208,477,826,328,1154,0,-5,0.620374665,0
9,64,1,2,2,0,NaN,NaN,NaN,NaN,NaN,0,0,NaN,0
9,65,1,2,2,0,NaN,NaN,NaN,NaN,NaN,0,0,NaN,0
9,66,1,2,1,0,NaN,NaN,NaN,NaN,NaN,0,0,NaN,0
9,67,1,2,2,0,NaN,NaN,NaN,NaN,NaN,0,0,NaN,0
9,68,1,2,1,1,240,539,862,376,1238,0,-3,0.673925901,0
9,69,1,2,1,1,291,589,908,320,1228,0,1,0.673959265,0
9,70,1,2,1,0,NaN,NaN,NaN,NaN,NaN,0,0,NaN,0
9,71,1,2,2,0,NaN,NaN,NaN,NaN,NaN,0,0,NaN,0
9,72,1,2,2,0,NaN,NaN,NaN,NaN,NaN,0,0,NaN,0
9,73,1,2,1,0,NaN,NaN,NaN,NaN,NaN,0,0,NaN,0
9,74,1,2,1,0,NaN,NaN,NaN,NaN,NaN,0,0,NaN,0
9,75,1,2,2,0,NaN,NaN,NaN,NaN,NaN,0,0,NaN,0
9,76,1,2,1,0,NaN,NaN,NaN,NaN,NaN,0,0,NaN,0
9,77,1,2,1,0,NaN,NaN,NaN,NaN,NaN,0,0,NaN,0
9,78,1,2,1,0,NaN,NaN,NaN,NaN,NaN,0,0,NaN,0
9,79,1,2,1,0,NaN,NaN,NaN,NaN,NaN,0,0,NaN,0
9,80,1,2,2,1,303,510,866,352,1218,0,-9,0.61629603,0
9,81,1,2,1,0,NaN,NaN,NaN,NaN,NaN,0,0,NaN,0
9,82,1,2,1,1,238,520,846,352,1198,0,0,0.661998379,0
9,83,1,2,2,0,NaN,NaN,NaN,NaN,NaN,0,0,NaN,0
9,84,1,2,1,0,NaN,NaN,NaN,NaN,NaN,0,0,NaN,0
9,85,1,2,2,0,NaN,NaN,NaN,NaN,NaN,0,0,NaN,0
9,86,1,2,2,0,NaN,NaN,NaN,NaN,NaN,0,0,NaN,0
9,87,1,2,2,0,NaN,NaN,NaN,NaN,NaN,0,0,NaN,0
9,88,1,2,1,0,NaN,NaN,NaN,NaN,NaN,0,0,NaN,0
9,89,1,2,2,0,NaN,NaN,NaN,NaN,NaN,0,0,NaN,0
9,90,1,2,1,0,NaN,NaN,NaN,NaN,NaN,0,0,NaN,0
9,91,1,2,2,1,253,511,788,296,1084,0,-7,0.618826799,0
9,92,1,2,1,1,345,581,852,344,1196,0,1,0.642143349,0
9,93,1,2,1,1,232,502,790,368,1158,0,2,0.668998293,0
9,94,1,2,2,0,NaN,NaN,NaN,NaN,NaN,0,0,NaN,0
9,95,1,2,2,0,NaN,NaN,NaN,NaN,NaN,0,0,NaN,0
9,96,1,2,2,1,406,640,952,304,1256,0,-1,0.631142828,0
9,97,1,2,1,0,NaN,NaN,NaN,NaN,NaN,0,0,NaN,0
9,98,1,2,2,1,188,397,728,213,941,0,0,0.643507072,0
9,99,1,2,1,0,NaN,NaN,NaN,NaN,NaN,0,0,NaN,0
9,100,1,2,1,0,NaN,NaN,NaN,NaN,NaN,0,0,NaN,0
9,101,1,2,1,0,NaN,NaN,NaN,NaN,NaN,0,0,NaN,0
9,102,1,2,1,0,NaN,NaN,NaN,NaN,NaN,0,0,NaN,0
9,103,1,2,1,0,NaN,NaN,NaN,NaN,NaN,0,0,NaN,0
9,104,1,2,2,1,232,459,826,326,1152,0,-4,0.598698725,0
9,105,1,2,2,0,NaN,NaN,NaN,NaN,NaN,0,0,NaN,0
9,106,1,2,1,0,NaN,NaN,NaN,NaN,NaN,0,0,NaN,0
9,107,1,2,1,0,NaN,NaN,NaN,NaN,NaN,0,0,NaN,0
9,108,1,2,2,0,NaN,NaN,NaN,NaN,NaN,0,0,NaN,0
9,109,1,2,2,0,NaN,NaN,NaN,NaN,NaN,0,0,NaN,0
9,110,1,2,2,0,NaN,NaN,NaN,NaN,NaN,0,0,NaN,0
9,111,1,2,1,1,243,495,790,258,1048,0,-5,0.645698478,0
9,112,1,2,1,1,327,565,820,392,1212,0,1,0.666466752,0
9,113,1,2,2,0,NaN,NaN,NaN,NaN,NaN,0,0,NaN,0
9,114,1,2,1,0,NaN,NaN,NaN,NaN,NaN,0,0,NaN,0
9,115,1,2,2,0,NaN,NaN,NaN,NaN,NaN,0,0,NaN,0
9,116,1,2,2,0,NaN,NaN,NaN,NaN,NaN,0,0,NaN,0
9,117,1,2,2,0,NaN,NaN,NaN,NaN,NaN,0,0,NaN,0
9,118,1,2,2,1,553,757,1086,400,1486,0,-4,0.620743888,0
9,119,1,2,1,1,432,679,1100,232,1332,0,1,0.647817634,0
9,120,1,2,1,0,NaN,NaN,NaN,NaN,NaN,0,0,NaN,0
9,121,1,1,1,1,190,428,708,336,1044,0,0,0.684154553,0
9,122,1,1,1,1,244,534,788,384,1172,0,1,0.69574409,0
9,123,1,1,2,1,231,458,712,408,1120,0,2,0.664569088,0
9,124,1,1,2,0,NaN,NaN,NaN,NaN,NaN,0,0,NaN,0
9,125,1,1,1,1,184,407,690,352,1042,0,0,0.685459784,0
9,126,1,1,1,0,NaN,NaN,NaN,NaN,NaN,0,0,NaN,0
9,127,1,1,2,1,259,500,792,400,1192,0,0,0.615816465,0
9,128,1,1,2,0,NaN,NaN,NaN,NaN,NaN,0,0,NaN,0
9,129,1,1,2,1,217,445,772,336,1108,0,0,0.627248811,0
9,130,1,1,1,1,293,567,834,400,1234,0,1,0.682095398,0
9,131,1,1,1,0,NaN,NaN,NaN,NaN,NaN,0,0,NaN,0
9,132,1,1,1,1,379,673,990,320,1310,0,0,0.74025201,0
9,133,1,1,1,1,198,467,772,304,1076,0,1,0.737584036,0
9,134,1,1,2,1,310,550,886,368,1254,0,2,0.637203563,0
9,135,1,1,2,1,226,480,806,400,1206,0,3,0.643625658,0
9,136,1,1,2,1,223,476,804,279,1083,0,4,0.613606861,0
9,137,1,1,1,1,155,425,756,368,1124,0,5,0.685788527,0
9,138,1,1,2,0,NaN,NaN,NaN,NaN,NaN,0,0,NaN,0
9,139,1,1,1,1,201,488,828,296,1124,0,0,0.736025278,0
9,140,1,1,2,1,338,561,912,368,1280,0,1,0.611972406,0
9,141,1,1,1,1,254,475,722,346,1068,0,2,0.636511308,0
9,142,1,1,2,1,211,413,714,392,1106,0,3,0.635123863,0
9,143,1,1,1,1,166,444,706,360,1066,0,4,0.665419716,0
9,144,1,1,1,0,NaN,NaN,NaN,NaN,NaN,0,0,NaN,0
9,145,1,1,2,1,324,520,884,424,1308,0,0,0.561371722,0
9,146,1,1,1,1,206,486,764,384,1148,0,1,0.689979019,0
9,147,1,1,1,1,215,447,690,448,1138,0,2,0.65162832,0
9,148,1,1,2,1,202,433,756,432,1188,0,3,0.640022626,0
9,149,1,1,1,1,229,528,776,456,1232,0,4,0.672464306,0
9,150,1,1,1,0,NaN,NaN,NaN,NaN,NaN,0,0,NaN,0
9,151,1,1,2,1,208,445,788,368,1156,0,0,0.631442585,0
9,152,1,1,2,0,NaN,NaN,NaN,NaN,NaN,0,0,NaN,0
9,153,1,1,2,1,202,447,818,352,1170,0,0,0.638065079,0
9,154,1,1,2,1,222,460,818,352,1170,0,1,0.629425997,0
9,155,1,1,2,1,216,461,818,376,1194,0,2,0.599552158,0
9,156,1,1,1,1,242,504,798,384,1182,0,3,0.670186527,0
9,157,1,1,2,1,261,477,786,408,1194,0,4,0.636298597,0
9,158,1,1,2,1,175,376,728,416,1144,0,5,0.645554972,0
9,159,1,1,1,1,287,515,780,432,1212,0,6,0.655059146,0
9,160,1,1,2,0,NaN,NaN,NaN,NaN,NaN,0,0,NaN,0
9,161,1,1,1,1,193,429,676,384,1060,0,0,0.661211433,0
9,162,1,1,1,1,227,439,724,280,1004,0,1,0.627539193,0
9,163,1,1,2,1,238,453,796,384,1180,0,2,0.632825795,0
9,164,1,1,1,0,NaN,NaN,NaN,NaN,NaN,0,0,NaN,0
9,165,1,1,1,1,207,404,756,392,1148,0,0,0.624302488,0
9,166,1,1,1,0,NaN,NaN,NaN,NaN,NaN,0,0,NaN,0
9,167,1,1,1,1,244,621,950,368,1318,0,0,0.656526622,0
9,168,1,1,2,1,318,558,926,352,1278,0,1,0.690337083,0
9,169,1,1,1,0,NaN,NaN,NaN,NaN,NaN,0,0,NaN,0
9,170,1,1,1,1,193,459,778,352,1130,0,0,0.67770195,0
9,171,1,1,2,1,228,467,786,360,1146,0,1,0.643497169,0
9,172,1,1,2,1,253,509,866,344,1210,0,2,0.629809729,0
9,173,1,1,1,1,238,468,724,295,1019,0,3,0.620648098,0
9,174,1,1,2,1,221,485,816,328,1144,0,4,0.611122691,0
9,175,1,1,2,1,228,446,778,416,1194,0,5,0.620511974,0
9,176,1,1,2,1,311,598,952,352,1304,0,6,0.659348045,0
9,177,1,1,2,0,NaN,NaN,NaN,NaN,NaN,0,0,NaN,0
9,178,1,1,2,0,NaN,NaN,NaN,NaN,NaN,0,0,NaN,0
9,179,1,1,1,0,NaN,NaN,NaN,NaN,NaN,0,0,NaN,0
9,180,1,1,1,1,229,456,884,336,1220,0,-2,0.63963098,0
9,181,1,1,2,0,NaN,NaN,NaN,NaN,NaN,0,0,NaN,0
9,182,1,1,1,1,239,484,806,328,1134,0,0,0.625074535,0
9,183,1,1,2,1,393,638,990,336,1326,0,1,0.627058811,0
9,184,1,1,2,1,241,459,812,320,1132,0,2,0.624744264,0
9,185,1,1,2,0,NaN,NaN,NaN,NaN,NaN,0,0,NaN,0
9,186,1,1,1,1,229,589,982,336,1318,0,0,0.636932235,0
9,187,1,1,2,0,NaN,NaN,NaN,NaN,NaN,0,0,NaN,0
9,188,1,1,2,1,427,647,972,376,1348,0,0,0.632270985,0
9,189,1,1,1,1,356,653,944,344,1288,0,1,0.631385108,0
9,190,1,1,1,1,236,443,696,344,1040,0,2,0.606666104,0
9,191,1,1,2,1,205,428,700,384,1084,0,3,0.586135618,0
9,192,1,1,2,1,257,469,806,328,1134,0,4,0.65858352,0
9,193,1,1,1,1,186,464,738,416,1154,0,5,0.66151967,0
9,194,1,1,1,1,224,516,892,368,1260,0,6,0.638138191,0
9,195,1,1,2,1,203,424,774,320,1094,0,7,0.610799694,0
9,196,1,1,2,1,302,533,888,408,1296,0,8,0.611281915,0
9,197,1,1,2,0,NaN,NaN,NaN,NaN,NaN,0,0,NaN,0
9,198,1,1,1,1,175,426,704,384,1088,0,0,0.62503125,0
9,199,1,1,1,1,244,492,714,432,1146,0,1,0.612453777,0
9,200,1,1,2,1,277,517,796,416,1212,0,2,0.598264301,0
9,201,1,1,2,1,220,461,758,336,1094,0,3,0.624488233,0
9,202,1,1,1,0,NaN,NaN,NaN,NaN,NaN,0,0,NaN,0
9,203,1,1,2,0,NaN,NaN,NaN,NaN,NaN,0,0,NaN,0
9,204,1,1,1,1,233,456,768,304,1072,0,-1,0.636517245,0
9,205,1,1,2,1,236,474,896,336,1232,0,1,0.68704403,0
9,206,1,1,2,0,NaN,NaN,NaN,NaN,NaN,0,0,NaN,0
9,207,1,1,1,1,312,669,972,288,1260,0,0,0.636164596,0
9,208,1,1,2,1,242,521,804,344,1148,0,1,0.638402271,0
9,209,1,1,2,1,233,473,824,336,1160,0,2,0.660801417,0
9,210,1,1,1,1,198,447,700,384,1084,0,3,0.658668261,0
9,211,1,1,1,1,246,487,720,384,1104,0,4,0.585155097,0
9,212,1,1,1,0,NaN,NaN,NaN,NaN,NaN,0,0,NaN,0
9,213,1,1,2,1,232,497,808,368,1176,0,0,0.590880497,0
9,214,1,1,1,1,211,477,782,352,1134,0,1,0.659010844,0
9,215,1,1,2,1,349,609,964,376,1340,0,2,0.567628504,0
9,216,1,1,1,0,NaN,NaN,NaN,NaN,NaN,0,0,NaN,0
9,217,1,1,2,1,379,655,966,386,1352,0,0,0.595095823,0
9,218,1,1,2,1,233,516,874,328,1202,0,1,0.645541513,0
9,219,1,1,1,0,NaN,NaN,NaN,NaN,NaN,0,0,NaN,0
9,220,1,1,2,1,273,577,924,344,1268,0,0,0.60877206,0
9,221,1,1,1,0,NaN,NaN,NaN,NaN,NaN,0,0,NaN,0
9,222,1,1,2,1,228,428,792,320,1112,0,0,0.597459857,0
9,223,1,1,1,1,179,487,792,352,1144,0,1,0.671428411,0
9,224,1,1,2,1,181,373,702,352,1054,0,2,0.550920414,0
9,225,1,1,1,1,262,502,764,336,1100,0,3,0.613860399,0
9,226,1,1,1,1,198,471,788,336,1124,0,4,0.642640157,0
9,227,1,1,1,0,NaN,NaN,NaN,NaN,NaN,0,0,NaN,0
9,228,1,1,2,1,252,494,826,376,1202,0,0,0.598922557,0
9,229,1,1,2,1,250,563,954,400,1354,0,1,0.65568935,0
9,230,1,1,2,1,293,546,886,352,1238,0,2,0.659085106,0
9,231,1,1,1,0,NaN,NaN,NaN,NaN,NaN,0,0,NaN,0
9,232,1,1,1,1,266,577,834,312,1146,0,0,0.740156495,0
9,233,1,1,1,1,223,539,824,384,1208,0,1,0.666060866,0
9,234,1,1,1,1,189,549,856,432,1288,0,2,0.633813687,0
9,235,1,1,1,1,247,520,788,384,1172,0,3,0.681136655,0
9,236,1,1,2,1,204,430,772,368,1140,0,4,0.652372757,0
9,237,1,1,1,1,205,432,736,424,1160,0,5,0.592460524,0
9,238,1,1,1,1,347,624,870,392,1262,0,6,0.608376445,0
9,239,1,1,2,0,NaN,NaN,NaN,NaN,NaN,0,0,NaN,0
9,240,1,1,1,0,NaN,NaN,NaN,NaN,NaN,0,0,NaN,0
10,1,1,1,1,0,NaN,NaN,NaN,NaN,NaN,0,0,NaN,0
10,2,1,1,2,1,237,494,724,312,1036,0,0,0.722258339,0
10,3,1,1,1,1,209,415,620,216,836,0,1,0.672215505,0
10,4,1,1,2,1,162,357,674,352,1026,0,2,0.616711028,0
10,5,1,1,1,1,214,439,694,208,902,0,3,0.735094597,0
10,6,1,1,2,1,167,476,724,248,972,0,4,0.560298205,0
10,7,1,1,1,0,NaN,NaN,NaN,NaN,NaN,0,0,NaN,0
10,8,1,1,2,1,NaN,NaN,NaN,NaN,NaN,1,0,NaN,1
10,9,1,1,2,1,311,464,682,320,1002,0,1,0.650719471,0
10,10,1,1,2,1,230,461,700,248,948,0,2,0.680438618,0
10,11,1,1,1,1,195,432,668,240,908,0,3,0.659070154,0
10,12,1,1,1,1,202,451,710,216,926,0,4,0.708249949,0
10,13,1,1,2,1,180,465,706,272,978,0,5,0.762866715,0
10,14,1,1,1,0,NaN,NaN,NaN,NaN,NaN,0,0,NaN,0
10,15,1,1,1,1,271,520,720,224,944,0,0,0.636301109,0
10,16,1,1,1,1,154,433,686,184,870,0,1,0.683370497,0
10,17,1,1,2,0,NaN,NaN,NaN,NaN,NaN,0,0,NaN,0
10,18,1,1,2,1,210,436,688,248,936,0,0,0.691996158,0
10,19,1,1,2,1,192,440,662,336,998,0,1,0.639711074,0
10,20,1,1,2,0,NaN,NaN,NaN,NaN,NaN,0,0,NaN,0
10,21,1,1,2,1,219,468,698,328,1026,0,0,0.686506595,0
10,22,1,1,1,0,NaN,NaN,NaN,NaN,NaN,0,0,NaN,0
10,23,1,1,1,1,194,457,676,262,938,0,0,0.656453125,0
10,24,1,1,2,1,193,423,650,344,994,0,1,0.694234255,0
10,25,1,1,2,0,NaN,NaN,NaN,NaN,NaN,0,0,NaN,0
10,26,1,1,1,1,200,430,660,280,940,0,0,0.729849984,0
10,27,1,1,2,1,218,501,732,328,1060,0,1,0.717128602,0
10,28,1,1,2,1,197,413,674,288,962,0,2,0.601639883,0
10,29,1,1,1,1,298,520,738,296,1034,0,3,0.742609129,0
10,30,1,1,1,1,176,422,636,264,900,0,4,0.62752582,0
10,31,1,1,2,1,263,503,756,320,1076,0,5,0.776790607,0
10,32,1,1,2,1,257,430,614,328,942,0,6,0.616053266,0
10,33,1,1,1,1,221,481,718,272,990,0,7,0.693416564,0
10,34,1,1,2,0,NaN,NaN,NaN,NaN,NaN,0,0,NaN,0
10,35,1,1,1,1,171,433,722,288,1010,0,0,0.672609822,0
10,36,1,1,1,1,231,452,698,328,1026,0,1,0.647435869,0
10,37,1,1,2,1,170,412,676,336,1012,0,2,0.669537525,0
10,38,1,1,1,1,173,428,652,248,900,0,3,0.675946462,0
10,39,1,1,1,0,NaN,NaN,NaN,NaN,NaN,0,0,NaN,0
10,40,1,1,2,1,204,454,758,312,1070,0,0,0.712415902,0
10,41,1,1,2,1,284,543,814,360,1174,0,1,0.714996708,0
10,42,1,1,2,1,248,506,766,376,1142,0,2,0.787353878,0
10,43,1,1,1,1,295,521,728,248,976,0,3,0.771517655,0
10,44,1,1,1,1,235,439,664,280,944,0,4,0.671986409,0
10,45,1,1,2,0,NaN,NaN,NaN,NaN,NaN,0,0,NaN,0
10,46,1,1,1,0,NaN,NaN,NaN,NaN,NaN,0,0,NaN,0
10,47,1,1,1,1,221,472,720,304,1024,0,-1,0.627170845,0
10,48,1,1,1,1,181,445,720,232,952,0,1,0.595589892,0
10,49,1,1,2,1,258,562,820,304,1124,0,2,0.700777956,0
10,50,1,1,2,0,NaN,NaN,NaN,NaN,NaN,0,0,NaN,0
10,51,1,1,1,1,186,455,688,296,984,0,0,0.686161205,0
10,52,1,1,2,1,197,469,694,296,990,0,1,0.689735068,0
10,53,1,1,1,0,NaN,NaN,NaN,NaN,NaN,0,0,NaN,0
10,54,1,1,1,0,NaN,NaN,NaN,NaN,NaN,0,0,NaN,0
10,55,1,1,1,1,239,520,828,296,1124,0,-1,0.688670684,0
10,56,1,1,2,0,NaN,NaN,NaN,NaN,NaN,0,0,NaN,0
10,57,1,1,1,1,203,523,734,328,1062,0,0,0.781635207,0
10,58,1,1,1,1,239,503,714,264,978,0,1,0.65091755,0
10,59,1,1,2,1,172,452,664,280,944,0,2,0.803522478,0
10,60,1,1,2,1,227,472,722,352,1074,0,3,0.695308153,0
10,61,1,1,2,1,209,374,616,360,976,0,4,0.613232821,0
10,62,1,1,2,1,352,581,796,304,1100,0,5,0.749612275,0
10,63,1,1,2,0,NaN,NaN,NaN,NaN,NaN,0,0,NaN,0
10,64,1,1,2,1,173,405,758,320,1078,0,0,0.606004063,0
10,65,1,1,2,1,222,496,762,344,1106,0,1,0.700523081,0
10,66,1,1,1,1,211,453,686,256,942,0,2,0.698163194,0
10,67,1,1,2,1,158,448,724,352,1076,0,3,0.712929944,0
10,68,1,1,1,0,NaN,NaN,NaN,NaN,NaN,0,0,NaN,0
10,69,1,1,1,0,NaN,NaN,NaN,NaN,NaN,0,0,NaN,0
10,70,1,1,1,1,262,500,782,336,1118,0,-1,0.596628073,0
10,71,1,1,2,1,257,522,764,352,1116,0,1,0.772796644,0
10,72,1,1,2,1,216,486,738,352,1090,0,2,0.680755885,0
10,73,1,1,1,1,166,447,716,232,948,0,3,0.717418047,0
10,74,1,1,1,1,234,480,754,256,1010,0,4,0.704454561,0
10,75,1,1,2,1,200,677,838,280,1118,0,5,0.61364545,0
10,76,1,1,1,1,179,428,716,256,972,0,6,0.615864077,0
10,77,1,1,1,1,164,440,722,320,1042,0,7,0.636057027,0
10,78,1,1,1,1,187,440,676,328,1004,0,8,0.709034354,0
10,79,1,1,1,1,211,422,722,248,970,0,9,0.595520277,0
10,80,1,1,2,0,NaN,NaN,NaN,NaN,NaN,0,0,NaN,0
10,81,1,1,1,1,213,590,766,252,1018,0,0,0.773400976,0
10,82,1,1,1,0,NaN,NaN,NaN,NaN,NaN,0,0,NaN,0
10,83,1,1,2,1,211,502,764,386,1150,0,0,0.630218782,0
10,84,1,1,1,1,197,505,768,296,1064,0,1,0.771372085,0
10,85,1,1,2,1,170,440,690,360,1050,0,2,0.668116013,0
10,86,1,1,2,1,195,489,768,472,1240,0,3,0.667011409,0
10,87,1,1,2,1,155,377,718,424,1142,0,4,0.676264819,0
10,88,1,1,1,1,NaN,NaN,NaN,NaN,NaN,1,5,NaN,1
10,89,1,1,2,1,150,385,686,384,1070,0,6,0.685588163,0
10,90,1,1,1,1,156,446,716,296,1012,0,7,0.727600214,0
10,91,1,1,2,0,NaN,NaN,NaN,NaN,NaN,0,0,NaN,0
10,92,1,1,1,0,NaN,NaN,NaN,NaN,NaN,0,0,NaN,0
10,93,1,1,1,0,NaN,NaN,NaN,NaN,NaN,0,0,NaN,0
10,94,1,1,2,1,276,575,852,424,1276,0,-2,0.688640034,0
10,95,1,1,2,1,172,456,770,368,1138,0,1,0.67390236,0
10,96,1,1,2,0,NaN,NaN,NaN,NaN,NaN,0,0,NaN,0
10,97,1,1,1,1,198,469,820,272,1092,0,0,0.676381727,0
10,98,1,1,2,0,NaN,NaN,NaN,NaN,NaN,0,0,NaN,0
10,99,1,1,1,1,202,417,694,272,966,0,0,0.607931711,0
10,100,1,1,1,1,218,454,752,272,1024,0,1,0.615466741,0
10,101,1,1,1,1,210,515,794,264,1058,0,2,0.715068407,0
10,102,1,1,1,1,343,718,958,264,1222,0,3,0.723890437,0
10,103,1,1,1,1,234,509,778,272,1050,0,4,0.653730855,0
10,104,1,1,2,0,NaN,NaN,NaN,NaN,NaN,0,0,NaN,0
10,105,1,1,2,1,NaN,NaN,NaN,NaN,NaN,1,0,NaN,1
10,106,1,1,1,1,300,587,842,232,1074,0,1,0.777362598,0
10,107,1,1,1,1,200,442,742,280,1022,0,2,0.679046147,0
10,108,1,1,2,1,297,470,778,416,1194,0,3,0.638134099,0
10,109,1,1,2,1,329,596,894,376,1270,0,4,0.744944538,0
10,110,1,1,2,1,207,473,806,400,1206,0,5,0.650714658,0
10,111,1,1,1,0,NaN,NaN,NaN,NaN,NaN,0,0,NaN,0
10,112,1,1,1,0,NaN,NaN,NaN,NaN,NaN,0,0,NaN,0
10,113,1,1,2,1,214,502,816,416,1232,0,-1,0.69590003,0
10,114,1,1,1,1,192,467,746,264,1010,0,1,0.703134317,0
10,115,1,1,2,1,214,519,800,400,1200,0,2,0.725992373,0
10,116,1,1,2,1,181,436,750,400,1150,0,3,0.657731716,0
10,117,1,1,2,1,232,474,790,480,1270,0,4,0.687959855,0
10,118,1,1,2,0,NaN,NaN,NaN,NaN,NaN,0,0,NaN,0
10,119,1,1,1,0,NaN,NaN,NaN,NaN,NaN,0,0,NaN,0
10,120,1,1,1,1,245,545,840,264,1104,0,-1,0.66508081,0
10,121,1,2,1,0,NaN,NaN,NaN,NaN,NaN,0,0,NaN,0
10,122,1,2,1,0,NaN,NaN,NaN,NaN,NaN,0,0,NaN,0
10,123,1,2,2,0,NaN,NaN,NaN,NaN,NaN,0,0,NaN,0
10,124,1,2,2,1,230,461,810,408,1218,0,-2,0.695784843,0
10,125,1,2,1,0,NaN,NaN,NaN,NaN,NaN,0,0,NaN,0
10,126,1,2,1,1,348,570,838,264,1102,0,0,0.681749869,0
10,127,1,2,2,0,NaN,NaN,NaN,NaN,NaN,0,0,NaN,0
10,128,1,2,2,1,240,486,812,416,1228,0,0,0.687075507,0
10,129,1,2,1,0,NaN,NaN,NaN,NaN,NaN,1,0,NaN,0
10,130,1,2,1,0,NaN,NaN,NaN,NaN,NaN,0,0,NaN,0
10,131,1,2,1,1,316,578,842,240,1082,0,-1,0.707684958,0
10,132,1,2,1,0,NaN,NaN,NaN,NaN,NaN,0,0,NaN,0
10,133,1,2,1,0,NaN,NaN,NaN,NaN,NaN,0,0,NaN,0
10,134,1,2,2,0,NaN,NaN,NaN,NaN,NaN,0,0,NaN,0
10,135,1,2,2,0,NaN,NaN,NaN,NaN,NaN,0,0,NaN,0
10,136,1,2,2,0,NaN,NaN,NaN,NaN,NaN,0,0,NaN,0
10,137,1,2,1,0,NaN,NaN,NaN,NaN,NaN,0,0,NaN,0
10,138,1,2,2,1,292,507,858,368,1226,0,-5,0.67466783,0
10,139,1,2,1,0,NaN,NaN,NaN,NaN,NaN,0,0,NaN,0
10,140,1,2,2,0,NaN,NaN,NaN,NaN,NaN,0,0,NaN,0
10,141,1,2,1,0,NaN,NaN,NaN,NaN,NaN,0,0,NaN,0
10,142,1,2,2,0,NaN,NaN,NaN,NaN,NaN,0,0,NaN,0
10,143,1,2,1,0,NaN,NaN,NaN,NaN,NaN,0,0,NaN,0
10,144,1,2,1,1,218,472,844,296,1140,0,-4,0.6560878,0
10,145,1,2,2,0,NaN,NaN,NaN,NaN,NaN,0,0,NaN,0
10,146,1,2,1,0,NaN,NaN,NaN,NaN,NaN,0,0,NaN,0
10,147,1,2,1,0,NaN,NaN,NaN,NaN,NaN,0,0,NaN,0
10,148,1,2,2,0,NaN,NaN,NaN,NaN,NaN,0,0,NaN,0
10,149,1,2,1,0,NaN,NaN,NaN,NaN,NaN,0,0,NaN,0
10,150,1,2,1,1,321,555,866,326,1192,0,-4,0.610609814,0
10,151,1,2,2,0,NaN,NaN,NaN,NaN,NaN,0,0,NaN,0
10,152,1,2,2,1,268,464,832,400,1232,0,0,0.707386573,0
10,153,1,2,2,0,NaN,NaN,NaN,NaN,NaN,0,0,NaN,0
10,154,1,2,2,0,NaN,NaN,NaN,NaN,NaN,0,0,NaN,0
10,155,1,2,2,0,NaN,NaN,NaN,NaN,NaN,0,0,NaN,0
10,156,1,2,1,0,NaN,NaN,NaN,NaN,NaN,0,0,NaN,0
10,157,1,2,2,0,NaN,NaN,NaN,NaN,NaN,0,0,NaN,0
10,158,1,2,2,0,NaN,NaN,NaN,NaN,NaN,0,0,NaN,0
10,159,1,2,1,0,NaN,NaN,NaN,NaN,NaN,0,0,NaN,0
10,160,1,2,2,1,255,511,840,384,1224,0,-6,0.700982375,0
10,161,1,2,1,0,NaN,NaN,NaN,NaN,NaN,0,0,NaN,0
10,162,1,2,1,0,NaN,NaN,NaN,NaN,NaN,0,0,NaN,0
10,163,1,2,2,0,NaN,NaN,NaN,NaN,NaN,0,0,NaN,0
10,164,1,2,1,1,287,494,802,416,1218,0,-2,0.62101266,0
10,165,1,2,1,0,NaN,NaN,NaN,NaN,NaN,0,0,NaN,0
10,166,1,2,1,1,290,526,834,432,1266,0,0,0.599791471,0
10,167,1,2,1,0,NaN,NaN,NaN,NaN,NaN,0,0,NaN,0
10,168,1,2,2,0,NaN,NaN,NaN,NaN,NaN,0,0,NaN,0
10,169,1,2,1,1,405,658,894,384,1278,0,-1,0.59618638,0
10,170,1,2,1,0,NaN,NaN,NaN,NaN,NaN,0,0,NaN,0
10,171,1,2,2,0,NaN,NaN,NaN,NaN,NaN,0,0,NaN,0
10,172,1,2,2,0,NaN,NaN,NaN,NaN,NaN,0,0,NaN,0
10,173,1,2,1,0,NaN,NaN,NaN,NaN,NaN,0,0,NaN,0
10,174,1,2,2,0,NaN,NaN,NaN,NaN,NaN,0,0,NaN,0
10,175,1,2,2,0,NaN,NaN,NaN,NaN,NaN,0,0,NaN,0
10,176,1,2,2,0,NaN,NaN,NaN,NaN,NaN,0,0,NaN,0
10,177,1,2,2,1,357,595,986,432,1418,0,-6,0.721390018,0
10,178,1,2,2,1,NaN,NaN,NaN,NaN,NaN,1,1,NaN,1
10,179,1,2,1,1,387,678,870,416,1286,0,2,0.595846652,0
10,180,1,2,1,0,NaN,NaN,NaN,NaN,NaN,0,0,NaN,0
10,181,1,2,2,1,169,406,680,352,1032,0,0,0.727948859,0
10,182,1,2,1,0,NaN,NaN,NaN,NaN,NaN,0,0,NaN,0
10,183,1,2,2,0,NaN,NaN,NaN,NaN,NaN,0,0,NaN,0
10,184,1,2,2,0,NaN,NaN,NaN,NaN,NaN,0,0,NaN,0
10,185,1,2,2,1,393,609,904,384,1288,0,-2,0.722817338,0
10,186,1,2,1,0,NaN,NaN,NaN,NaN,NaN,0,0,NaN,0
10,187,1,2,2,1,247,563,778,376,1154,0,0,0.682094702,0
10,188,1,2,2,0,NaN,NaN,NaN,NaN,NaN,0,0,NaN,0
10,189,1,2,1,0,NaN,NaN,NaN,NaN,NaN,0,0,NaN,0
10,190,1,2,1,0,NaN,NaN,NaN,NaN,NaN,0,0,NaN,0
10,191,1,2,2,0,NaN,NaN,NaN,NaN,NaN,0,0,NaN,0
10,192,1,2,2,0,NaN,NaN,NaN,NaN,NaN,0,0,NaN,0
10,193,1,2,1,0,NaN,NaN,NaN,NaN,NaN,0,0,NaN,0
10,194,1,2,1,0,NaN,NaN,NaN,NaN,NaN,0,0,NaN,0
10,195,1,2,2,0,NaN,NaN,NaN,NaN,NaN,0,0,NaN,0
10,196,1,2,2,0,NaN,NaN,NaN,NaN,NaN,0,0,NaN,0
10,197,1,2,2,1,226,500,774,424,1198,0,-8,0.667691922,0
10,198,1,2,1,0,NaN,NaN,NaN,NaN,NaN,0,0,NaN,0
10,199,1,2,1,0,NaN,NaN,NaN,NaN,NaN,0,0,NaN,0
10,200,1,2,2,0,NaN,NaN,NaN,NaN,NaN,0,0,NaN,0
10,201,1,2,2,0,NaN,NaN,NaN,NaN,NaN,0,0,NaN,0
10,202,1,2,1,1,NaN,NaN,NaN,NaN,NaN,1,-3,NaN,1
10,203,1,2,2,1,260,552,744,416,1160,0,1,0.686163781,0
10,204,1,2,1,0,NaN,NaN,NaN,NaN,NaN,0,0,NaN,0
10,205,1,2,2,0,NaN,NaN,NaN,NaN,NaN,0,0,NaN,0
10,206,1,2,2,1,250,499,786,432,1218,0,-1,0.690655773,0
10,207,1,2,1,0,NaN,NaN,NaN,NaN,NaN,0,0,NaN,0
10,208,1,2,2,0,NaN,NaN,NaN,NaN,NaN,0,0,NaN,0
10,209,1,2,2,0,NaN,NaN,NaN,NaN,NaN,0,0,NaN,0
10,210,1,2,1,0,NaN,NaN,NaN,NaN,NaN,0,0,NaN,0
10,211,1,2,1,0,NaN,NaN,NaN,NaN,NaN,0,0,NaN,0
10,212,1,2,1,1,364,564,822,464,1286,0,-4,0.664337746,0
10,213,1,2,2,0,NaN,NaN,NaN,NaN,NaN,0,0,NaN,0
10,214,1,2,1,0,NaN,NaN,NaN,NaN,NaN,0,0,NaN,0
10,215,1,2,2,0,NaN,NaN,NaN,NaN,NaN,0,0,NaN,0
10,216,1,2,1,1,256,496,702,530,1232,0,-2,0.578832311,0
10,217,1,2,2,0,NaN,NaN,NaN,NaN,NaN,0,0,NaN,0
10,218,1,2,2,0,NaN,NaN,NaN,NaN,NaN,0,0,NaN,0
10,219,1,2,1,1,222,455,738,496,1234,0,-1,0.605576049,0
10,220,1,2,2,0,NaN,NaN,NaN,NaN,NaN,0,0,NaN,0
10,221,1,2,1,1,353,527,780,368,1148,0,0,0.600196305,0
10,222,1,2,2,0,NaN,NaN,NaN,NaN,NaN,0,0,NaN,0
10,223,1,2,1,0,NaN,NaN,NaN,NaN,NaN,0,0,NaN,0
10,224,1,2,2,0,NaN,NaN,NaN,NaN,NaN,0,0,NaN,0
10,225,1,2,1,0,NaN,NaN,NaN,NaN,NaN,0,0,NaN,0
10,226,1,2,1,0,NaN,NaN,NaN,NaN,NaN,0,0,NaN,0
10,227,1,2,1,1,252,486,784,328,1112,0,-4,0.626162907,0
10,228,1,2,2,0,NaN,NaN,NaN,NaN,NaN,0,0,NaN,0
10,229,1,2,2,0,NaN,NaN,NaN,NaN,NaN,0,0,NaN,0
10,230,1,2,2,0,NaN,NaN,NaN,NaN,NaN,0,0,NaN,0
10,231,1,2,1,1,216,493,746,312,1058,0,-2,0.684628741,0
10,232,1,2,1,0,NaN,NaN,NaN,NaN,NaN,0,0,NaN,0
10,233,1,2,1,0,NaN,NaN,NaN,NaN,NaN,0,0,NaN,0
10,234,1,2,1,0,NaN,NaN,NaN,NaN,NaN,0,0,NaN,0
10,235,1,2,1,0,NaN,NaN,NaN,NaN,NaN,0,0,NaN,0
10,236,1,2,2,0,NaN,NaN,NaN,NaN,NaN,0,0,NaN,0
10,237,1,2,1,0,NaN,NaN,NaN,NaN,NaN,0,0,NaN,0
10,238,1,2,1,0,NaN,NaN,NaN,NaN,NaN,0,0,NaN,0
10,239,1,2,2,1,NaN,NaN,NaN,NaN,NaN,1,-6,NaN,1
10,240,1,2,1,1,261,498,832,360,1192,0,1,0.652008174,0
11,1,1,2,2,0,NaN,NaN,NaN,NaN,NaN,0,0,NaN,0
11,2,1,2,1,0,NaN,NaN,NaN,NaN,NaN,0,0,NaN,0
11,3,1,2,2,1,207,421,660,360,1020,0,-1,0.778298944,0
11,4,1,2,2,0,NaN,NaN,NaN,NaN,NaN,0,0,NaN,0
11,5,1,2,2,1,192,392,586,376,962,0,0,0.778619907,0
11,6,1,2,1,0,NaN,NaN,NaN,NaN,NaN,0,0,NaN,0
11,7,1,2,1,0,NaN,NaN,NaN,NaN,NaN,0,0,NaN,0
11,8,1,2,2,0,NaN,NaN,NaN,NaN,NaN,0,0,NaN,0
11,9,1,2,1,0,NaN,NaN,NaN,NaN,NaN,0,0,NaN,0
11,10,1,2,1,1,253,520,738,264,1002,0,-3,0.769206511,0
11,11,1,2,2,0,NaN,NaN,NaN,NaN,NaN,0,0,NaN,0
11,12,1,2,2,0,NaN,NaN,NaN,NaN,NaN,0,0,NaN,0
11,13,1,2,1,0,NaN,NaN,NaN,NaN,NaN,0,0,NaN,0
11,14,1,2,2,0,NaN,NaN,NaN,NaN,NaN,0,0,NaN,0
11,15,1,2,2,0,NaN,NaN,NaN,NaN,NaN,0,0,NaN,0
11,16,1,2,2,0,NaN,NaN,NaN,NaN,NaN,0,0,NaN,0
11,17,1,2,1,1,375,707,934,296,1230,0,-5,0.647682201,0
11,18,1,2,1,0,NaN,NaN,NaN,NaN,NaN,0,0,NaN,0
11,19,1,2,1,1,282,525,752,168,920,0,0,0.62538637,0
11,20,1,2,2,0,NaN,NaN,NaN,NaN,NaN,0,0,NaN,0
11,21,1,2,1,1,240,458,666,248,914,0,0,0.68856286,0
11,22,1,2,2,1,265,469,1116,208,1324,0,1,0.617026965,0
11,23,1,2,1,0,NaN,NaN,NaN,NaN,NaN,0,0,NaN,0
11,24,1,2,2,0,NaN,NaN,NaN,NaN,NaN,0,0,NaN,0
11,25,1,2,2,0,NaN,NaN,NaN,NaN,NaN,0,0,NaN,0
11,26,1,2,2,0,NaN,NaN,NaN,NaN,NaN,0,0,NaN,0
11,27,1,2,2,1,456,684,882,272,1154,0,-3,0.874471503,0
11,28,1,2,1,0,NaN,NaN,NaN,NaN,NaN,0,0,NaN,0
11,29,1,2,2,0,NaN,NaN,NaN,NaN,NaN,0,0,NaN,0
11,30,1,2,1,1,233,428,612,208,820,0,-1,0.889129906,0
11,31,1,2,1,0,NaN,NaN,NaN,NaN,NaN,0,0,NaN,0
11,32,1,2,2,0,NaN,NaN,NaN,NaN,NaN,0,0,NaN,0
11,33,1,2,2,0,NaN,NaN,NaN,NaN,NaN,0,0,NaN,0
11,34,1,2,2,1,186,427,630,240,870,0,-2,0.792395669,0
11,35,1,2,1,0,NaN,NaN,NaN,NaN,NaN,0,0,NaN,0
11,36,1,2,2,0,NaN,NaN,NaN,NaN,NaN,0,0,NaN,0
11,37,1,2,1,0,NaN,NaN,NaN,NaN,NaN,0,0,NaN,0
11,38,1,2,2,1,384,597,922,576,1498,0,-2,0.6886666,0
11,39,1,2,2,0,NaN,NaN,NaN,NaN,NaN,0,0,NaN,0
11,40,1,2,1,0,NaN,NaN,NaN,NaN,NaN,0,0,NaN,0
11,41,1,2,1,0,NaN,NaN,NaN,NaN,NaN,0,0,NaN,0
11,42,1,2,1,0,NaN,NaN,NaN,NaN,NaN,0,0,NaN,0
11,43,1,2,1,1,265,500,806,184,990,0,-3,0.705318652,0
11,44,1,2,2,0,NaN,NaN,NaN,NaN,NaN,0,0,NaN,0
11,45,1,2,1,1,214,446,800,392,1192,0,0,0.620328773,0
11,46,1,2,2,0,NaN,NaN,NaN,NaN,NaN,0,0,NaN,0
11,47,1,2,1,0,NaN,NaN,NaN,NaN,NaN,0,0,NaN,0
11,48,1,2,1,0,NaN,NaN,NaN,NaN,NaN,0,0,NaN,0
11,49,1,2,2,0,NaN,NaN,NaN,NaN,NaN,0,0,NaN,0
11,50,1,2,1,0,NaN,NaN,NaN,NaN,NaN,0,0,NaN,0
11,51,1,2,1,0,NaN,NaN,NaN,NaN,NaN,0,0,NaN,0
11,52,1,2,2,1,210,515,778,280,1058,0,-5,0.788328869,0
11,53,1,2,2,0,NaN,NaN,NaN,NaN,NaN,0,0,NaN,0
11,54,1,2,2,0,NaN,NaN,NaN,NaN,NaN,0,0,NaN,0
11,55,1,2,1,0,NaN,NaN,NaN,NaN,NaN,0,0,NaN,0
11,56,1,2,2,0,NaN,NaN,NaN,NaN,NaN,0,0,NaN,0
11,57,1,2,1,0,NaN,NaN,NaN,NaN,NaN,0,0,NaN,0
11,58,1,2,1,0,NaN,NaN,NaN,NaN,NaN,0,0,NaN,0
11,59,1,2,1,0,NaN,NaN,NaN,NaN,NaN,0,0,NaN,0
11,60,1,2,1,1,569,902,1166,280,1446,0,-6,0.6245684,0
11,61,1,2,1,0,NaN,NaN,NaN,NaN,NaN,0,0,NaN,0
11,62,1,2,2,0,NaN,NaN,NaN,NaN,NaN,0,0,NaN,0
11,63,1,2,2,0,NaN,NaN,NaN,NaN,NaN,0,0,NaN,0
11,64,1,2,2,0,NaN,NaN,NaN,NaN,NaN,0,0,NaN,0
11,65,1,2,2,0,NaN,NaN,NaN,NaN,NaN,0,0,NaN,0
11,66,1,2,2,0,NaN,NaN,NaN,NaN,NaN,0,0,NaN,0
11,67,1,2,1,0,NaN,NaN,NaN,NaN,NaN,0,0,NaN,0
11,68,1,2,1,0,NaN,NaN,NaN,NaN,NaN,0,0,NaN,0
11,69,1,2,1,0,NaN,NaN,NaN,NaN,NaN,0,0,NaN,0
11,70,1,2,1,0,NaN,NaN,NaN,NaN,NaN,0,0,NaN,0
11,71,1,2,1,0,NaN,NaN,NaN,NaN,NaN,0,0,NaN,0
11,72,1,2,2,0,NaN,NaN,NaN,NaN,NaN,0,0,NaN,0
11,73,1,2,2,0,NaN,NaN,NaN,NaN,NaN,0,0,NaN,0
11,74,1,2,1,1,429,714,1030,128,1158,0,-12,0.717231328,0
11,75,1,2,2,0,NaN,NaN,NaN,NaN,NaN,0,0,NaN,0
11,76,1,2,2,1,292,525,718,280,998,0,0,0.915109438,0
11,77,1,2,1,0,NaN,NaN,NaN,NaN,NaN,0,0,NaN,0
11,78,1,2,1,0,NaN,NaN,NaN,NaN,NaN,0,0,NaN,0
11,79,1,2,2,0,NaN,NaN,NaN,NaN,NaN,0,0,NaN,0
11,80,1,2,2,1,522,741,922,400,1322,0,-2,0.916214517,0
11,81,1,2,2,0,NaN,NaN,NaN,NaN,NaN,0,0,NaN,0
11,82,1,2,1,0,NaN,NaN,NaN,NaN,NaN,0,0,NaN,0
11,83,1,2,2,0,NaN,NaN,NaN,NaN,NaN,0,0,NaN,0
11,84,1,2,2,0,NaN,NaN,NaN,NaN,NaN,0,0,NaN,0
11,85,1,2,1,1,345,625,802,296,1098,0,-3,0.817004694,0
11,86,1,2,1,0,NaN,NaN,NaN,NaN,NaN,0,0,NaN,0
11,87,1,2,1,0,NaN,NaN,NaN,NaN,NaN,0,0,NaN,0
11,88,1,2,2,0,NaN,NaN,NaN,NaN,NaN,0,0,NaN,0
11,89,1,2,2,1,295,491,642,160,802,0,-2,0.868094554,0
11,90,1,2,2,0,NaN,NaN,NaN,NaN,NaN,0,0,NaN,0
11,91,1,2,2,0,NaN,NaN,NaN,NaN,NaN,0,0,NaN,0
11,92,1,2,2,0,NaN,NaN,NaN,NaN,NaN,0,0,NaN,0
11,93,1,2,2,0,NaN,NaN,NaN,NaN,NaN,0,0,NaN,0
11,94,1,2,1,0,NaN,NaN,NaN,NaN,NaN,0,0,NaN,0
11,95,1,2,2,1,287,536,738,248,986,0,-4,0.829366374,0
11,96,1,2,2,1,306,528,836,290,1126,0,1,0.628632609,0
11,97,1,2,1,0,NaN,NaN,NaN,NaN,NaN,0,0,NaN,0
11,98,1,2,1,0,NaN,NaN,NaN,NaN,NaN,0,0,NaN,0
11,99,1,2,1,0,NaN,NaN,NaN,NaN,NaN,0,0,NaN,0
11,100,1,2,1,0,NaN,NaN,NaN,NaN,NaN,0,0,NaN,0
11,101,1,2,1,1,303,631,828,200,1028,0,-3,0.773956551,0
11,102,1,2,1,0,NaN,NaN,NaN,NaN,NaN,0,0,NaN,0
11,103,1,2,1,1,273,482,814,256,1070,0,0,0.649318135,0
11,104,1,2,2,0,NaN,NaN,NaN,NaN,NaN,0,0,NaN,0
11,105,1,2,1,1,159,427,726,296,1022,0,0,0.657025581,0
11,106,1,2,2,0,NaN,NaN,NaN,NaN,NaN,0,0,NaN,0
11,107,1,2,1,1,383,640,972,216,1188,0,0,0.693060017,0
11,108,1,2,1,0,NaN,NaN,NaN,NaN,NaN,0,0,NaN,0
11,109,1,2,2,1,374,633,838,232,1070,0,0,0.858515028,0
11,110,1,2,1,0,NaN,NaN,NaN,NaN,NaN,0,0,NaN,0
11,111,1,2,2,1,292,548,856,280,1136,0,0,0.754909822,0
11,112,1,2,1,0,NaN,NaN,NaN,NaN,NaN,0,0,NaN,0
11,113,1,2,1,1,260,586,792,232,1024,0,0,0.665966058,0
11,114,1,2,1,0,NaN,NaN,NaN,NaN,NaN,0,0,NaN,0
11,115,1,2,2,0,NaN,NaN,NaN,NaN,NaN,0,0,NaN,0
11,116,1,2,1,0,NaN,NaN,NaN,NaN,NaN,0,0,NaN,0
11,117,1,2,2,0,NaN,NaN,NaN,NaN,NaN,0,0,NaN,0
11,118,1,2,1,1,493,838,998,184,1182,0,-3,0.631743162,0
11,119,1,2,2,0,NaN,NaN,NaN,NaN,NaN,0,0,NaN,0
11,120,1,2,2,0,NaN,NaN,NaN,NaN,NaN,0,0,NaN,0
11,121,1,1,2,1,293,487,718,280,998,0,-1,0.71951154,0
11,122,1,1,1,0,NaN,NaN,NaN,NaN,NaN,0,0,NaN,0
11,123,1,1,1,0,NaN,NaN,NaN,NaN,NaN,0,0,NaN,0
11,124,1,1,1,1,285,577,766,176,942,0,-1,0.807196176,0
11,125,1,1,2,1,444,674,918,200,1118,0,1,0.775257235,0
11,126,1,1,2,1,228,489,812,280,1092,0,2,0.559329808,0
11,127,1,1,1,1,236,574,804,224,1028,0,3,0.75159713,0
11,128,1,1,1,1,207,430,698,122,820,0,4,0.742155907,0
11,129,1,1,1,1,220,540,782,216,998,0,5,0.615173751,0
11,130,1,1,2,1,290,567,744,240,984,0,6,0.844223994,0
11,131,1,1,1,1,254,531,708,232,940,0,7,0.675421108,0
11,132,1,1,1,1,254,522,776,120,896,0,8,0.569274328,0
11,133,1,1,1,1,208,553,764,128,892,0,9,0.611039499,0
11,134,1,1,2,1,179,456,680,296,976,0,10,0.8574383,0
11,135,1,1,2,1,299,539,738,328,1066,0,11,0.854598408,0
11,136,1,1,2,1,217,493,688,368,1056,0,12,0.675019604,0
11,137,1,1,1,1,193,461,672,152,824,0,13,0.760773238,0
11,138,1,1,2,1,179,456,648,464,1112,0,14,0.772820243,0
11,139,1,1,1,1,345,586,820,248,1068,0,15,0.66876305,0
11,140,1,1,2,0,NaN,NaN,NaN,NaN,NaN,0,0,NaN,0
11,141,1,1,1,1,354,657,820,128,948,0,0,0.735747852,0
11,142,1,1,1,0,NaN,NaN,NaN,NaN,NaN,0,0,NaN,0
11,143,1,1,2,1,282,520,822,368,1190,0,0,0.835878908,0
11,144,1,1,1,1,202,442,712,328,1040,0,1,0.720778668,0
11,145,1,1,1,0,NaN,NaN,NaN,NaN,NaN,0,0,NaN,0
11,146,1,1,2,0,NaN,NaN,NaN,NaN,NaN,0,0,NaN,0
11,147,1,1,1,1,241,535,762,264,1026,0,-1,0.680606553,0
11,148,1,1,2,0,NaN,NaN,NaN,NaN,NaN,0,0,NaN,0
11,149,1,1,2,1,183,461,686,456,1142,0,0,0.776716976,0
11,150,1,1,1,1,291,535,926,512,1438,0,1,0.712822171,0
11,151,1,1,2,1,243,462,686,376,1062,0,2,0.729512,0
11,152,1,1,1,1,254,559,812,312,1124,0,3,0.72842353,0
11,153,1,1,2,0,NaN,NaN,NaN,NaN,NaN,0,0,NaN,0
11,154,1,1,1,0,NaN,NaN,NaN,NaN,NaN,0,0,NaN,0
11,155,1,1,1,1,539,877,1242,168,1410,0,-1,0.64340177,0
11,156,1,1,1,1,375,658,862,344,1206,0,1,0.591890323,0
11,157,1,1,1,1,270,572,778,200,978,0,2,0.611893635,0
11,158,1,1,1,0,NaN,NaN,NaN,NaN,NaN,0,0,NaN,0
11,159,1,1,1,1,282,574,826,248,1074,0,0,0.70209643,0
11,160,1,1,2,1,171,439,654,296,950,0,1,0.775864993,0
11,161,1,1,2,1,240,488,724,328,1052,0,2,0.748264407,0
11,162,1,1,2,1,303,488,858,456,1314,0,3,0.654264011,0
11,163,1,1,2,1,232,521,720,296,1016,0,4,0.802554511,0
11,164,1,1,2,1,198,450,740,432,1172,0,5,0.617587085,0
11,165,1,1,2,1,207,447,660,552,1212,0,6,0.68162937,0
11,166,1,1,2,1,NaN,NaN,NaN,NaN,NaN,1,7,NaN,1
11,167,1,1,1,1,151,446,724,232,956,0,8,0.729486197,0
11,168,1,1,2,1,210,484,718,432,1150,0,9,0.755930859,0
11,169,1,1,2,0,NaN,NaN,NaN,NaN,NaN,0,0,NaN,0
11,170,1,1,1,1,200,519,812,296,1108,0,0,0.695563588,0
11,171,1,1,1,1,201,399,694,264,958,0,1,0.671389712,0
11,172,1,1,1,1,228,563,788,488,1276,0,2,0.642260924,0
11,173,1,1,2,1,271,501,1191,313,1504,0,3,0.6470469,0
11,174,1,1,2,0,NaN,NaN,NaN,NaN,NaN,0,0,NaN,0
11,175,1,1,2,1,240,478,740,424,1164,0,0,0.65282497,0
11,176,1,1,1,0,NaN,NaN,NaN,NaN,NaN,0,0,NaN,0
11,177,1,1,2,1,206,505,764,360,1124,0,0,0.686633251,0
11,178,1,1,2,1,228,484,838,264,1102,0,1,0.639456045,0
11,179,1,1,2,0,NaN,NaN,NaN,NaN,NaN,0,0,NaN,0
11,180,1,1,1,0,NaN,NaN,NaN,NaN,NaN,0,0,NaN,0
11,181,1,1,1,1,272,587,780,312,1092,0,-1,0.678248983,0
11,182,1,1,1,1,206,436,804,272,1076,0,1,0.60914817,0
11,183,1,1,1,1,212,445,792,296,1088,0,2,0.569293093,0
11,184,1,1,2,1,190,421,684,462,1146,0,3,0.84248613,0
11,185,1,1,1,1,218,452,764,384,1148,0,4,0.681949691,0
11,186,1,1,2,1,161,415,638,424,1062,0,5,0.770362002,0
11,187,1,1,1,1,242,471,660,336,996,0,6,0.752943144,0
11,188,1,1,2,1,178,353,612,328,940,0,7,0.696325909,0
11,189,1,1,2,1,175,408,652,384,1036,0,8,0.770641216,0
11,190,1,1,1,1,396,607,1152,232,1384,0,9,0.628109666,0
11,191,1,1,2,1,252,488,738,496,1234,0,10,0.755367715,0
11,192,1,1,2,1,201,468,714,296,1010,0,11,0.715913251,0
11,193,1,1,1,1,191,461,744,320,1064,0,12,0.699975267,0
11,194,1,1,1,1,164,326,530,296,826,0,13,0.516989802,0
11,195,1,1,2,1,174,374,550,280,830,0,14,0.77899139,0
11,196,1,1,1,0,NaN,NaN,NaN,NaN,NaN,0,0,NaN,0
11,197,1,1,2,1,198,495,756,360,1116,0,0,0.768947387,0
11,198,1,1,2,1,231,488,716,328,1044,0,1,0.705715679,0
11,199,1,1,1,1,172,401,628,312,940,0,2,0.717082181,0
11,200,1,1,1,1,235,689,938,304,1242,0,3,0.61119378,0
11,201,1,1,2,1,241,486,732,360,1092,0,4,0.833314221,0
11,202,1,1,2,1,153,387,566,304,870,0,5,0.741037157,0
11,203,1,1,1,0,NaN,NaN,NaN,NaN,NaN,0,0,NaN,0
11,204,1,1,2,1,210,432,618,314,932,0,0,0.773311938,0
11,205,1,1,1,1,302,591,956,264,1220,0,1,0.673945796,0
11,206,1,1,1,1,221,579,812,128,940,0,2,0.583055198,0
11,207,1,1,1,1,230,434,976,292,1268,0,3,0.50534331,0
11,208,1,1,2,1,191,329,548,206,754,0,4,0.6162066,0
11,209,1,1,2,0,NaN,NaN,NaN,NaN,NaN,0,0,NaN,0
11,210,1,1,1,1,216,566,826,400,1226,0,0,0.694256333,0
11,211,1,1,1,0,NaN,NaN,NaN,NaN,NaN,0,0,NaN,0
11,212,1,1,1,0,NaN,NaN,NaN,NaN,NaN,0,0,NaN,0
11,213,1,1,2,1,159,393,602,257,859,0,-1,0.811910741,0
11,214,1,1,1,0,NaN,NaN,NaN,NaN,NaN,0,0,NaN,0
11,215,1,1,1,1,272,538,750,280,1030,0,0,0.698365694,0
11,216,1,1,2,0,NaN,NaN,NaN,NaN,NaN,0,0,NaN,0
11,217,1,1,1,0,NaN,NaN,NaN,NaN,NaN,0,0,NaN,0
11,218,1,1,2,0,NaN,NaN,NaN,NaN,NaN,0,0,NaN,0
11,219,1,1,1,1,1072,1320,1498,256,1754,0,-2,0.788593473,0
11,220,1,1,2,0,NaN,NaN,NaN,NaN,NaN,0,0,NaN,0
11,221,1,1,2,1,231,392,616,304,920,0,0,0.693441778,0
11,222,1,1,1,1,251,521,826,280,1106,0,1,0.732597982,0
11,223,1,1,2,1,280,590,794,432,1226,0,2,0.751533164,0
11,224,1,1,2,1,340,576,928,448,1376,0,3,0.612369799,0
11,225,1,1,1,1,248,633,860,360,1220,0,4,0.672288971,0
11,226,1,1,2,0,NaN,NaN,NaN,NaN,NaN,0,0,NaN,0
11,227,1,1,2,1,868,1093,1306,272,1578,0,0,0.694787542,0
11,228,1,1,1,1,227,466,1008,168,1176,0,1,0.636172552,0
11,229,1,1,1,0,NaN,NaN,NaN,NaN,NaN,0,0,NaN,0
11,230,1,1,2,1,374,578,1066,312,1378,0,0,0.679927717,0
11,231,1,1,1,1,258,510,748,312,1060,0,1,0.672361427,0
11,232,1,1,1,1,234,509,748,312,1060,0,2,0.649787654,0
11,233,1,1,2,1,136,384,623,273,896,0,3,0.781569796,0
11,234,1,1,2,0,NaN,NaN,NaN,NaN,NaN,0,0,NaN,0
11,235,1,1,1,1,357,700,916,280,1196,0,0,0.665171436,0
11,236,1,1,2,1,273,615,838,336,1174,0,1,0.760964681,0
11,237,1,1,1,0,NaN,NaN,NaN,NaN,NaN,0,0,NaN,0
11,238,1,1,2,1,192,466,780,320,1100,0,0,0.686186004,0
11,239,1,1,2,1,979,1195,1388,320,1708,0,1,0.695516088,0
11,240,1,1,2,0,NaN,NaN,NaN,NaN,NaN,0,0,NaN,0
12,1,1,1,2,1,183,371,586,360,946,0,0,0.782117406,0
12,2,1,1,2,0,NaN,NaN,NaN,NaN,NaN,0,0,NaN,0
12,3,1,1,1,1,308,487,682,416,1098,0,0,0.676652962,0
12,4,1,1,2,1,246,478,734,400,1134,0,1,0.778878879,0
12,5,1,1,1,1,260,499,678,456,1134,0,2,0.725865514,0
12,6,1,1,1,1,267,690,904,307,1211,0,3,0.689408055,0
12,7,1,1,2,1,398,613,798,280,1078,0,4,0.723779043,0
12,8,1,1,2,1,NaN,NaN,NaN,NaN,NaN,1,5,NaN,1
12,9,1,1,1,0,NaN,NaN,NaN,NaN,NaN,0,0,NaN,0
12,10,1,1,1,1,167,346,490,242,732,0,0,0.664919656,0
12,11,1,1,1,1,249,415,590,288,878,0,1,0.539157565,0
12,12,1,1,2,1,494,698,886,288,1174,0,2,0.687857867,0
12,13,1,1,2,1,386,645,818,246,1064,0,3,0.667758735,0
12,14,1,1,2,1,223,473,668,264,932,0,4,0.778022859,0
12,15,1,1,2,1,292,496,694,304,998,0,5,0.766101713,0
12,16,1,1,2,1,224,396,584,336,920,0,6,0.75790728,0
12,17,1,1,2,1,469,647,798,280,1078,0,7,0.783140619,0
12,18,1,1,2,1,307,482,654,304,958,0,8,0.705588103,0
12,19,1,1,1,1,455,567,696,272,968,0,9,0.624930013,0
12,20,1,1,1,1,304,476,644,256,900,0,10,0.686814027,0
12,21,1,1,2,1,253,432,612,248,860,0,11,0.790020649,0
12,22,1,1,1,1,229,404,558,232,790,0,12,0.617050044,0
12,23,1,1,1,1,446,581,746,248,994,0,13,0.630613451,0
12,24,1,1,1,1,288,477,658,240,898,0,14,0.693341183,0
12,25,1,1,1,1,236,382,724,248,972,0,15,0.62226676,0
12,26,1,1,2,1,167,382,604,280,884,0,16,0.789794528,0
12,27,1,1,2,0,NaN,NaN,NaN,NaN,NaN,0,0,NaN,0
12,28,1,1,1,1,482,620,758,232,990,0,0,0.697953431,0
12,29,1,1,2,1,283,480,654,312,966,0,1,0.808987175,0
12,30,1,1,2,1,335,584,805,184,989,0,2,0.780182297,0
12,31,1,1,1,0,NaN,NaN,NaN,NaN,NaN,0,0,NaN,0
12,32,1,1,1,1,192,331,486,312,798,0,0,0.556610428,0
12,33,1,1,2,0,NaN,NaN,NaN,NaN,NaN,0,0,NaN,0
12,34,1,1,1,1,348,503,660,248,908,0,0,0.57042267,0
12,35,1,1,2,1,191,381,576,304,880,0,1,0.736848053,0
12,36,1,1,1,1,234,418,564,384,948,0,2,0.693035022,0
12,37,1,1,2,0,NaN,NaN,NaN,NaN,NaN,0,0,NaN,0
12,38,1,1,1,0,NaN,NaN,NaN,NaN,NaN,0,0,NaN,0
12,39,1,1,1,1,413,587,760,320,1080,0,-1,0.625305377,0
12,40,1,1,1,1,212,358,518,288,806,0,1,0.638738802,0
12,41,1,1,2,1,169,375,546,264,810,0,2,0.804690197,0
12,42,1,1,2,0,NaN,NaN,NaN,NaN,NaN,0,0,NaN,0
12,43,1,1,2,1,430,554,762,216,978,0,0,0.73427145,0
12,44,1,1,2,1,375,564,756,264,1020,0,1,0.873945665,0
12,45,1,1,2,0,NaN,NaN,NaN,NaN,NaN,0,0,NaN,0
12,46,1,1,1,0,NaN,NaN,NaN,NaN,NaN,0,0,NaN,0
12,47,1,1,1,1,295,481,648,288,936,0,-1,0.666429497,0
12,48,1,1,2,1,285,460,636,304,940,0,1,0.77763821,0
12,49,1,1,2,0,NaN,NaN,NaN,NaN,NaN,0,0,NaN,0
12,50,1,1,2,1,172,377,542,312,854,0,0,0.777560473,0
12,51,1,1,1,0,NaN,NaN,NaN,NaN,NaN,0,0,NaN,0
12,52,1,1,1,1,266,422,568,248,816,0,0,0.658772956,0
12,53,1,1,1,1,221,448,600,328,928,0,1,0.693559679,0
12,54,1,1,2,1,254,434,630,280,910,0,2,0.767918384,0
12,55,1,1,1,0,NaN,NaN,NaN,NaN,NaN,0,0,NaN,0
12,56,1,1,1,1,205,375,526,256,782,0,0,0.605859686,0
12,57,1,1,2,1,293,460,622,280,902,0,1,0.784606264,0
12,58,1,1,1,1,204,404,566,360,926,0,2,0.733740863,0
12,59,1,1,1,0,NaN,NaN,NaN,NaN,NaN,0,0,NaN,0
12,60,1,1,1,0,NaN,NaN,NaN,NaN,NaN,0,0,NaN,0
12,61,1,1,2,1,169,305,460,336,796,0,-1,0.614720781,0
12,62,1,1,1,0,NaN,NaN,NaN,NaN,NaN,0,0,NaN,0
12,63,1,1,2,1,299,476,766,280,1046,0,0,0.788995361,0
12,64,1,1,1,0,NaN,NaN,NaN,NaN,NaN,0,0,NaN,0
12,65,1,1,1,1,187,362,510,296,806,0,0,0.692055258,0
12,66,1,1,2,1,261,476,676,320,996,0,1,0.754369746,0
12,67,1,1,1,1,188,415,566,336,902,0,2,0.690094009,0
12,68,1,1,1,0,NaN,NaN,NaN,NaN,NaN,0,0,NaN,0
12,69,1,1,2,1,229,437,640,344,984,0,0,0.851445977,0
12,70,1,1,2,1,459,616,770,360,1130,0,1,0.723921112,0
12,71,1,1,1,1,229,376,556,272,828,0,2,0.611186737,0
12,72,1,1,2,0,NaN,NaN,NaN,NaN,NaN,0,0,NaN,0
12,73,1,1,1,1,211,374,590,304,894,0,0,0.698633282,0
12,74,1,1,1,0,NaN,NaN,NaN,NaN,NaN,0,0,NaN,0
12,75,1,1,2,1,410,543,680,240,920,0,0,0.701615178,0
12,76,1,1,2,1,156,320,488,240,728,0,1,0.650319841,0
12,77,1,1,1,1,180,389,584,312,896,0,2,0.768868361,0
12,78,1,1,1,1,161,389,576,352,928,0,3,0.771708856,0
12,79,1,1,2,1,320,529,726,264,990,0,4,0.771242664,0
12,80,1,1,1,1,178,357,496,328,824,0,5,0.725984867,0
12,81,1,1,2,0,NaN,NaN,NaN,NaN,NaN,0,0,NaN,0
12,82,1,1,1,1,224,423,586,248,834,0,0,0.760954008,0
12,83,1,1,1,0,NaN,NaN,NaN,NaN,NaN,0,0,NaN,0
12,84,1,1,1,1,211,462,658,344,1002,0,0,0.822626266,0
12,85,1,1,2,1,202,389,582,312,894,0,1,0.744520892,0
12,86,1,1,2,1,157,356,578,360,938,0,2,0.743824436,0
12,87,1,1,2,1,281,513,706,328,1034,0,3,0.88632341,0
12,88,1,1,1,1,171,367,514,376,890,0,4,0.671376337,0
12,89,1,1,1,0,NaN,NaN,NaN,NaN,NaN,0,0,NaN,0
12,90,1,1,1,1,191,353,508,304,812,0,0,0.679046199,0
12,91,1,1,2,1,150,309,484,248,732,0,1,0.671225729,0
12,92,1,1,1,1,308,433,578,320,898,0,2,0.463531885,0
12,93,1,1,1,1,251,432,574,296,870,0,3,0.696975546,0
12,94,1,1,1,1,198,394,550,352,902,0,4,0.744739651,0
12,95,1,1,2,0,NaN,NaN,NaN,NaN,NaN,0,0,NaN,0
12,96,1,1,2,1,178,376,560,288,848,0,0,0.780294453,0
12,97,1,1,1,1,154,297,430,368,798,0,1,0.591918658,0
12,98,1,1,1,1,204,364,490,304,794,0,2,0.720918205,0
12,99,1,1,2,1,253,528,720,304,1024,0,3,0.712792438,0
12,100,1,1,1,1,237,423,566,344,910,0,4,0.72056406,0
12,101,1,1,2,0,NaN,NaN,NaN,NaN,NaN,0,0,NaN,0
12,102,1,1,2,1,NaN,NaN,372,312,684,0,0,NaN,1
12,103,1,1,2,1,279,456,648,280,928,0,1,0.783218254,0
12,104,1,1,2,0,NaN,NaN,NaN,NaN,NaN,0,0,NaN,0
12,105,1,1,1,1,192,445,610,320,930,0,0,0.749519971,0
12,106,1,1,1,1,175,332,524,296,820,0,1,0.611050947,0
12,107,1,1,1,1,209,464,646,288,934,0,2,0.799208794,0
12,108,1,1,2,0,NaN,NaN,NaN,NaN,NaN,0,0,NaN,0
12,109,1,1,2,1,237,441,630,280,910,0,0,0.847050875,0
12,110,1,1,1,0,NaN,NaN,NaN,NaN,NaN,0,0,NaN,0
12,111,1,1,2,1,164,345,500,264,764,0,0,0.830029151,0
12,112,1,1,2,1,154,340,534,304,838,0,1,0.831203054,0
12,113,1,1,1,0,NaN,NaN,NaN,NaN,NaN,0,0,NaN,0
12,114,1,1,1,1,198,359,500,304,804,0,0,0.615083716,0
12,115,1,1,2,1,275,388,750,302,1052,0,1,0.548958612,0
12,116,1,1,2,1,258,464,624,304,928,0,2,0.763892981,0
12,117,1,1,2,1,169,387,542,368,910,0,3,0.650236128,0
12,118,1,1,2,1,184,403,600,344,944,0,4,0.779539882,0
12,119,1,1,2,0,NaN,NaN,NaN,NaN,NaN,0,0,NaN,0
12,120,1,1,1,1,408,607,990,384,1374,0,0,0.598002269,0
12,121,1,2,2,1,226,376,540,272,812,0,1,0.714679171,0
12,122,1,2,1,0,NaN,NaN,NaN,NaN,NaN,0,0,NaN,0
12,123,1,2,2,0,NaN,NaN,NaN,NaN,NaN,0,0,NaN,0
12,124,1,2,1,0,NaN,NaN,NaN,NaN,NaN,0,0,NaN,0
12,125,1,2,1,1,349,514,658,248,906,0,-2,0.859626645,0
12,126,1,2,2,0,NaN,NaN,NaN,NaN,NaN,0,0,NaN,0
12,127,1,2,2,0,NaN,NaN,NaN,NaN,NaN,0,0,NaN,0
12,128,1,2,2,0,NaN,NaN,NaN,NaN,NaN,0,0,NaN,0
12,129,1,2,1,0,NaN,NaN,NaN,NaN,NaN,0,0,NaN,0
12,130,1,2,2,0,NaN,NaN,NaN,NaN,NaN,0,0,NaN,0
12,131,1,2,1,0,NaN,NaN,NaN,NaN,NaN,0,0,NaN,0
12,132,1,2,1,0,NaN,NaN,NaN,NaN,NaN,0,0,NaN,0
12,133,1,2,1,0,NaN,NaN,NaN,NaN,NaN,0,0,NaN,0
12,134,1,2,1,0,NaN,NaN,NaN,NaN,NaN,0,0,NaN,0
12,135,1,2,2,0,NaN,NaN,NaN,NaN,NaN,0,0,NaN,0
12,136,1,2,2,0,NaN,NaN,NaN,NaN,NaN,0,0,NaN,0
12,137,1,2,1,0,NaN,NaN,NaN,NaN,NaN,0,0,NaN,0
12,138,1,2,1,1,395,589,780,288,1068,0,-11,0.758803176,0
12,139,1,2,2,0,NaN,NaN,NaN,NaN,NaN,0,0,NaN,0
12,140,1,2,1,0,NaN,NaN,NaN,NaN,NaN,0,0,NaN,0
12,141,1,2,2,0,NaN,NaN,NaN,NaN,NaN,0,0,NaN,0
12,142,1,2,1,0,NaN,NaN,NaN,NaN,NaN,0,0,NaN,0
12,143,1,2,1,0,NaN,NaN,NaN,NaN,NaN,0,0,NaN,0
12,144,1,2,1,0,NaN,NaN,NaN,NaN,NaN,0,0,NaN,0
12,145,1,2,1,0,NaN,NaN,NaN,NaN,NaN,0,0,NaN,0
12,146,1,2,1,0,NaN,NaN,NaN,NaN,NaN,0,0,NaN,0
12,147,1,2,2,0,NaN,NaN,NaN,NaN,NaN,0,0,NaN,0
12,148,1,2,1,0,NaN,NaN,NaN,NaN,NaN,0,0,NaN,0
12,149,1,2,1,1,200,362,536,360,896,0,-9,0.762677233,0
12,150,1,2,2,0,NaN,NaN,NaN,NaN,NaN,0,0,NaN,0
12,151,1,2,2,1,402,532,690,248,938,0,0,0.734761355,0
12,152,1,2,2,0,NaN,NaN,NaN,NaN,NaN,0,0,NaN,0
12,153,1,2,2,0,NaN,NaN,NaN,NaN,NaN,0,0,NaN,0
12,154,1,2,1,0,NaN,NaN,NaN,NaN,NaN,0,0,NaN,0
12,155,1,2,2,0,NaN,NaN,NaN,NaN,NaN,0,0,NaN,0
12,156,1,2,1,1,294,489,642,304,946,0,-3,0.82709537,0
12,157,1,2,1,0,NaN,NaN,NaN,NaN,NaN,0,0,NaN,0
12,158,1,2,2,1,549,755,932,280,1212,0,0,0.91681568,0
12,159,1,2,2,1,238,456,636,272,908,0,1,0.716074246,0
12,160,1,2,2,1,197,412,588,320,908,0,2,0.763624404,0
12,161,1,2,2,1,252,416,584,246,830,0,3,0.81559057,0
12,162,1,2,1,1,235,438,592,296,888,0,4,0.656213391,0
12,163,1,2,1,0,NaN,NaN,NaN,NaN,NaN,0,0,NaN,0
12,164,1,2,1,1,181,298,432,256,688,0,0,0.623924858,0
12,165,1,2,2,0,NaN,NaN,NaN,NaN,NaN,0,0,NaN,0
12,166,1,2,2,0,NaN,NaN,NaN,NaN,NaN,0,0,NaN,0
12,167,1,2,2,0,NaN,NaN,NaN,NaN,NaN,0,0,NaN,0
12,168,1,2,1,1,220,441,660,416,1076,0,-2,0.754567178,0
12,169,1,2,2,0,NaN,NaN,NaN,NaN,NaN,0,0,NaN,0
12,170,1,2,2,0,NaN,NaN,NaN,NaN,NaN,0,0,NaN,0
12,171,1,2,1,1,217,389,540,280,820,0,-1,0.672830247,0
12,172,1,2,1,0,NaN,NaN,NaN,NaN,NaN,0,0,NaN,0
12,173,1,2,2,0,NaN,NaN,NaN,NaN,NaN,0,0,NaN,0
12,174,1,2,2,0,NaN,NaN,NaN,NaN,NaN,0,0,NaN,0
12,175,1,2,1,0,NaN,NaN,NaN,NaN,NaN,0,0,NaN,0
12,176,1,2,1,0,NaN,NaN,NaN,NaN,NaN,0,0,NaN,0
12,177,1,2,2,0,NaN,NaN,NaN,NaN,NaN,0,0,NaN,0
12,178,1,2,2,0,NaN,NaN,NaN,NaN,NaN,0,0,NaN,0
12,179,1,2,2,1,230,487,706,312,1018,0,-6,0.821085235,0
12,180,1,2,1,0,NaN,NaN,NaN,NaN,NaN,0,0,NaN,0
12,181,1,2,1,0,NaN,NaN,NaN,NaN,NaN,0,0,NaN,0
12,182,1,2,2,0,NaN,NaN,NaN,NaN,NaN,0,0,NaN,0
12,183,1,2,1,0,NaN,NaN,NaN,NaN,NaN,0,0,NaN,0
12,184,1,2,1,0,NaN,NaN,NaN,NaN,NaN,0,0,NaN,0
12,185,1,2,1,0,NaN,NaN,NaN,NaN,NaN,0,0,NaN,0
12,186,1,2,2,0,NaN,NaN,NaN,NaN,NaN,0,0,NaN,0
12,187,1,2,1,0,NaN,NaN,NaN,NaN,NaN,0,0,NaN,0
12,188,1,2,2,0,NaN,NaN,NaN,NaN,NaN,0,0,NaN,0
12,189,1,2,1,0,NaN,NaN,NaN,NaN,NaN,0,0,NaN,0
12,190,1,2,2,0,NaN,NaN,NaN,NaN,NaN,0,0,NaN,0
12,191,1,2,1,0,NaN,NaN,NaN,NaN,NaN,0,0,NaN,0
12,192,1,2,2,0,NaN,NaN,NaN,NaN,NaN,0,0,NaN,0
12,193,1,2,2,1,258,437,610,280,890,0,-12,0.829809045,0
12,194,1,2,1,0,NaN,NaN,NaN,NaN,NaN,0,0,NaN,0
12,195,1,2,2,0,NaN,NaN,NaN,NaN,NaN,0,0,NaN,0
12,196,1,2,2,0,NaN,NaN,NaN,NaN,NaN,0,0,NaN,0
12,197,1,2,1,0,NaN,NaN,NaN,NaN,NaN,0,0,NaN,0
12,198,1,2,2,1,363,582,812,232,1044,0,-3,0.774651128,0
12,199,1,2,1,0,NaN,NaN,NaN,NaN,NaN,0,0,NaN,0
12,200,1,2,1,0,NaN,NaN,NaN,NaN,NaN,0,0,NaN,0
12,201,1,2,2,0,NaN,NaN,NaN,NaN,NaN,0,0,NaN,0
12,202,1,2,2,0,NaN,NaN,NaN,NaN,NaN,0,0,NaN,0
12,203,1,2,2,0,NaN,NaN,NaN,NaN,NaN,0,0,NaN,0
12,204,1,2,2,0,NaN,NaN,NaN,NaN,NaN,0,0,NaN,0
12,205,1,2,2,0,NaN,NaN,NaN,NaN,NaN,0,0,NaN,0
12,206,1,2,2,0,NaN,NaN,NaN,NaN,NaN,0,0,NaN,0
12,207,1,2,1,0,NaN,NaN,NaN,NaN,NaN,0,0,NaN,0
12,208,1,2,1,0,NaN,NaN,NaN,NaN,NaN,0,0,NaN,0
12,209,1,2,1,1,514,713,882,264,1146,0,-9,0.767230579,0
12,210,1,2,1,1,232,447,618,280,898,0,1,0.763317627,0
12,211,1,2,1,1,192,359,532,256,788,0,2,0.773699025,0
12,212,1,2,2,0,NaN,NaN,NaN,NaN,NaN,0,0,NaN,0
12,213,1,2,2,1,247,441,592,264,856,0,0,0.793292046,0
12,214,1,2,2,0,NaN,NaN,NaN,NaN,NaN,0,0,NaN,0
12,215,1,2,2,0,NaN,NaN,NaN,NaN,NaN,0,0,NaN,0
12,216,1,2,2,0,NaN,NaN,NaN,NaN,NaN,0,0,NaN,0
12,217,1,2,1,0,NaN,NaN,NaN,NaN,NaN,0,0,NaN,0
12,218,1,2,1,0,NaN,NaN,NaN,NaN,NaN,0,0,NaN,0
12,219,1,2,2,1,805,993,1226,272,1498,0,-4,0.664294437,0
12,220,1,2,2,0,NaN,NaN,NaN,NaN,NaN,0,0,NaN,0
12,221,1,2,1,1,239,405,576,264,840,0,0,0.697530343,0
12,222,1,2,1,1,387,590,744,280,1024,0,1,0.769148974,0
12,223,1,2,1,0,NaN,NaN,NaN,NaN,NaN,0,0,NaN,0
12,224,1,2,2,1,232,403,602,280,882,0,0,0.826456869,0
12,225,1,2,1,0,NaN,NaN,NaN,NaN,NaN,0,0,NaN,0
12,226,1,2,1,0,NaN,NaN,NaN,NaN,NaN,0,0,NaN,0
12,227,1,2,2,1,362,539,710,232,942,0,-1,0.790256055,0
12,228,1,2,2,0,NaN,NaN,NaN,NaN,NaN,0,0,NaN,0
12,229,1,2,2,0,NaN,NaN,NaN,NaN,NaN,0,0,NaN,0
12,230,1,2,1,1,233,419,590,280,870,0,-1,0.776355954,0
12,231,1,2,1,0,NaN,NaN,NaN,NaN,NaN,0,0,NaN,0
12,232,1,2,1,1,187,380,592,202,794,0,0,0.747497458,0
12,233,1,2,1,0,NaN,NaN,NaN,NaN,NaN,0,0,NaN,0
12,234,1,2,1,0,NaN,NaN,NaN,NaN,NaN,0,0,NaN,0
12,235,1,2,1,1,361,550,724,296,1020,0,-1,0.716634265,0
12,236,1,2,2,0,NaN,NaN,NaN,NaN,NaN,0,0,NaN,0
12,237,1,2,2,0,NaN,NaN,NaN,NaN,NaN,0,0,NaN,0
12,238,1,2,2,1,394,552,726,320,1046,0,-1,0.782274762,0
12,239,1,2,1,0,NaN,NaN,NaN,NaN,NaN,0,0,NaN,0
12,240,1,2,2,0,NaN,NaN,NaN,NaN,NaN,0,0,NaN,0
13,1,1,2,2,0,NaN,NaN,NaN,NaN,NaN,0,0,NaN,0
13,2,1,2,2,0,NaN,NaN,NaN,NaN,NaN,0,0,NaN,0
13,3,1,2,1,0,NaN,NaN,NaN,NaN,NaN,0,0,NaN,0
13,4,1,2,1,0,NaN,NaN,NaN,NaN,NaN,0,0,NaN,0
13,5,1,2,2,0,NaN,NaN,NaN,NaN,NaN,0,0,NaN,0
13,6,1,2,2,1,347,545,793,288,1081,0,-4,0.712638514,0
13,7,1,2,2,0,NaN,NaN,NaN,NaN,NaN,0,0,NaN,0
13,8,1,2,2,0,NaN,NaN,NaN,NaN,NaN,0,0,NaN,0
13,9,1,2,1,0,NaN,NaN,NaN,NaN,NaN,0,0,NaN,0
13,10,1,2,1,0,NaN,NaN,NaN,NaN,NaN,0,0,NaN,0
13,11,1,2,1,0,NaN,NaN,NaN,NaN,NaN,0,0,NaN,0
13,12,1,2,1,0,NaN,NaN,NaN,NaN,NaN,0,0,NaN,0
13,13,1,2,1,0,NaN,NaN,NaN,NaN,NaN,0,0,NaN,0
13,14,1,2,2,0,NaN,NaN,NaN,NaN,NaN,0,0,NaN,0
13,15,1,2,1,0,NaN,NaN,NaN,NaN,NaN,0,0,NaN,0
13,16,1,2,1,1,400,588,833,336,1169,0,-8,0.702935669,0
13,17,1,2,2,0,NaN,NaN,NaN,NaN,NaN,0,0,NaN,0
13,18,1,2,2,0,NaN,NaN,NaN,NaN,NaN,0,0,NaN,0
13,19,1,2,1,0,NaN,NaN,NaN,NaN,NaN,0,0,NaN,0
13,20,1,2,1,1,279,481,737,368,1105,0,-2,0.689839163,0
13,21,1,2,2,0,NaN,NaN,NaN,NaN,NaN,0,0,NaN,0
13,22,1,2,1,0,NaN,NaN,NaN,NaN,NaN,0,0,NaN,0
13,23,1,2,1,1,401,621,869,352,1221,0,-1,0.641130582,0
13,24,1,2,1,0,NaN,NaN,NaN,NaN,NaN,0,0,NaN,0
13,25,1,2,2,1,304,523,764,336,1100,0,0,0.706350404,0
13,26,1,2,1,0,NaN,NaN,NaN,NaN,NaN,0,0,NaN,0
13,27,1,2,2,0,NaN,NaN,NaN,NaN,NaN,0,0,NaN,0
13,28,1,2,2,0,NaN,NaN,NaN,NaN,NaN,0,0,NaN,0
13,29,1,2,2,0,NaN,NaN,NaN,NaN,NaN,0,0,NaN,0
13,30,1,2,1,0,NaN,NaN,NaN,NaN,NaN,0,0,NaN,0
13,31,1,2,1,0,NaN,NaN,NaN,NaN,NaN,0,0,NaN,0
13,32,1,2,2,0,NaN,NaN,NaN,NaN,NaN,0,0,NaN,0
13,33,1,2,2,0,NaN,NaN,NaN,NaN,NaN,0,0,NaN,0
13,34,1,2,1,0,NaN,NaN,NaN,NaN,NaN,0,0,NaN,0
13,35,1,2,2,1,593,798,1055,384,1439,0,-8,0.761904195,0
13,36,1,2,2,0,NaN,NaN,NaN,NaN,NaN,0,0,NaN,0
13,37,1,2,1,1,374,582,817,320,1137,0,0,0.715425886,0
13,38,1,2,1,0,NaN,NaN,NaN,NaN,NaN,0,0,NaN,0
13,39,1,2,1,0,NaN,NaN,NaN,NaN,NaN,0,0,NaN,0
13,40,1,2,2,1,287,510,772,416,1188,0,-1,0.76232892,0
13,41,1,2,1,0,NaN,NaN,NaN,NaN,NaN,0,0,NaN,0
13,42,1,2,2,0,NaN,NaN,NaN,NaN,NaN,0,0,NaN,0
13,43,1,2,2,0,NaN,NaN,NaN,NaN,NaN,0,0,NaN,0
13,44,1,2,1,0,NaN,NaN,NaN,NaN,NaN,0,0,NaN,0
13,45,1,2,2,1,403,627,876,352,1228,0,-3,0.810218002,0
13,46,1,2,1,1,290,538,738,384,1122,0,1,0.817497887,0
13,47,1,2,2,0,NaN,NaN,NaN,NaN,NaN,0,0,NaN,0
13,48,1,2,2,1,267,480,680,400,1080,0,0,0.744910311,0
13,49,1,2,2,1,283,509,717,464,1181,0,1,0.72879876,0
13,50,1,2,2,0,NaN,NaN,NaN,NaN,NaN,0,0,NaN,0
13,51,1,2,1,1,337,517,708,336,1044,0,0,0.720492905,0
13,52,1,2,2,0,NaN,NaN,NaN,NaN,NaN,0,0,NaN,0
13,53,1,2,2,0,NaN,NaN,NaN,NaN,NaN,0,0,NaN,0
13,54,1,2,2,0,NaN,NaN,NaN,NaN,NaN,0,0,NaN,0
13,55,1,2,1,0,NaN,NaN,NaN,NaN,NaN,0,0,NaN,0
13,56,1,2,2,0,NaN,NaN,NaN,NaN,NaN,0,0,NaN,0
13,57,1,2,1,1,327,605,823,520,1343,0,-4,0.717200972,0
13,58,1,2,1,1,354,542,704,400,1104,0,1,0.732437845,0
13,59,1,2,1,0,NaN,NaN,NaN,NaN,NaN,0,0,NaN,0
13,60,1,2,1,0,NaN,NaN,NaN,NaN,NaN,0,0,NaN,0
13,61,1,2,1,0,NaN,NaN,NaN,NaN,NaN,0,0,NaN,0
13,62,1,2,1,1,456,684,916,376,1292,0,-2,0.741174763,0
13,63,1,2,2,0,NaN,NaN,NaN,NaN,NaN,0,0,NaN,0
13,64,1,2,1,0,NaN,NaN,NaN,NaN,NaN,0,0,NaN,0
13,65,1,2,1,0,NaN,NaN,NaN,NaN,NaN,0,0,NaN,0
13,66,1,2,1,0,NaN,NaN,NaN,NaN,NaN,0,0,NaN,0
13,67,1,2,1,1,295,540,805,416,1221,0,-3,0.704211282,0
13,68,1,2,2,1,326,555,798,336,1134,0,1,0.775114755,0
13,69,1,2,2,0,NaN,NaN,NaN,NaN,NaN,0,0,NaN,0
13,70,1,2,1,0,NaN,NaN,NaN,NaN,NaN,0,0,NaN,0
13,71,1,2,1,0,NaN,NaN,NaN,NaN,NaN,0,0,NaN,0
13,72,1,2,1,0,NaN,NaN,NaN,NaN,NaN,0,0,NaN,0
13,73,1,2,1,0,NaN,NaN,NaN,NaN,NaN,0,0,NaN,0
13,74,1,2,2,0,NaN,NaN,NaN,NaN,NaN,0,0,NaN,0
13,75,1,2,1,1,612,817,1093,306,1399,0,-5,0.818375097,0
13,76,1,2,2,0,NaN,NaN,NaN,NaN,NaN,0,0,NaN,0
13,77,1,2,1,0,NaN,NaN,NaN,NaN,NaN,0,0,NaN,0
13,78,1,2,2,0,NaN,NaN,NaN,NaN,NaN,0,0,NaN,0
13,79,1,2,2,0,NaN,NaN,NaN,NaN,NaN,0,0,NaN,0
13,80,1,2,1,0,NaN,NaN,NaN,NaN,NaN,0,0,NaN,0
13,81,1,2,2,0,NaN,NaN,NaN,NaN,NaN,0,0,NaN,0
13,82,1,2,2,0,NaN,NaN,NaN,NaN,NaN,0,0,NaN,0
13,83,1,2,2,1,350,583,812,392,1204,0,-6,0.770788245,0
13,84,1,2,2,0,NaN,NaN,NaN,NaN,NaN,0,0,NaN,0
13,85,1,2,1,1,333,509,691,368,1059,0,0,0.71620766,0
13,86,1,2,1,0,NaN,NaN,NaN,NaN,NaN,0,0,NaN,0
13,87,1,2,2,0,NaN,NaN,NaN,NaN,NaN,0,0,NaN,0
13,88,1,2,2,0,NaN,NaN,NaN,NaN,NaN,0,0,NaN,0
13,89,1,2,1,1,503,669,858,448,1306,0,-2,0.704872178,0
13,90,1,2,1,1,271,489,672,456,1128,0,1,0.72657722,0
13,91,NaN,NaN,NaN,NaN,NaN,NaN,NaN,NaN,NaN,1,0,NaN,1
13,92,NaN,NaN,NaN,NaN,NaN,NaN,NaN,NaN,NaN,1,0,NaN,1
13,93,NaN,NaN,NaN,NaN,NaN,NaN,NaN,NaN,NaN,1,0,NaN,1
13,94,NaN,NaN,NaN,NaN,NaN,NaN,NaN,NaN,NaN,1,0,NaN,1
13,95,NaN,NaN,NaN,NaN,NaN,NaN,NaN,NaN,NaN,1,0,NaN,1
13,96,NaN,NaN,NaN,NaN,NaN,NaN,NaN,NaN,NaN,1,0,NaN,1
13,97,NaN,NaN,NaN,NaN,NaN,NaN,NaN,NaN,NaN,1,0,NaN,1
13,98,NaN,NaN,NaN,NaN,NaN,NaN,NaN,NaN,NaN,1,0,NaN,1
13,99,NaN,NaN,NaN,NaN,NaN,NaN,NaN,NaN,NaN,1,0,NaN,1
13,100,NaN,NaN,NaN,NaN,NaN,NaN,NaN,NaN,NaN,1,0,NaN,1
13,101,1,2,2,0,NaN,NaN,NaN,NaN,NaN,0,0,NaN,0
13,102,1,2,2,0,NaN,NaN,NaN,NaN,NaN,0,0,NaN,0
13,103,1,2,2,0,NaN,NaN,NaN,NaN,NaN,0,0,NaN,0
13,104,1,2,1,0,NaN,NaN,NaN,NaN,NaN,0,0,NaN,0
13,105,1,2,1,0,NaN,NaN,NaN,NaN,NaN,0,0,NaN,0
13,106,1,2,2,1,258,491,653,520,1173,0,-4,0.805102055,0
13,107,1,2,2,0,NaN,NaN,NaN,NaN,NaN,0,0,NaN,0
13,108,1,2,2,1,NaN,NaN,NaN,NaN,NaN,1,0,NaN,1
13,109,1,2,2,0,NaN,NaN,NaN,NaN,NaN,0,0,NaN,0
13,110,1,2,2,1,286,485,791,226,1017,0,0,0.759387009,0
13,111,1,1,1,0,NaN,NaN,NaN,NaN,NaN,0,0,NaN,0
13,112,1,1,2,1,261,488,727,368,1095,0,0,0.73472943,0
13,113,1,1,1,1,428,628,825,344,1169,0,1,0.736872294,0
13,114,1,1,1,1,261,450,622,400,1022,0,2,0.724937326,0
13,115,1,1,2,1,263,519,753,392,1145,0,3,0.802344107,0
13,116,1,1,2,1,200,402,624,384,1008,0,4,0.749894515,0
13,117,1,1,1,1,229,423,615,376,991,0,5,0.721905151,0
13,118,1,1,1,0,NaN,NaN,NaN,NaN,NaN,0,0,NaN,0
13,119,1,1,1,1,188,417,605,456,1061,0,0,0.693899943,0
13,120,1,1,2,0,NaN,NaN,NaN,NaN,NaN,0,0,NaN,0
13,121,1,1,1,1,203,351,518,338,856,0,0,0.592200493,0
13,122,1,1,2,1,116,219,458,270,728,0,1,0.470168469,0
13,123,1,1,1,1,189,373,554,416,970,0,2,0.530064527,0
13,124,1,1,1,1,291,517,682,432,1114,0,3,0.698210523,0
13,125,1,1,2,1,173,421,656,472,1128,0,4,0.744027541,0
13,126,1,1,2,1,238,444,621,480,1101,0,5,0.755342283,0
13,127,1,1,2,1,194,366,619,207,826,0,6,0.661589818,0
13,128,1,1,1,1,224,391,654,287,941,0,7,0.603379328,0
13,129,1,1,2,0,NaN,NaN,NaN,NaN,NaN,0,0,NaN,0
13,130,1,1,2,1,262,494,794,265,1059,0,0,0.77086113,0
13,131,1,1,1,1,225,449,653,368,1021,0,1,0.72820844,0
13,132,1,1,1,1,107,342,578,309,887,0,2,0.675825061,0
13,133,1,1,2,1,203,395,661,408,1069,0,3,0.718990175,0
13,134,1,1,1,0,NaN,NaN,NaN,NaN,NaN,0,0,NaN,0
13,135,1,1,1,0,NaN,NaN,NaN,NaN,NaN,0,0,NaN,0
13,136,1,1,1,1,244,483,741,416,1157,0,-1,0.714751298,0
13,137,1,1,1,1,118,243,537,325,862,0,1,0.33838654,0
13,138,1,1,2,1,257,496,721,416,1137,0,2,0.73184806,0
13,139,1,1,1,1,196,337,585,295,880,0,3,0.500046897,0
13,140,1,1,1,1,166,385,583,384,967,0,4,0.698537309,0
13,141,1,1,2,1,197,402,651,424,1075,0,5,0.60275639,0
13,142,1,1,1,0,NaN,NaN,NaN,NaN,NaN,0,0,NaN,0
13,143,1,1,1,1,180,415,606,416,1022,0,0,0.630562267,0
13,144,1,1,2,1,113,229,481,225,706,0,1,0.39289027,0
13,145,1,1,1,1,211,450,654,576,1230,0,2,0.618512913,0
13,146,1,1,1,0,NaN,NaN,NaN,NaN,NaN,0,0,NaN,0
13,147,1,1,1,1,238,453,679,304,983,0,0,0.660332063,0
13,148,1,1,2,1,227,431,663,424,1087,0,1,0.707768523,0
13,149,1,1,2,1,235,418,629,424,1053,0,2,0.677068143,0
13,150,1,1,2,1,182,446,633,487,1120,0,3,0.742946973,0
13,151,1,1,2,1,200,398,604,328,932,0,4,0.743533847,0
13,152,1,1,2,0,NaN,NaN,NaN,NaN,NaN,0,0,NaN,0
13,153,1,1,2,0,NaN,NaN,NaN,NaN,NaN,0,0,NaN,0
13,154,1,1,2,1,123,256,462,258,720,0,-1,0.353117922,0
13,155,1,1,2,1,235,413,659,336,995,0,1,0.706763214,0
13,156,1,1,2,0,NaN,NaN,NaN,NaN,NaN,0,0,NaN,0
13,157,1,1,2,1,190,346,539,360,899,0,0,0.560286477,0
13,158,1,1,1,1,282,497,783,368,1151,0,1,0.771143322,0
13,159,1,1,2,1,234,426,591,384,975,0,2,0.658122743,0
13,160,1,1,2,1,189,369,650,400,1050,0,3,0.682799649,0
13,161,1,1,1,1,217,414,651,304,955,0,4,0.64109225,0
13,162,1,1,2,1,287,473,718,376,1094,0,5,0.627582347,0
13,163,1,1,2,0,NaN,NaN,NaN,NaN,NaN,0,0,NaN,0
13,164,1,1,2,1,258,483,773,456,1229,0,0,0.69252252,0
13,165,1,1,1,1,192,328,677,281,958,0,1,0.496681362,0
13,166,1,1,2,0,NaN,NaN,NaN,NaN,NaN,0,0,NaN,0
13,167,1,1,1,1,201,346,622,353,975,0,0,0.501682673,0
13,168,1,1,1,0,NaN,NaN,NaN,NaN,NaN,0,0,NaN,0
13,169,1,1,1,1,234,460,662,376,1038,0,0,0.552491022,0
13,170,1,1,1,0,NaN,NaN,NaN,NaN,NaN,0,0,NaN,0
13,171,1,1,1,0,NaN,NaN,NaN,NaN,NaN,0,0,NaN,0
13,172,1,1,1,0,NaN,NaN,NaN,NaN,NaN,0,0,NaN,0
13,173,1,1,1,1,225,426,664,288,952,0,-2,0.669670403,0
13,174,1,1,1,1,240,440,649,344,993,0,1,0.67680918,0
13,175,1,1,1,1,263,518,723,320,1043,0,2,0.663033719,0
13,176,1,1,2,0,NaN,NaN,NaN,NaN,NaN,0,0,NaN,0
13,177,1,1,2,1,226,467,757,360,1117,0,0,0.752104861,0
13,178,1,1,2,1,205,413,633,392,1025,0,1,0.705190755,0
13,179,1,1,2,1,176,363,605,336,941,0,2,0.637411407,0
13,180,1,1,2,1,189,338,555,251,806,0,3,0.586615821,0
13,181,1,1,2,0,NaN,NaN,NaN,NaN,NaN,0,0,NaN,0
13,182,1,1,2,0,NaN,NaN,NaN,NaN,NaN,0,0,NaN,0
13,183,1,1,1,1,147,321,543,309,852,0,-1,0.483771121,0
13,184,1,1,2,1,272,494,694,368,1062,0,1,0.752390117,0
13,185,1,1,2,1,229,480,699,352,1051,0,2,0.74869188,0
13,186,1,1,1,1,200,327,573,245,818,0,3,0.476892146,0
13,187,1,1,1,0,NaN,NaN,NaN,NaN,NaN,0,0,NaN,0
13,188,1,1,1,1,243,412,619,245,864,0,0,0.492055258,0
13,189,1,1,2,0,NaN,NaN,NaN,NaN,NaN,0,0,NaN,0
13,190,1,1,1,1,323,512,665,424,1089,0,0,0.679917054,0
13,191,1,1,1,0,NaN,NaN,NaN,NaN,NaN,0,0,NaN,0
13,192,1,1,1,1,256,459,647,432,1079,0,0,0.73008174,0
13,193,1,1,1,1,210,447,623,512,1135,0,1,0.756885563,0
13,194,1,1,1,1,258,453,625,528,1153,0,2,0.672931934,0
13,195,1,1,1,0,NaN,NaN,NaN,NaN,NaN,0,0,NaN,0
13,196,1,1,1,1,249,467,667,512,1179,0,0,0.652104336,0
13,197,1,1,2,1,286,512,695,472,1167,0,1,0.758611889,0
13,198,1,1,2,1,190,448,625,528,1153,0,2,0.718508442,0
13,199,1,1,2,0,NaN,NaN,NaN,NaN,NaN,0,0,NaN,0
13,200,1,1,1,1,375,591,821,568,1389,0,0,0.752736865,0
13,201,1,1,1,1,253,449,665,416,1081,0,1,0.767545761,0
13,202,1,1,1,1,217,406,636,480,1116,0,2,0.673934051,0
13,203,1,1,2,1,204,425,642,392,1034,0,3,0.742808892,0
13,204,1,1,2,0,NaN,NaN,NaN,NaN,NaN,0,0,NaN,0
13,205,1,1,1,1,185,393,548,448,996,0,0,0.609582639,0
13,206,1,1,1,1,310,505,661,384,1045,0,1,0.631798778,0
13,207,1,1,1,1,284,537,752,400,1152,0,2,0.734453482,0
13,208,1,1,2,0,NaN,NaN,NaN,NaN,NaN,0,0,NaN,0
13,209,1,1,1,0,NaN,NaN,NaN,NaN,NaN,0,0,NaN,0
13,210,1,1,1,1,223,421,636,416,1052,0,-1,0.631361508,0
13,211,1,1,2,1,182,355,553,360,913,0,1,0.649322678,0
13,212,1,1,2,1,211,418,653,368,1021,0,2,0.659756707,0
13,213,1,1,1,1,165,360,594,440,1034,0,3,0.652804935,0
13,214,1,1,2,1,197,349,597,336,933,0,4,0.62375654,0
13,215,1,1,2,1,199,416,657,416,1073,0,5,0.768571443,0
13,216,1,1,2,1,NaN,NaN,343,317,660,0,6,NaN,1
13,217,1,1,1,1,214,398,601,456,1057,0,7,0.629625638,0
13,218,1,1,1,0,NaN,NaN,NaN,NaN,NaN,0,0,NaN,0
13,219,1,1,2,1,174,410,643,400,1043,0,0,0.717652508,0
13,220,1,1,2,1,275,398,638,250,888,0,1,0.549493791,0
13,221,1,1,1,1,135,359,568,254,822,0,2,0.499938638,0
13,222,1,1,2,1,242,466,677,376,1053,0,3,0.735184949,0
13,223,1,1,2,1,218,428,635,416,1051,0,4,0.664185161,0
13,224,1,1,2,1,164,392,616,448,1064,0,5,0.691531352,0
13,225,1,1,1,0,NaN,NaN,NaN,NaN,NaN,0,0,NaN,0
13,226,1,1,2,1,250,490,650,480,1130,0,0,0.77824238,0
13,227,1,1,2,1,216,452,609,456,1065,0,1,0.730280446,0
13,228,1,1,2,1,127,382,654,280,934,0,2,0.729966654,0
13,229,1,1,1,1,200,440,615,432,1047,0,3,0.640471415,0
13,230,1,1,2,1,188,363,578,282,860,0,4,0.488633972,0
14,1,1,1,1,1,226,464,842,464,1306,0,0,0.660340551,0
14,2,1,1,1,1,336,568,1020,640,1660,0,1,0.663525005,0
14,3,1,1,1,1,312,527,1524,622,2146,0,2,0.612256457,0
14,4,1,1,1,1,195,404,658,440,1098,0,3,0.696349215,0
14,5,1,1,2,1,229,408,682,640,1322,0,4,0.614864861,0
14,6,1,1,1,1,205,396,754,568,1322,0,5,0.690722977,0
14,7,1,1,2,0,NaN,NaN,NaN,NaN,NaN,0,0,NaN,0
14,8,1,1,2,1,145,374,712,417,1129,0,0,0.656636082,0
14,9,1,1,2,1,263,509,738,800,1538,0,1,0.68133427,0
14,10,1,1,1,1,153,395,684,664,1348,0,2,0.707440855,0
14,11,1,1,2,1,141,383,662,463,1125,0,3,0.710444755,0
14,12,1,1,1,1,175,384,704,512,1216,0,4,0.692341926,0
14,13,1,1,2,1,182,347,824,400,1224,0,5,0.596219886,0
14,14,1,1,2,0,NaN,NaN,NaN,NaN,NaN,0,0,NaN,0
14,15,1,1,2,1,276,525,770,432,1202,0,0,0.649101956,0
14,16,1,1,1,0,NaN,NaN,NaN,NaN,NaN,0,0,NaN,0
14,17,1,1,1,1,240,469,762,440,1202,0,0,0.671837617,0
14,18,1,1,1,0,NaN,NaN,NaN,NaN,NaN,0,0,NaN,0
14,19,1,1,2,0,NaN,NaN,NaN,NaN,NaN,0,0,NaN,0
14,20,1,1,1,1,304,541,788,512,1300,0,-1,0.665386191,0
14,21,1,1,2,1,219,418,708,448,1156,0,1,0.684745253,0
14,22,1,1,2,1,241,461,790,496,1286,0,2,0.725590995,0
14,23,1,1,2,1,224,456,798,496,1294,0,3,0.658530084,0
14,24,1,1,1,0,NaN,NaN,NaN,NaN,NaN,0,0,NaN,0
14,25,1,1,2,1,285,571,840,432,1272,0,0,0.661087953,0
14,26,1,1,1,0,NaN,NaN,NaN,NaN,NaN,0,0,NaN,0
14,27,1,1,1,1,189,453,786,416,1202,0,0,0.680188299,0
14,28,1,1,1,1,243,444,900,416,1316,0,1,0.654445101,0
14,29,1,1,1,0,NaN,NaN,NaN,NaN,NaN,0,0,NaN,0
14,30,1,1,2,1,164,449,802,560,1362,0,0,0.683555959,0
14,31,1,1,1,0,NaN,NaN,NaN,NaN,NaN,0,0,NaN,0
14,32,1,1,2,1,318,558,934,456,1390,0,0,0.653885404,0
14,33,1,1,1,1,203,414,760,440,1200,0,1,0.705414525,0
14,34,1,1,1,1,265,481,766,400,1166,0,2,0.735828572,0
14,35,1,1,2,0,NaN,NaN,NaN,NaN,NaN,0,0,NaN,0
14,36,1,1,1,1,185,430,756,352,1108,0,0,0.795827068,0
14,37,1,1,1,0,NaN,NaN,NaN,NaN,NaN,0,0,NaN,0
14,38,1,1,2,1,192,424,750,472,1222,0,0,0.671765354,0
14,39,1,1,1,1,166,446,772,528,1300,0,1,0.705904468,0
14,40,1,1,2,0,NaN,NaN,NaN,NaN,NaN,0,0,NaN,0
14,41,1,1,1,1,166,414,708,382,1090,0,0,0.727078461,0
14,42,1,1,2,1,217,446,726,456,1182,0,1,0.651723187,0
14,43,1,1,1,1,148,375,650,464,1114,0,2,0.687866111,0
14,44,1,1,1,1,210,452,886,432,1318,0,3,0.712994831,0
14,45,1,1,2,1,179,374,664,480,1144,0,4,0.660131708,0
14,46,1,1,2,0,NaN,NaN,NaN,NaN,NaN,0,0,NaN,0
14,47,1,1,2,0,NaN,NaN,NaN,NaN,NaN,0,0,NaN,0
14,48,1,1,2,1,214,448,738,584,1322,0,-1,0.603573266,0
14,49,1,1,1,1,202,374,1120,448,1568,0,1,0.587768891,0
14,50,1,1,1,0,NaN,NaN,NaN,NaN,NaN,0,0,NaN,0
14,51,1,1,2,1,209,461,696,408,1104,0,0,0.612810551,0
14,52,1,1,1,1,190,432,742,416,1158,0,1,0.717255102,0
14,53,1,1,1,1,201,426,728,448,1176,0,2,0.776368192,0
14,54,1,1,2,1,194,382,656,464,1120,0,3,0.608119652,0
14,55,1,1,2,1,332,599,888,440,1328,0,4,0.570422213,0
14,56,1,1,2,1,637,916,1120,432,1552,0,5,0.650593028,0
14,57,1,1,2,1,264,465,714,448,1162,0,6,0.634487765,0
14,58,1,1,1,1,192,456,720,448,1168,0,7,0.673887008,0
14,59,1,1,2,1,NaN,NaN,432,483,915,0,8,NaN,1
14,60,1,1,2,1,302,551,750,480,1230,0,9,0.706338135,0
14,61,1,1,2,1,210,429,712,448,1160,0,10,0.703563984,0
14,62,1,1,2,1,249,481,770,432,1202,0,11,0.713217412,0
14,63,1,1,2,1,256,497,824,432,1256,0,12,0.677631249,0
14,64,1,1,2,1,331,497,738,400,1138,0,13,0.643899653,0
14,65,1,1,2,1,249,518,808,488,1296,0,14,0.574979339,0
14,66,1,1,2,1,216,437,722,448,1170,0,15,0.640582918,0
14,67,1,1,1,0,NaN,NaN,NaN,NaN,NaN,0,0,NaN,0
14,68,1,1,1,1,311,562,978,432,1410,0,0,0.630713726,0
14,69,1,1,1,0,NaN,NaN,NaN,NaN,NaN,0,0,NaN,0
14,70,1,1,1,1,202,447,728,464,1192,0,0,0.754063259,0
14,71,1,1,1,0,NaN,NaN,NaN,NaN,NaN,0,0,NaN,0
14,72,1,1,2,1,188,419,608,464,1072,0,0,0.601051669,0
14,73,1,1,1,1,215,501,782,544,1326,0,1,0.628255381,0
14,74,1,1,1,1,179,442,684,488,1172,0,2,0.694302087,0
14,75,1,1,2,0,NaN,NaN,NaN,NaN,NaN,0,0,NaN,0
14,76,1,1,2,0,NaN,NaN,NaN,NaN,NaN,0,0,NaN,0
14,77,1,1,2,1,267,479,654,480,1134,0,-1,0.685977928,0
14,78,1,1,1,1,178,377,594,408,1002,0,1,0.794004262,0
14,79,1,1,2,0,NaN,NaN,NaN,NaN,NaN,0,0,NaN,0
14,80,1,1,1,0,NaN,NaN,NaN,NaN,NaN,0,0,NaN,0
14,81,1,1,2,1,229,447,610,544,1154,0,-1,0.681983303,0
14,82,1,1,2,1,229,484,686,520,1206,0,1,0.683178397,0
14,83,1,1,1,0,NaN,NaN,NaN,NaN,NaN,0,0,NaN,0
14,84,1,1,1,1,242,442,654,562,1216,0,0,0.632455119,0
14,85,1,1,2,1,214,437,598,526,1124,0,1,0.621764902,0
14,86,1,1,1,1,211,459,703,423,1126,0,2,0.621150438,0
14,87,1,1,2,1,280,455,650,384,1034,0,3,0.693667907,0
14,88,1,1,2,1,234,461,674,512,1186,0,4,0.691006493,0
14,89,1,1,2,0,NaN,NaN,NaN,NaN,NaN,0,0,NaN,0
14,90,1,1,1,1,239,460,674,576,1250,0,0,0.746292611,0
14,91,1,1,1,1,190,363,680,336,1016,0,1,0.679847196,0
14,92,1,1,2,1,190,455,726,360,1086,0,2,0.652500047,0
14,93,1,1,1,1,341,567,1112,352,1464,0,3,0.573179777,0
14,94,1,1,2,1,242,443,676,384,1060,0,4,0.695479745,0
14,95,1,1,1,1,202,437,820,392,1212,0,5,0.608578406,0
14,96,1,1,1,1,303,526,742,344,1086,0,6,0.698031243,0
14,97,1,1,1,1,225,478,760,504,1264,0,7,0.705638881,0
14,98,1,1,2,1,222,424,650,464,1114,0,8,0.620431891,0
14,99,1,1,2,1,340,555,762,544,1306,0,9,0.673635446,0
14,100,1,1,2,0,NaN,NaN,NaN,NaN,NaN,0,0,NaN,0
14,101,1,1,1,1,196,411,724,424,1148,0,0,0.715565262,0
14,102,1,1,2,0,NaN,NaN,NaN,NaN,NaN,0,0,NaN,0
14,103,1,1,2,0,NaN,NaN,NaN,NaN,NaN,0,0,NaN,0
14,104,1,1,2,1,224,460,712,360,1072,0,-1,0.647572301,0
14,105,1,1,2,1,484,686,926,336,1262,0,1,0.691370808,0
14,106,1,1,1,0,NaN,NaN,NaN,NaN,NaN,0,0,NaN,0
14,107,1,1,2,1,197,410,616,360,976,0,0,0.735450064,0
14,108,1,1,2,1,249,470,750,416,1166,0,1,0.718122687,0
14,109,1,1,1,1,211,460,790,400,1190,0,2,0.618791355,0
14,110,1,1,1,1,194,397,624,408,1032,0,3,0.698546326,0
14,111,1,1,2,1,277,514,708,360,1068,0,4,0.550532751,0
14,112,1,1,1,1,158,375,638,424,1062,0,5,0.669922382,0
14,113,1,1,1,1,220,408,652,384,1036,0,6,0.603301063,0
14,114,1,1,1,1,196,398,666,456,1122,0,7,0.631568882,0
14,115,1,1,2,1,197,304,500,384,884,0,8,0.441965268,0
14,116,1,1,1,0,NaN,NaN,NaN,NaN,NaN,0,0,NaN,0
14,117,1,1,1,1,213,441,724,400,1124,0,0,0.720966305,0
14,118,1,1,1,0,NaN,NaN,NaN,NaN,NaN,0,0,NaN,0
14,119,1,1,1,1,244,491,760,496,1256,0,0,0.658927316,0
14,120,1,1,1,1,364,574,846,360,1206,0,1,0.724558863,0
14,121,1,2,1,0,NaN,NaN,NaN,NaN,NaN,0,0,NaN,0
14,122,1,2,1,0,NaN,NaN,NaN,NaN,NaN,0,0,NaN,0
14,123,1,2,1,0,NaN,NaN,NaN,NaN,NaN,0,0,NaN,0
14,124,1,2,1,0,NaN,NaN,NaN,NaN,NaN,0,0,NaN,0
14,125,1,2,1,1,217,460,796,448,1244,0,-3,0.712198301,0
14,126,1,2,1,0,NaN,NaN,NaN,NaN,NaN,0,0,NaN,0
14,127,1,2,1,0,NaN,NaN,NaN,NaN,NaN,0,0,NaN,0
14,128,1,2,1,0,NaN,NaN,NaN,NaN,NaN,0,0,NaN,0
14,129,1,2,1,0,NaN,NaN,NaN,NaN,NaN,0,0,NaN,0
14,130,1,2,2,1,442,665,974,368,1342,0,-3,0.635570043,0
14,131,1,2,2,0,NaN,NaN,NaN,NaN,NaN,0,0,NaN,0
14,132,1,2,1,0,NaN,NaN,NaN,NaN,NaN,0,0,NaN,0
14,133,1,2,1,0,NaN,NaN,NaN,NaN,NaN,0,0,NaN,0
14,134,1,2,2,0,NaN,NaN,NaN,NaN,NaN,0,0,NaN,0
14,135,1,2,2,0,NaN,NaN,NaN,NaN,NaN,0,0,NaN,0
14,136,1,2,1,0,NaN,NaN,NaN,NaN,NaN,0,0,NaN,0
14,137,1,2,2,0,NaN,NaN,NaN,NaN,NaN,0,0,NaN,0
14,138,1,2,2,0,NaN,NaN,NaN,NaN,NaN,0,0,NaN,0
14,139,1,2,1,0,NaN,NaN,NaN,NaN,NaN,0,0,NaN,0
14,140,1,2,2,0,NaN,NaN,NaN,NaN,NaN,0,0,NaN,0
14,141,1,2,2,1,344,576,914,504,1418,0,-9,0.635323817,0
14,142,1,2,2,0,NaN,NaN,NaN,NaN,NaN,0,0,NaN,0
14,143,1,2,1,0,NaN,NaN,NaN,NaN,NaN,0,0,NaN,0
14,144,1,2,1,0,NaN,NaN,NaN,NaN,NaN,0,0,NaN,0
14,145,1,2,2,0,NaN,NaN,NaN,NaN,NaN,0,0,NaN,0
14,146,1,2,2,1,278,521,836,472,1308,0,-3,0.625604767,0
14,147,1,2,1,0,NaN,NaN,NaN,NaN,NaN,0,0,NaN,0
14,148,1,2,2,0,NaN,NaN,NaN,NaN,NaN,0,0,NaN,0
14,149,1,2,1,1,481,701,1054,344,1398,0,-1,0.663321642,0
14,150,1,2,2,0,NaN,NaN,NaN,NaN,NaN,0,0,NaN,0
14,151,1,2,2,1,222,403,624,376,1000,0,0,0.650329116,0
14,152,1,2,1,1,160,388,624,408,1032,0,1,0.722736566,0
14,153,1,2,1,0,NaN,NaN,NaN,NaN,NaN,0,0,NaN,0
14,154,1,2,1,1,248,469,810,387,1197,0,0,0.817139563,0
14,155,1,2,2,0,NaN,NaN,NaN,NaN,NaN,0,0,NaN,0
14,156,1,2,1,0,NaN,NaN,NaN,NaN,NaN,0,0,NaN,0
14,157,1,2,2,0,NaN,NaN,NaN,NaN,NaN,0,0,NaN,0
14,158,1,2,2,1,305,492,746,448,1194,0,-2,0.61210869,0
14,159,1,2,2,0,NaN,NaN,NaN,NaN,NaN,0,0,NaN,0
14,160,1,2,2,0,NaN,NaN,NaN,NaN,NaN,0,0,NaN,0
14,161,1,2,1,1,176,416,694,336,1030,0,-1,0.733142666,0
14,162,1,2,2,0,NaN,NaN,NaN,NaN,NaN,0,0,NaN,0
14,163,1,2,1,0,NaN,NaN,NaN,NaN,NaN,0,0,NaN,0
14,164,1,2,2,0,NaN,NaN,NaN,NaN,NaN,0,0,NaN,0
14,165,1,2,1,0,NaN,NaN,NaN,NaN,NaN,0,0,NaN,0
14,166,1,2,1,1,398,624,914,384,1298,0,-3,0.745256468,0
14,167,1,2,1,0,NaN,NaN,NaN,NaN,NaN,0,0,NaN,0
14,168,1,2,2,0,NaN,NaN,NaN,NaN,NaN,0,0,NaN,0
14,169,1,2,1,0,NaN,NaN,NaN,NaN,NaN,0,0,NaN,0
14,170,1,2,2,1,253,454,780,392,1172,0,-2,0.629192991,0
14,171,1,2,2,0,NaN,NaN,NaN,NaN,NaN,0,0,NaN,0
14,172,1,2,2,0,NaN,NaN,NaN,NaN,NaN,0,0,NaN,0
14,173,1,2,2,1,256,472,788,456,1244,0,-1,0.699218716,0
14,174,1,2,1,0,NaN,NaN,NaN,NaN,NaN,0,0,NaN,0
14,175,1,2,1,1,244,453,878,456,1334,0,0,0.691025276,0
14,176,1,2,2,0,NaN,NaN,NaN,NaN,NaN,0,0,NaN,0
14,177,1,2,1,1,244,438,804,520,1324,0,0,0.832348903,0
14,178,1,2,2,0,NaN,NaN,NaN,NaN,NaN,0,0,NaN,0
14,179,1,2,2,0,NaN,NaN,NaN,NaN,NaN,0,0,NaN,0
14,180,1,2,2,0,NaN,NaN,NaN,NaN,NaN,0,0,NaN,0
14,181,1,2,2,0,NaN,NaN,NaN,NaN,NaN,0,0,NaN,0
14,182,1,2,1,0,NaN,NaN,NaN,NaN,NaN,0,0,NaN,0
14,183,1,2,2,0,NaN,NaN,NaN,NaN,NaN,0,0,NaN,0
14,184,1,2,1,1,371,610,948,408,1356,0,-5,0.731599887,0
14,185,1,2,2,1,325,532,846,472,1318,0,1,0.634975378,0
14,186,1,2,1,0,NaN,NaN,NaN,NaN,NaN,0,0,NaN,0
14,187,1,2,1,1,373,617,924,400,1324,0,0,0.668471965,0
14,188,1,2,1,0,NaN,NaN,NaN,NaN,NaN,0,0,NaN,0
14,189,1,2,1,0,NaN,NaN,NaN,NaN,NaN,0,0,NaN,0
14,190,1,2,2,0,NaN,NaN,NaN,NaN,NaN,0,0,NaN,0
14,191,1,2,2,0,NaN,NaN,NaN,NaN,NaN,0,0,NaN,0
14,192,1,2,1,0,NaN,NaN,NaN,NaN,NaN,0,0,NaN,0
14,193,1,2,2,0,NaN,NaN,NaN,NaN,NaN,0,0,NaN,0
14,194,1,2,2,1,248,461,734,512,1246,0,-5,0.640407306,0
14,195,1,2,2,1,743,962,1310,307,1617,0,1,0.630389722,0
14,196,1,2,1,0,NaN,NaN,NaN,NaN,NaN,0,0,NaN,0
14,197,1,2,2,0,NaN,NaN,NaN,NaN,NaN,0,0,NaN,0
14,198,1,2,2,0,NaN,NaN,NaN,NaN,NaN,0,0,NaN,0
14,199,1,2,1,1,333,580,994,464,1458,0,-2,0.644679545,0
14,200,1,2,1,0,NaN,NaN,NaN,NaN,NaN,0,0,NaN,0
14,201,1,2,2,0,NaN,NaN,NaN,NaN,NaN,0,0,NaN,0
14,202,1,2,1,0,NaN,NaN,NaN,NaN,NaN,0,0,NaN,0
14,203,1,2,2,0,NaN,NaN,NaN,NaN,NaN,0,0,NaN,0
14,204,1,2,1,0,NaN,NaN,NaN,NaN,NaN,0,0,NaN,0
14,205,1,2,2,1,275,508,792,344,1136,0,-4,0.660474506,0
14,206,1,2,2,0,NaN,NaN,NaN,NaN,NaN,0,0,NaN,0
14,207,1,2,2,0,NaN,NaN,NaN,NaN,NaN,0,0,NaN,0
14,208,1,2,2,0,NaN,NaN,NaN,NaN,NaN,0,0,NaN,0
14,209,1,2,1,0,NaN,NaN,NaN,NaN,NaN,0,0,NaN,0
14,210,1,2,1,0,NaN,NaN,NaN,NaN,NaN,0,0,NaN,0
14,211,1,2,1,0,NaN,NaN,NaN,NaN,NaN,0,0,NaN,0
14,212,1,2,1,1,337,568,926,416,1342,0,-5,0.691278692,0
14,213,1,2,2,1,210,441,736,408,1144,0,1,0.649078142,0
14,214,1,2,1,1,278,510,786,424,1210,0,2,0.671911004,0
14,215,1,2,1,0,NaN,NaN,NaN,NaN,NaN,0,0,NaN,0
14,216,1,2,2,1,306,529,820,352,1172,0,0,0.68122526,0
14,217,1,2,1,0,NaN,NaN,NaN,NaN,NaN,0,0,NaN,0
14,218,1,2,2,0,NaN,NaN,NaN,NaN,NaN,0,0,NaN,0
14,219,1,2,2,0,NaN,NaN,NaN,NaN,NaN,0,0,NaN,0
14,220,1,2,2,0,NaN,NaN,NaN,NaN,NaN,0,0,NaN,0
14,221,1,2,2,0,NaN,NaN,NaN,NaN,NaN,0,0,NaN,0
14,222,1,2,2,0,NaN,NaN,NaN,NaN,NaN,0,0,NaN,0
14,223,1,2,1,1,235,505,794,416,1210,0,-5,0.679940908,0
14,224,1,2,2,0,NaN,NaN,NaN,NaN,NaN,0,0,NaN,0
14,225,1,2,1,0,NaN,NaN,NaN,NaN,NaN,0,0,NaN,0
14,226,1,2,1,0,NaN,NaN,NaN,NaN,NaN,0,0,NaN,0
14,227,1,2,2,1,218,499,802,464,1266,0,-2,0.603818426,0
14,228,1,2,1,0,NaN,NaN,NaN,NaN,NaN,0,0,NaN,0
14,229,1,2,1,0,NaN,NaN,NaN,NaN,NaN,0,0,NaN,0
14,230,1,2,1,0,NaN,NaN,NaN,NaN,NaN,0,0,NaN,0
14,231,1,2,1,0,NaN,NaN,NaN,NaN,NaN,0,0,NaN,0
14,232,1,2,2,0,NaN,NaN,NaN,NaN,NaN,0,0,NaN,0
14,233,1,2,2,0,NaN,NaN,NaN,NaN,NaN,0,0,NaN,0
14,234,1,2,1,1,194,444,792,448,1240,0,-5,0.685151063,0
14,235,1,2,1,0,NaN,NaN,NaN,NaN,NaN,0,0,NaN,0
14,236,1,2,2,0,NaN,NaN,NaN,NaN,NaN,0,0,NaN,0
14,237,1,2,2,0,NaN,NaN,NaN,NaN,NaN,0,0,NaN,0
14,238,1,2,2,0,NaN,NaN,NaN,NaN,NaN,0,0,NaN,0
14,239,1,2,1,1,246,450,762,528,1290,0,-3,0.7171089,0
14,240,1,2,1,0,NaN,NaN,NaN,NaN,NaN,0,0,NaN,0
15,1,1,2,1,0,NaN,NaN,NaN,NaN,NaN,0,0,NaN,0
15,2,1,2,2,0,NaN,NaN,NaN,NaN,NaN,0,0,NaN,0
15,3,1,2,1,0,NaN,NaN,NaN,NaN,NaN,0,0,NaN,0
15,4,1,2,2,1,232,438,672,328,1000,0,-2,0.79809978,0
15,5,1,2,1,1,222,480,708,296,1004,0,1,0.807729629,0
15,6,1,2,2,0,NaN,NaN,NaN,NaN,NaN,0,0,NaN,0
15,7,1,2,2,0,NaN,NaN,NaN,NaN,NaN,0,0,NaN,0
15,8,1,2,2,0,NaN,NaN,NaN,NaN,NaN,0,0,NaN,0
15,9,1,2,1,1,252,498,796,264,1060,0,-2,0.826335133,0
15,10,1,2,2,0,NaN,NaN,NaN,NaN,NaN,0,0,NaN,0
15,11,1,2,1,1,219,436,682,216,898,0,0,0.792849304,0
15,12,1,2,1,0,NaN,NaN,NaN,NaN,NaN,0,0,NaN,0
15,13,1,2,1,0,NaN,NaN,NaN,NaN,NaN,0,0,NaN,0
15,14,1,2,2,0,NaN,NaN,NaN,NaN,NaN,0,0,NaN,0
15,15,1,2,2,0,NaN,NaN,NaN,NaN,NaN,0,0,NaN,0
15,16,1,2,2,1,255,466,746,296,1042,0,-3,0.76020288,0
15,17,1,2,2,0,NaN,NaN,NaN,NaN,NaN,0,0,NaN,0
15,18,1,2,1,0,NaN,NaN,NaN,NaN,NaN,0,0,NaN,0
15,19,1,2,2,0,NaN,NaN,NaN,NaN,NaN,0,0,NaN,0
15,20,1,2,1,1,198,442,648,232,880,0,-2,0.792082982,0
15,21,1,2,2,1,275,473,704,264,968,0,1,0.783057494,0
15,22,1,2,1,0,NaN,NaN,NaN,NaN,NaN,0,0,NaN,0
15,23,1,2,2,0,NaN,NaN,NaN,NaN,NaN,0,0,NaN,0
15,24,1,2,2,0,NaN,NaN,NaN,NaN,NaN,0,0,NaN,0
15,25,1,2,2,1,381,569,808,264,1072,0,-2,0.873718015,0
15,26,1,2,2,0,NaN,NaN,NaN,NaN,NaN,0,0,NaN,0
15,27,1,2,2,1,395,606,810,248,1058,0,0,0.812429688,0
15,28,1,2,1,0,NaN,NaN,NaN,NaN,NaN,0,0,NaN,0
15,29,1,2,1,0,NaN,NaN,NaN,NaN,NaN,0,0,NaN,0
15,30,1,2,1,1,254,436,656,216,872,0,-1,0.808061018,0
15,31,1,2,1,0,NaN,NaN,NaN,NaN,NaN,0,0,NaN,0
15,32,1,2,2,0,NaN,NaN,NaN,NaN,NaN,0,0,NaN,0
15,33,1,2,2,0,NaN,NaN,NaN,NaN,NaN,0,0,NaN,0
15,34,1,2,2,0,NaN,NaN,NaN,NaN,NaN,0,0,NaN,0
15,35,1,2,1,0,NaN,NaN,NaN,NaN,NaN,0,0,NaN,0
15,36,1,2,2,0,NaN,NaN,NaN,NaN,NaN,0,0,NaN,0
15,37,1,2,1,1,1310,1515,1708,160,1868,0,-5,0.741662625,0
15,38,1,2,1,0,NaN,NaN,NaN,NaN,NaN,0,0,NaN,0
15,39,1,2,1,0,NaN,NaN,NaN,NaN,NaN,0,0,NaN,0
15,40,1,2,2,0,NaN,NaN,NaN,NaN,NaN,0,0,NaN,0
15,41,1,2,1,0,NaN,NaN,NaN,NaN,NaN,0,0,NaN,0
15,42,1,2,2,0,NaN,NaN,NaN,NaN,NaN,0,0,NaN,0
15,43,1,2,1,0,NaN,NaN,NaN,NaN,NaN,0,0,NaN,0
15,44,1,2,2,0,NaN,NaN,NaN,NaN,NaN,0,0,NaN,0
15,45,1,2,1,0,NaN,NaN,NaN,NaN,NaN,0,0,NaN,0
15,46,1,2,1,1,202,426,636,232,868,0,-7,0.79915923,0
15,47,1,2,1,0,NaN,NaN,NaN,NaN,NaN,0,0,NaN,0
15,48,1,2,1,0,NaN,NaN,NaN,NaN,NaN,0,0,NaN,0
15,49,1,2,1,0,NaN,NaN,NaN,NaN,NaN,0,0,NaN,0
15,50,1,2,1,0,NaN,NaN,NaN,NaN,NaN,0,0,NaN,0
15,51,1,2,2,1,307,484,690,264,954,0,-3,0.753819569,0
15,52,1,2,1,0,NaN,NaN,NaN,NaN,NaN,0,0,NaN,0
15,53,1,2,2,0,NaN,NaN,NaN,NaN,NaN,0,0,NaN,0
15,54,1,2,1,1,391,575,800,240,1040,0,-1,0.821828383,0
15,55,1,2,1,0,NaN,NaN,NaN,NaN,NaN,0,0,NaN,0
15,56,1,2,2,1,263,489,726,272,998,0,0,0.800546938,0
15,57,1,2,2,0,NaN,NaN,NaN,NaN,NaN,0,0,NaN,0
15,58,1,2,1,0,NaN,NaN,NaN,NaN,NaN,0,0,NaN,0
15,59,1,2,2,0,NaN,NaN,NaN,NaN,NaN,0,0,NaN,0
15,60,1,2,2,0,NaN,NaN,NaN,NaN,NaN,0,0,NaN,0
15,61,1,2,2,0,NaN,NaN,NaN,NaN,NaN,0,0,NaN,0
15,62,1,2,1,1,399,623,854,232,1086,0,-4,0.801602323,0
15,63,1,2,1,0,NaN,NaN,NaN,NaN,NaN,0,0,NaN,0
15,64,1,2,2,0,NaN,NaN,NaN,NaN,NaN,0,0,NaN,0
15,65,1,2,1,1,266,458,704,256,960,0,-1,0.813915731,0
15,66,1,2,2,0,NaN,NaN,NaN,NaN,NaN,0,0,NaN,0
15,67,1,2,1,0,NaN,NaN,NaN,NaN,NaN,0,0,NaN,0
15,68,1,2,1,1,262,490,736,264,1000,0,-1,0.820457118,0
15,69,1,2,2,0,NaN,NaN,NaN,NaN,NaN,0,0,NaN,0
15,70,1,2,1,0,NaN,NaN,NaN,NaN,NaN,0,0,NaN,0
15,71,1,2,2,0,NaN,NaN,NaN,NaN,NaN,0,0,NaN,0
15,72,1,2,2,1,399,601,792,232,1024,0,-2,0.721460623,0
15,73,1,2,1,0,NaN,NaN,NaN,NaN,NaN,0,0,NaN,0
15,74,1,2,2,0,NaN,NaN,NaN,NaN,NaN,0,0,NaN,0
15,75,1,2,2,1,239,419,646,280,926,0,-1,0.774913236,0
15,76,1,2,2,0,NaN,NaN,NaN,NaN,NaN,0,0,NaN,0
15,77,1,2,2,0,NaN,NaN,NaN,NaN,NaN,0,0,NaN,0
15,78,1,2,1,1,263,489,722,264,986,0,-1,0.844175358,0
15,79,1,2,1,0,NaN,NaN,NaN,NaN,NaN,0,0,NaN,0
15,80,1,2,1,1,772,939,1142,224,1366,0,0,0.785775046,0
15,81,1,2,2,1,215,426,652,296,948,0,1,0.850912007,0
15,82,1,2,2,0,NaN,NaN,NaN,NaN,NaN,0,0,NaN,0
15,83,1,2,2,0,NaN,NaN,NaN,NaN,NaN,0,0,NaN,0
15,84,1,2,1,0,NaN,NaN,NaN,NaN,NaN,0,0,NaN,0
15,85,1,2,1,1,272,493,744,256,1000,0,-2,0.828046504,0
15,86,1,2,2,0,NaN,NaN,NaN,NaN,NaN,0,0,NaN,0
15,87,1,2,1,0,NaN,NaN,NaN,NaN,NaN,0,0,NaN,0
15,88,1,2,2,0,NaN,NaN,NaN,NaN,NaN,0,0,NaN,0
15,89,1,2,1,0,NaN,NaN,NaN,NaN,NaN,0,0,NaN,0
15,90,1,2,2,0,NaN,NaN,NaN,NaN,NaN,0,0,NaN,0
15,91,1,2,2,1,448,668,866,248,1114,0,-4,0.71219484,0
15,92,1,2,2,0,NaN,NaN,NaN,NaN,NaN,0,0,NaN,0
15,93,1,2,1,0,NaN,NaN,NaN,NaN,NaN,0,0,NaN,0
15,94,1,2,2,0,NaN,NaN,NaN,NaN,NaN,0,0,NaN,0
15,95,1,2,2,0,NaN,NaN,NaN,NaN,NaN,0,0,NaN,0
15,96,1,2,2,0,NaN,NaN,NaN,NaN,NaN,0,0,NaN,0
15,97,1,2,1,0,NaN,NaN,NaN,NaN,NaN,0,0,NaN,0
15,98,1,2,2,0,NaN,NaN,NaN,NaN,NaN,0,0,NaN,0
15,99,1,2,1,0,NaN,NaN,NaN,NaN,NaN,0,0,NaN,0
15,100,1,2,2,1,516,732,964,328,1292,0,-7,0.82893177,0
15,101,1,2,1,0,NaN,NaN,NaN,NaN,NaN,0,0,NaN,0
15,102,1,2,1,0,NaN,NaN,NaN,NaN,NaN,0,0,NaN,0
15,103,1,2,1,0,NaN,NaN,NaN,NaN,NaN,0,0,NaN,0
15,104,1,2,2,1,508,720,924,280,1204,0,-2,0.813291142,0
15,105,1,2,1,0,NaN,NaN,NaN,NaN,NaN,0,0,NaN,0
15,106,1,2,2,0,NaN,NaN,NaN,NaN,NaN,0,0,NaN,0
15,107,1,2,1,0,NaN,NaN,NaN,NaN,NaN,0,0,NaN,0
15,108,1,2,1,0,NaN,NaN,NaN,NaN,NaN,0,0,NaN,0
15,109,1,2,1,0,NaN,NaN,NaN,NaN,NaN,0,0,NaN,0
15,110,1,2,2,0,NaN,NaN,NaN,NaN,NaN,0,0,NaN,0
15,111,1,2,2,0,NaN,NaN,NaN,NaN,NaN,0,0,NaN,0
15,112,1,2,2,0,NaN,NaN,NaN,NaN,NaN,0,0,NaN,0
15,113,1,2,1,1,258,475,732,248,980,0,-7,0.843461812,0
15,114,1,2,1,0,NaN,NaN,NaN,NaN,NaN,0,0,NaN,0
15,115,1,2,1,0,NaN,NaN,NaN,NaN,NaN,0,0,NaN,0
15,116,1,2,1,1,236,454,696,248,944,0,-1,0.795667409,0
15,117,1,2,1,0,NaN,NaN,NaN,NaN,NaN,0,0,NaN,0
15,118,1,2,2,0,NaN,NaN,NaN,NaN,NaN,0,0,NaN,0
15,119,1,2,1,0,NaN,NaN,NaN,NaN,NaN,0,0,NaN,0
15,120,1,2,2,1,304,522,742,288,1030,0,-2,0.7346663,0
15,121,1,1,2,1,530,681,888,264,1152,0,1,0.741119694,0
15,122,1,1,2,1,329,545,760,320,1080,0,2,0.813191083,0
15,123,1,1,1,1,304,500,724,264,988,0,3,0.804222277,0
15,124,1,1,1,0,NaN,NaN,NaN,NaN,NaN,0,0,NaN,0
15,125,1,1,1,1,268,505,696,264,960,0,0,0.861466997,0
15,126,1,1,1,1,NaN,NaN,NaN,NaN,NaN,1,1,NaN,1
15,127,1,1,2,0,NaN,NaN,NaN,NaN,NaN,0,0,NaN,0
15,128,1,1,2,1,276,503,716,280,996,0,0,0.777785209,0
15,129,1,1,2,1,309,478,754,312,1066,0,1,0.696945134,0
15,130,1,1,2,1,286,527,706,320,1026,0,2,0.795871418,0
15,131,1,1,1,0,NaN,NaN,NaN,NaN,NaN,0,0,NaN,0
15,132,1,1,2,1,348,565,826,248,1074,0,0,0.747496489,0
15,133,1,1,2,1,352,579,826,304,1130,0,1,0.789541235,0
15,134,1,1,1,0,NaN,NaN,NaN,NaN,NaN,0,0,NaN,0
15,135,1,1,2,0,NaN,NaN,NaN,NaN,NaN,0,0,NaN,0
15,136,1,1,1,0,NaN,NaN,NaN,NaN,NaN,0,0,NaN,0
15,137,1,1,2,1,665,859,1030,248,1278,0,-2,0.839492693,0
15,138,1,1,1,0,NaN,NaN,NaN,NaN,NaN,0,0,NaN,0
15,139,1,1,1,1,419,614,842,264,1106,0,0,0.789641749,0
15,140,1,1,1,1,322,509,698,264,962,0,1,0.798050365,0
15,141,1,1,2,1,234,438,642,296,938,0,2,0.789890636,0
15,142,1,1,1,1,401,592,786,216,1002,0,3,0.795519318,0
15,143,1,1,1,1,208,413,608,296,904,0,4,0.831131009,0
15,144,1,1,2,1,240,575,734,264,998,0,5,0.67681226,0
15,145,1,1,2,1,335,616,776,344,1120,0,6,0.702343631,0
15,146,1,1,2,1,242,435,724,312,1036,0,7,0.694512744,0
15,147,1,1,1,0,NaN,NaN,NaN,NaN,NaN,0,0,NaN,0
15,148,1,1,2,1,324,500,652,312,964,0,0,0.682269234,0
15,149,1,1,2,0,NaN,NaN,NaN,NaN,NaN,0,0,NaN,0
15,150,1,1,1,1,211,411,614,296,910,0,0,0.871950803,0
15,151,1,1,1,1,250,443,674,264,938,0,1,0.807792898,0
15,152,1,1,1,1,191,432,706,368,1074,0,2,0.831011478,0
15,153,1,1,1,1,323,517,740,360,1100,0,3,0.768599309,0
15,154,1,1,2,1,239,443,698,304,1002,0,4,0.820006313,0
15,155,1,1,2,1,212,412,658,328,986,0,5,0.7279473,0
15,156,1,1,2,0,NaN,NaN,NaN,NaN,NaN,0,0,NaN,0
15,157,1,1,2,1,161,405,620,320,940,0,0,0.833260328,0
15,158,1,1,1,1,199,411,644,312,956,0,1,0.728116832,0
15,159,1,1,2,1,248,485,658,400,1058,0,2,0.713955296,0
15,160,1,1,1,0,NaN,NaN,NaN,NaN,NaN,0,0,NaN,0
15,161,1,1,1,0,NaN,NaN,NaN,NaN,NaN,0,0,NaN,0
15,162,1,1,2,1,450,646,848,248,1096,0,-1,0.786324234,0
15,163,1,1,1,1,206,408,666,288,954,0,1,0.863114963,0
15,164,1,1,1,1,239,558,746,296,1042,0,2,0.725596656,0
15,165,1,1,1,1,155,494,730,312,1042,0,3,0.829051692,0
15,166,1,1,1,1,288,496,769,182,951,0,4,0.098652058,0
15,167,1,1,1,1,200,427,658,304,962,0,5,0.841869408,0
15,168,1,1,1,1,191,413,622,328,950,0,6,0.802616899,0
15,169,1,1,2,0,NaN,NaN,NaN,NaN,NaN,0,0,NaN,0
15,170,1,1,2,1,241,500,748,296,1044,0,0,0.706405199,0
15,171,1,1,2,1,271,488,720,280,1000,0,1,0.758010871,0
15,172,1,1,2,0,NaN,NaN,NaN,NaN,NaN,0,0,NaN,0
15,173,1,1,1,1,216,430,674,232,906,0,0,0.873020589,0
15,174,1,1,2,1,856,983,1158,216,1374,0,1,0.691538635,0
15,175,1,1,1,1,215,419,660,296,956,0,2,0.760881844,0
15,176,1,1,2,0,NaN,NaN,NaN,NaN,NaN,0,0,NaN,0
15,177,1,1,2,1,210,427,680,312,992,0,0,0.699847491,0
15,178,1,1,1,1,214,417,622,296,918,0,1,0.814242388,0
15,179,1,1,2,1,240,433,656,360,1016,0,2,0.753058781,0
15,180,1,1,1,1,213,424,602,336,938,0,3,0.880347277,0
15,181,1,1,2,0,NaN,NaN,NaN,NaN,NaN,0,0,NaN,0
15,182,1,1,2,1,529,737,992,264,1256,0,0,0.793752385,0
15,183,1,1,1,1,262,506,820,304,1124,0,1,0.79636978,0
15,184,1,1,1,1,185,413,652,392,1044,0,2,0.888515637,0
15,185,1,1,1,1,204,412,700,328,1028,0,3,0.685398704,0
15,186,1,1,2,1,232,468,822,312,1134,0,4,0.747642501,0
15,187,1,1,1,1,185,427,670,296,966,0,5,0.808440257,0
15,188,1,1,1,0,NaN,NaN,NaN,NaN,NaN,0,0,NaN,0
15,189,1,1,1,0,NaN,NaN,NaN,NaN,NaN,0,0,NaN,0
15,190,1,1,1,1,364,594,810,264,1074,0,-1,0.797047661,0
15,191,1,1,2,1,217,440,684,312,996,0,1,0.88535245,0
15,192,1,1,2,1,228,413,584,328,912,0,2,0.965369136,0
15,193,1,1,1,1,275,491,706,280,986,0,3,0.836802035,0
15,194,1,1,2,1,168,632,874,346,1220,0,4,0.704117036,0
15,195,1,1,2,1,276,541,752,360,1112,0,5,0.796459709,0
15,196,1,1,1,1,528,730,892,232,1124,0,6,0.715313842,0
15,197,1,1,2,1,221,525,678,408,1086,0,7,0.98758148,0
15,198,1,1,1,1,277,522,754,280,1034,0,8,0.721459022,0
15,199,1,1,1,1,200,431,638,312,950,0,9,0.814177369,0
15,200,1,1,2,0,NaN,NaN,NaN,NaN,NaN,0,0,NaN,0
15,201,1,1,1,1,269,477,694,224,918,0,0,0.794436151,0
15,202,1,1,1,1,214,422,680,256,936,0,1,0.809514034,0
15,203,1,1,2,0,NaN,NaN,NaN,NaN,NaN,0,0,NaN,0
15,204,1,1,2,1,338,538,790,280,1070,0,0,0.774404728,0
15,205,1,1,2,1,391,573,832,296,1128,0,1,0.825075716,0
15,206,1,1,2,1,215,416,696,312,1008,0,2,0.777922759,0
15,207,1,1,1,0,NaN,NaN,NaN,NaN,NaN,0,0,NaN,0
15,208,1,1,1,1,290,528,754,248,1002,0,0,0.763719117,0
15,209,1,1,1,0,NaN,NaN,NaN,NaN,NaN,0,0,NaN,0
15,210,1,1,1,1,203,441,708,328,1036,0,0,0.820916735,0
15,211,1,1,2,0,NaN,NaN,NaN,NaN,NaN,0,0,NaN,0
15,212,1,1,2,1,367,572,824,312,1136,0,0,0.825867882,0
15,213,1,1,1,0,NaN,NaN,NaN,NaN,NaN,0,0,NaN,0
15,214,1,1,2,0,NaN,NaN,NaN,NaN,NaN,0,0,NaN,0
15,215,1,1,1,1,238,435,702,280,982,0,-1,0.854349134,0
15,216,1,1,2,1,465,625,804,264,1068,0,1,0.673689106,0
15,217,1,1,1,0,NaN,NaN,NaN,NaN,NaN,0,0,NaN,0
15,218,1,1,1,1,279,514,738,248,986,0,0,0.849292576,0
15,219,1,1,2,1,691,885,1060,296,1356,0,1,0.742841953,0
15,220,1,1,2,1,391,615,786,360,1146,0,2,0.653980138,0
15,221,1,1,1,1,252,449,680,280,960,0,3,0.83825987,0
15,222,1,1,2,1,236,411,664,296,960,0,4,0.678048934,0
15,223,1,1,1,0,NaN,NaN,NaN,NaN,NaN,0,0,NaN,0
15,224,1,1,2,1,245,422,640,304,944,0,0,0.755380437,0
15,225,1,1,1,1,296,505,768,280,1048,0,1,0.832752165,0
15,226,1,1,2,1,220,427,626,320,946,0,2,0.742550974,0
15,227,1,1,2,1,265,452,652,320,972,0,3,0.664883124,0
15,228,1,1,2,0,NaN,NaN,NaN,NaN,NaN,0,0,NaN,0
15,229,1,1,1,1,345,576,796,328,1124,0,0,0.909277382,0
15,230,1,1,2,1,237,428,590,376,966,0,1,0.728768009,0
15,231,1,1,2,1,234,482,742,296,1038,0,2,0.660145022,0
15,232,1,1,1,1,267,461,680,248,928,0,3,0.826996016,0
15,233,1,1,1,1,241,498,784,272,1056,0,4,0.787883361,0
15,234,1,1,1,1,273,538,792,312,1104,0,5,0.688394175,0
15,235,1,1,2,1,351,561,792,280,1072,0,6,0.713643919,0
15,236,1,1,2,0,NaN,NaN,NaN,NaN,NaN,0,0,NaN,0
15,237,1,1,1,1,206,424,692,296,988,0,0,0.880769328,0
15,238,1,1,1,0,NaN,NaN,NaN,NaN,NaN,0,0,NaN,0
15,239,1,1,2,1,416,579,788,312,1100,0,0,0.685955163,0
15,240,1,1,2,1,223,442,672,392,1064,0,1,0.724608779,0
16,1,1,1,2,0,NaN,NaN,NaN,NaN,NaN,0,0,NaN,0
16,2,1,1,1,0,NaN,NaN,NaN,NaN,NaN,0,0,NaN,0
16,3,1,1,1,1,302,496,814,416,1230,0,-1,0.654155913,0
16,4,1,1,2,1,357,523,1124,464,1588,0,1,0.736348131,0
16,5,1,1,2,1,521,838,1088,280,1368,0,2,0.855503784,0
16,6,1,1,2,1,238,474,676,472,1148,0,3,0.843361941,0
16,7,1,1,2,1,234,463,640,416,1056,0,4,0.866625389,0
16,8,1,1,1,0,NaN,NaN,NaN,NaN,NaN,0,0,NaN,0
16,9,1,1,2,1,189,433,690,392,1082,0,0,0.850280717,0
16,10,1,1,1,1,248,452,626,560,1186,0,1,0.569665145,0
16,11,1,1,2,1,189,424,654,368,1022,0,2,0.821268658,0
16,12,1,1,1,0,NaN,NaN,NaN,NaN,NaN,0,0,NaN,0
16,13,1,1,2,1,159,390,594,400,994,0,0,0.77588848,0
16,14,1,1,2,1,316,595,778,320,1098,0,1,0.70888528,0
16,15,1,1,1,1,278,484,668,344,1012,0,2,0.744979982,0
16,16,1,1,2,1,272,532,754,416,1170,0,3,0.865704031,0
16,17,1,1,1,1,276,512,693,381,1074,0,4,0.620205875,0
16,18,1,1,1,1,281,458,651,275,926,0,5,0.690533606,0
16,19,1,1,1,0,NaN,NaN,NaN,NaN,NaN,0,0,NaN,0
16,20,1,1,2,0,NaN,NaN,NaN,NaN,NaN,0,0,NaN,0
16,21,1,1,1,1,196,430,690,368,1058,0,-1,0.679839681,0
16,22,1,1,2,0,NaN,NaN,NaN,NaN,NaN,0,0,NaN,0
16,23,1,1,1,0,NaN,NaN,NaN,NaN,NaN,0,0,NaN,0
16,24,1,1,1,1,260,467,714,432,1146,0,-1,0.689747759,0
16,25,1,1,2,1,303,486,746,312,1058,0,1,0.805770084,0
16,26,1,1,1,1,325,528,793,397,1190,0,2,0.660781223,0
16,27,1,1,2,1,304,559,732,344,1076,0,3,0.800678857,0
16,28,1,1,2,1,263,475,654,416,1070,0,4,0.780820324,0
16,29,1,1,1,1,157,348,618,352,970,0,5,0.690261495,0
16,30,1,1,1,1,283,472,719,307,1026,0,6,0.628025297,0
16,31,1,1,2,1,149,372,646,352,998,0,7,0.741867607,0
16,32,1,1,1,1,187,386,644,416,1060,0,8,0.660518021,0
16,33,1,1,2,1,239,477,692,384,1076,0,9,0.798112659,0
16,34,1,1,1,1,221,479,702,416,1118,0,10,0.684796265,0
16,35,1,1,1,1,171,438,646,448,1094,0,11,0.605141651,0
16,36,1,1,1,1,289,486,644,480,1124,0,12,0.632248017,0
16,37,1,1,2,1,280,521,758,400,1158,0,13,0.819771258,0
16,38,1,1,2,1,186,425,590,360,950,0,14,0.838637982,0
16,39,1,1,2,0,NaN,NaN,NaN,NaN,NaN,0,0,NaN,0
16,40,1,1,1,1,255,519,787,383,1170,0,0,0.602777665,0
16,41,1,1,1,1,254,445,648,336,984,0,1,0.749885304,0
16,42,1,1,2,0,NaN,NaN,NaN,NaN,NaN,0,0,NaN,0
16,43,1,1,1,0,NaN,NaN,NaN,NaN,NaN,0,0,NaN,0
16,44,1,1,2,1,229,470,778,374,1152,0,-1,0.735254677,0
16,45,1,1,2,1,193,425,724,232,956,0,1,0.745573955,0
16,46,1,1,2,1,246,487,672,440,1112,0,2,0.718498498,0
16,47,1,1,2,1,245,493,650,352,1002,0,3,0.776018842,0
16,48,1,1,1,1,189,398,590,368,958,0,4,0.763341292,0
16,49,1,1,2,1,182,406,601,309,910,0,5,0.820731534,0
16,50,1,1,1,0,NaN,NaN,NaN,NaN,NaN,0,0,NaN,0
16,51,1,1,1,1,328,517,718,360,1078,0,0,0.69461483,0
16,52,1,1,1,1,282,458,642,360,1002,0,1,0.713399401,0
16,53,1,1,2,0,NaN,NaN,NaN,NaN,NaN,0,0,NaN,0
16,54,1,1,2,1,251,523,760,408,1168,0,0,0.827241462,0
16,55,1,1,1,0,NaN,NaN,NaN,NaN,NaN,0,0,NaN,0
16,56,1,1,1,1,200,428,618,464,1082,0,0,0.656210049,0
16,57,1,1,2,1,287,519,672,408,1080,0,1,0.845706865,0
16,58,1,1,1,1,255,483,688,334,1022,0,2,0.698053028,0
16,59,1,1,1,1,267,479,677,371,1048,0,3,0.694189222,0
16,60,1,1,2,0,NaN,NaN,NaN,NaN,NaN,0,0,NaN,0
16,61,1,1,2,0,NaN,NaN,NaN,NaN,NaN,0,0,NaN,0
16,62,1,1,1,1,261,464,682,464,1146,0,-1,0.66490558,0
16,63,1,1,2,0,NaN,NaN,NaN,NaN,NaN,0,0,NaN,0
16,64,1,1,1,1,201,440,592,488,1080,0,0,0.680352528,0
16,65,1,1,1,1,259,465,628,368,996,0,1,0.660039228,0
16,66,1,1,1,0,NaN,NaN,NaN,NaN,NaN,0,0,NaN,0
16,67,1,1,2,0,NaN,NaN,NaN,NaN,NaN,0,0,NaN,0
16,68,1,1,2,1,248,474,784,448,1232,0,-1,0.806810675,0
16,69,1,1,1,1,763,1056,1493,381,1874,0,1,0.550980318,0
16,70,1,1,1,1,213,428,619,333,952,0,2,0.710237568,0
16,71,1,1,2,1,162,399,620,336,956,0,3,0.803834179,0
16,72,1,1,1,1,259,456,718,384,1102,0,4,0.665307126,0
16,73,1,1,2,1,202,426,734,352,1086,0,5,0.842795531,0
16,74,1,1,2,1,230,457,670,320,990,0,6,0.797398744,0
16,75,1,1,2,1,201,394,590,384,974,0,7,0.812794345,0
16,76,1,1,1,1,182,392,604,360,964,0,8,0.695257671,0
16,77,1,1,2,0,NaN,NaN,NaN,NaN,NaN,0,0,NaN,0
16,78,1,1,1,0,NaN,NaN,NaN,NaN,NaN,0,0,NaN,0
16,79,1,1,2,1,243,491,702,472,1174,0,-1,0.826022363,0
16,80,1,1,1,1,293,481,759,423,1182,0,1,0.73057173,0
16,81,1,1,1,1,229,404,596,360,956,0,2,0.692664773,0
16,82,1,1,1,1,199,404,584,448,1032,0,3,0.629053046,0
16,83,1,1,1,1,173,383,550,400,950,0,4,0.602560595,0
16,84,1,1,1,1,258,411,583,303,886,0,5,0.593622589,0
16,85,1,1,2,1,204,469,668,360,1028,0,6,0.855346593,0
16,86,1,1,2,0,NaN,NaN,NaN,NaN,NaN,0,0,NaN,0
16,87,1,1,2,1,281,502,706,336,1042,0,0,0.856920506,0
16,88,1,1,2,1,160,421,626,312,938,0,1,0.792137519,0
16,89,1,1,2,1,270,483,678,512,1190,0,2,0.806031105,0
16,90,1,1,1,1,280,446,674,680,1354,0,3,0.606499132,0
16,91,1,1,2,1,303,489,678,328,1006,0,4,0.829393792,0
16,92,1,1,2,1,204,432,634,352,986,0,5,0.835609556,0
16,93,1,1,1,1,236,454,642,336,978,0,6,0.680205605,0
16,94,1,1,2,0,NaN,NaN,NaN,NaN,NaN,0,0,NaN,0
16,95,1,1,1,0,NaN,NaN,NaN,NaN,NaN,0,0,NaN,0
16,96,1,1,2,0,NaN,NaN,NaN,NaN,NaN,0,0,NaN,0
16,97,1,1,1,1,233,493,706,520,1226,0,-2,0.617332915,0
16,98,1,1,1,0,NaN,NaN,NaN,NaN,NaN,0,0,NaN,0
16,99,1,1,2,1,223,498,728,464,1192,0,0,0.863464653,0
16,100,1,1,2,1,191,450,642,336,978,0,1,0.852817309,0
16,101,1,1,1,1,191,366,550,328,878,0,2,0.696213832,0
16,102,1,1,1,1,187,413,548,328,876,0,3,0.643311533,0
16,103,1,1,1,0,NaN,NaN,NaN,NaN,NaN,0,0,NaN,0
16,104,1,1,2,1,160,420,620,368,988,0,0,0.825017933,0
16,105,1,1,2,1,180,418,570,344,914,0,1,0.793736478,0
16,106,1,1,1,0,NaN,NaN,NaN,NaN,NaN,0,0,NaN,0
16,107,1,1,2,1,217,452,652,368,1020,0,0,0.834730666,0
16,108,1,1,1,1,434,609,822,352,1174,0,1,0.727802455,0
16,109,1,1,1,0,NaN,NaN,NaN,NaN,NaN,0,0,NaN,0
16,110,1,1,2,1,208,453,642,360,1002,0,0,0.828906243,0
16,111,1,1,1,1,143,325,502,296,798,0,1,0.716746619,0
16,112,1,1,1,0,NaN,NaN,NaN,NaN,NaN,0,0,NaN,0
16,113,1,1,2,1,140,396,602,312,914,0,0,0.849263881,0
16,114,1,1,2,1,220,447,644,448,1092,0,1,0.859163986,0
16,115,1,1,2,1,180,426,598,352,950,0,2,0.786265811,0
16,116,1,1,2,1,220,462,666,384,1050,0,3,0.795645485,0
16,117,1,1,1,1,256,457,646,392,1038,0,4,0.679166472,0
16,118,1,1,1,1,211,415,599,337,936,0,5,0.584179477,0
16,119,1,1,1,1,196,387,575,303,878,0,6,0.604156858,0
16,120,1,1,2,1,190,471,650,344,994,0,7,0.834408988,0
16,121,1,2,2,0,NaN,NaN,NaN,NaN,NaN,0,0,NaN,0
16,122,1,2,1,1,547,740,936,312,1248,0,0,0.679591315,0
16,123,1,2,2,0,NaN,NaN,NaN,NaN,NaN,0,0,NaN,0
16,124,1,2,1,0,NaN,NaN,NaN,NaN,NaN,0,0,NaN,0
16,125,1,2,1,0,NaN,NaN,NaN,NaN,NaN,0,0,NaN,0
16,126,1,2,2,0,NaN,NaN,NaN,NaN,NaN,0,0,NaN,0
16,127,1,2,2,1,224,488,856,448,1304,0,-3,0.74873582,0
16,128,1,2,2,0,NaN,NaN,NaN,NaN,NaN,0,0,NaN,0
16,129,1,2,1,0,NaN,NaN,NaN,NaN,NaN,0,0,NaN,0
16,130,1,2,2,0,NaN,NaN,NaN,NaN,NaN,0,0,NaN,0
16,131,1,2,1,0,NaN,NaN,NaN,NaN,NaN,0,0,NaN,0
16,132,1,2,1,1,430,634,836,344,1180,0,-3,0.637158964,0
16,133,1,2,2,0,NaN,NaN,NaN,NaN,NaN,0,0,NaN,0
16,134,1,2,1,0,NaN,NaN,NaN,NaN,NaN,0,0,NaN,0
16,135,1,2,1,1,483,674,868,392,1260,0,-1,0.616604718,0
16,136,1,2,2,0,NaN,NaN,NaN,NaN,NaN,0,0,NaN,0
16,137,1,2,2,0,NaN,NaN,NaN,NaN,NaN,0,0,NaN,0
16,138,1,2,1,0,NaN,NaN,NaN,NaN,NaN,0,0,NaN,0
16,139,1,2,1,0,NaN,NaN,NaN,NaN,NaN,0,0,NaN,0
16,140,1,2,2,0,NaN,NaN,NaN,NaN,NaN,0,0,NaN,0
16,141,1,2,2,0,NaN,NaN,NaN,NaN,NaN,0,0,NaN,0
16,142,1,2,1,0,NaN,NaN,NaN,NaN,NaN,0,0,NaN,0
16,143,1,2,1,0,NaN,NaN,NaN,NaN,NaN,0,0,NaN,0
16,144,1,2,1,1,246,449,724,440,1164,0,-7,0.698422332,0
16,145,1,2,2,0,NaN,NaN,NaN,NaN,NaN,0,0,NaN,0
16,146,1,2,1,0,NaN,NaN,NaN,NaN,NaN,0,0,NaN,0
16,147,1,2,1,0,NaN,NaN,NaN,NaN,NaN,0,0,NaN,0
16,148,1,2,2,0,NaN,NaN,NaN,NaN,NaN,0,0,NaN,0
16,149,1,2,1,1,864,1054,1268,400,1668,0,-3,0.699452381,0
16,150,1,2,2,0,NaN,NaN,NaN,NaN,NaN,0,0,NaN,0
16,151,1,2,2,0,NaN,NaN,NaN,NaN,NaN,0,0,NaN,0
16,152,1,2,1,0,NaN,NaN,NaN,NaN,NaN,0,0,NaN,0
16,153,1,2,2,1,388,590,792,344,1136,0,-2,0.880178676,0
16,154,1,2,1,1,279,446,628,336,964,0,1,0.710615561,0
16,155,1,2,2,1,308,514,712,360,1072,0,2,0.831816978,0
16,156,1,2,2,0,NaN,NaN,NaN,NaN,NaN,0,0,NaN,0
16,157,1,2,1,0,NaN,NaN,NaN,NaN,NaN,0,0,NaN,0
16,158,1,2,2,0,NaN,NaN,NaN,NaN,NaN,0,0,NaN,0
16,159,1,2,1,0,NaN,NaN,NaN,NaN,NaN,0,0,NaN,0
16,160,1,2,2,0,NaN,NaN,NaN,NaN,NaN,0,0,NaN,0
16,161,1,2,2,0,NaN,NaN,NaN,NaN,NaN,0,0,NaN,0
16,162,1,2,1,0,NaN,NaN,NaN,NaN,NaN,0,0,NaN,0
16,163,1,2,1,0,NaN,NaN,NaN,NaN,NaN,0,0,NaN,0
16,164,1,2,1,1,442,593,784,360,1144,0,-7,0.802259007,0
16,165,1,2,2,0,NaN,NaN,NaN,NaN,NaN,0,0,NaN,0
16,166,1,2,2,1,335,586,772,376,1148,0,0,0.791531313,0
16,167,1,2,1,0,NaN,NaN,NaN,NaN,NaN,0,0,NaN,0
16,168,1,2,1,0,NaN,NaN,NaN,NaN,NaN,0,0,NaN,0
16,169,1,2,2,0,NaN,NaN,NaN,NaN,NaN,0,0,NaN,0
16,170,1,2,2,0,NaN,NaN,NaN,NaN,NaN,0,0,NaN,0
16,171,1,2,1,0,NaN,NaN,NaN,NaN,NaN,0,0,NaN,0
16,172,1,2,1,0,NaN,NaN,NaN,NaN,NaN,0,0,NaN,0
16,173,1,2,1,0,NaN,NaN,NaN,NaN,NaN,0,0,NaN,0
16,174,1,2,2,1,503,733,890,312,1202,0,-6,0.751641467,0
16,175,1,2,2,0,NaN,NaN,NaN,NaN,NaN,0,0,NaN,0
16,176,1,2,2,1,249,450,612,346,958,0,0,0.82568931,0
16,177,1,2,2,1,171,385,636,265,901,0,1,0.762360461,0
16,178,1,2,1,0,NaN,NaN,NaN,NaN,NaN,0,0,NaN,0
16,179,1,2,1,1,368,540,746,312,1058,0,0,0.72286152,0
16,180,1,2,2,0,NaN,NaN,NaN,NaN,NaN,0,0,NaN,0
16,181,1,2,2,0,NaN,NaN,NaN,NaN,NaN,0,0,NaN,0
16,182,1,2,2,0,NaN,NaN,NaN,NaN,NaN,0,0,NaN,0
16,183,1,2,2,0,NaN,NaN,NaN,NaN,NaN,0,0,NaN,0
16,184,1,2,1,0,NaN,NaN,NaN,NaN,NaN,0,0,NaN,0
16,185,1,2,1,0,NaN,NaN,NaN,NaN,NaN,0,0,NaN,0
16,186,1,2,2,1,392,588,842,456,1298,0,-5,0.834796129,0
16,187,1,2,1,0,NaN,NaN,NaN,NaN,NaN,0,0,NaN,0
16,188,1,2,1,0,NaN,NaN,NaN,NaN,NaN,0,0,NaN,0
16,189,1,2,1,1,605,784,1024,376,1400,0,-1,0.725558531,0
16,190,1,2,2,1,261,513,690,416,1106,0,1,0.749113468,0
16,191,1,2,2,0,NaN,NaN,NaN,NaN,NaN,0,0,NaN,0
16,192,1,2,2,0,NaN,NaN,NaN,NaN,NaN,0,0,NaN,0
16,193,1,2,2,1,295,487,660,312,972,0,-1,0.932149274,0
16,194,1,2,1,0,NaN,NaN,NaN,NaN,NaN,0,0,NaN,0
16,195,1,2,1,0,NaN,NaN,NaN,NaN,NaN,0,0,NaN,0
16,196,1,2,1,1,257,441,708,416,1124,0,-1,0.663991244,0
16,197,1,2,2,0,NaN,NaN,NaN,NaN,NaN,0,0,NaN,0
16,198,1,2,1,0,NaN,NaN,NaN,NaN,NaN,0,0,NaN,0
16,199,1,2,1,0,NaN,NaN,NaN,NaN,NaN,0,0,NaN,0
16,200,1,2,1,1,414,590,774,312,1086,0,-2,0.674634446,0
16,201,1,2,2,0,NaN,NaN,NaN,NaN,NaN,0,0,NaN,0
16,202,1,2,1,0,NaN,NaN,NaN,NaN,NaN,0,0,NaN,0
16,203,1,2,2,1,377,586,864,360,1224,0,-1,0.834707258,0
16,204,1,2,2,0,NaN,NaN,NaN,NaN,NaN,0,0,NaN,0
16,205,1,2,2,0,NaN,NaN,NaN,NaN,NaN,0,0,NaN,0
16,206,1,2,1,0,NaN,NaN,NaN,NaN,NaN,0,0,NaN,0
16,207,1,2,2,0,NaN,NaN,NaN,NaN,NaN,0,0,NaN,0
16,208,1,2,1,0,NaN,NaN,NaN,NaN,NaN,0,0,NaN,0
16,209,1,2,2,0,NaN,NaN,NaN,NaN,NaN,0,0,NaN,0
16,210,1,2,2,1,254,508,726,392,1118,0,-5,0.717699877,0
16,211,1,2,2,0,NaN,NaN,NaN,NaN,NaN,0,0,NaN,0
16,212,1,2,2,1,565,784,1002,352,1354,0,0,0.767261185,0
16,213,1,2,2,1,323,559,726,352,1078,0,1,0.804415834,0
16,214,1,2,1,1,272,454,628,368,996,0,2,0.72591389,0
16,215,1,2,1,0,NaN,NaN,NaN,NaN,NaN,0,0,NaN,0
16,216,1,2,1,0,NaN,NaN,NaN,NaN,NaN,0,0,NaN,0
16,217,1,2,1,0,NaN,NaN,NaN,NaN,NaN,0,0,NaN,0
16,218,1,2,1,0,NaN,NaN,NaN,NaN,NaN,0,0,NaN,0
16,219,1,2,2,0,NaN,NaN,NaN,NaN,NaN,0,0,NaN,0
16,220,1,2,1,0,NaN,NaN,NaN,NaN,NaN,0,0,NaN,0
16,221,1,2,1,1,290,506,710,336,1046,0,-5,0.747672072,0
16,222,1,2,2,0,NaN,NaN,NaN,NaN,NaN,0,0,NaN,0
16,223,1,2,2,0,NaN,NaN,NaN,NaN,NaN,0,0,NaN,0
16,224,1,2,1,1,314,512,736,336,1072,0,-1,0.633467263,0
16,225,1,2,2,0,NaN,NaN,NaN,NaN,NaN,0,0,NaN,0
16,226,1,2,2,0,NaN,NaN,NaN,NaN,NaN,0,0,NaN,0
16,227,1,2,2,0,NaN,NaN,NaN,NaN,NaN,0,0,NaN,0
16,228,1,2,2,0,NaN,NaN,NaN,NaN,NaN,0,0,NaN,0
16,229,1,2,1,1,500,685,910,398,1308,0,-3,0.731180429,0
16,230,1,2,2,0,NaN,NaN,NaN,NaN,NaN,0,0,NaN,0
16,231,1,2,1,1,323,515,698,328,1026,0,0,0.675885427,0
16,232,1,2,1,0,NaN,NaN,NaN,NaN,NaN,0,0,NaN,0
16,233,1,2,1,0,NaN,NaN,NaN,NaN,NaN,0,0,NaN,0
16,234,1,2,2,0,NaN,NaN,NaN,NaN,NaN,0,0,NaN,0
16,235,1,2,1,0,NaN,NaN,NaN,NaN,NaN,0,0,NaN,0
16,236,1,2,1,0,NaN,NaN,NaN,NaN,NaN,0,0,NaN,0
16,237,1,2,2,0,NaN,NaN,NaN,NaN,NaN,0,0,NaN,0
16,238,1,2,2,0,NaN,NaN,NaN,NaN,NaN,0,0,NaN,0
16,239,1,2,1,0,NaN,NaN,NaN,NaN,NaN,0,0,NaN,0
16,240,1,2,1,0,NaN,NaN,NaN,NaN,NaN,0,0,NaN,0
17,1,1,2,1,0,NaN,NaN,NaN,NaN,NaN,0,0,NaN,0
17,2,1,2,1,0,NaN,NaN,NaN,NaN,NaN,0,0,NaN,0
17,3,1,2,2,1,258,498,700,296,996,0,-1,0.687734301,0
17,4,1,2,1,1,178,371,534,248,782,0,1,0.723630291,0
17,5,1,2,2,1,198,411,600,216,816,0,2,0.779955243,0
17,6,1,2,1,0,NaN,NaN,NaN,NaN,NaN,0,0,NaN,0
17,7,1,2,2,0,NaN,NaN,NaN,NaN,NaN,0,0,NaN,0
17,8,1,2,2,0,NaN,NaN,NaN,NaN,NaN,0,0,NaN,0
17,9,1,2,1,0,NaN,NaN,NaN,NaN,NaN,0,0,NaN,0
17,10,1,2,1,1,220,438,624,224,848,0,-3,0.739836442,0
17,11,1,2,1,0,NaN,NaN,NaN,NaN,NaN,0,0,NaN,0
17,12,1,2,1,1,266,454,638,240,878,0,0,0.761263393,0
17,13,1,2,1,0,NaN,NaN,NaN,NaN,NaN,0,0,NaN,0
17,14,1,2,1,0,NaN,NaN,NaN,NaN,NaN,0,0,NaN,0
17,15,1,2,2,0,NaN,NaN,NaN,NaN,NaN,0,0,NaN,0
17,16,1,2,1,0,NaN,NaN,NaN,NaN,NaN,0,0,NaN,0
17,17,1,2,2,0,NaN,NaN,NaN,NaN,NaN,0,0,NaN,0
17,18,1,2,2,0,NaN,NaN,NaN,NaN,NaN,0,0,NaN,0
17,19,1,2,1,1,360,581,796,248,1044,0,-5,0.821621819,0
17,20,1,2,2,0,NaN,NaN,NaN,NaN,NaN,0,0,NaN,0
17,21,1,2,1,1,229,421,604,248,852,0,0,0.775565774,0
17,22,1,2,1,0,NaN,NaN,NaN,NaN,NaN,0,0,NaN,0
17,23,1,2,1,0,NaN,NaN,NaN,NaN,NaN,0,0,NaN,0
17,24,1,2,2,0,NaN,NaN,NaN,NaN,NaN,0,0,NaN,0
17,25,1,2,1,1,260,438,626,272,898,0,-2,0.772927158,0
17,26,1,2,2,1,252,507,680,280,960,0,1,0.705580643,0
17,27,1,2,1,0,NaN,NaN,NaN,NaN,NaN,0,0,NaN,0
17,28,1,2,2,0,NaN,NaN,NaN,NaN,NaN,0,0,NaN,0
17,29,1,2,2,0,NaN,NaN,NaN,NaN,NaN,0,0,NaN,0
17,30,1,2,2,0,NaN,NaN,NaN,NaN,NaN,0,0,NaN,0
17,31,1,2,2,0,NaN,NaN,NaN,NaN,NaN,0,0,NaN,0
17,32,1,2,2,0,NaN,NaN,NaN,NaN,NaN,0,0,NaN,0
17,33,1,2,2,1,361,612,770,280,1050,0,-5,0.724125153,0
17,34,1,2,2,0,NaN,NaN,NaN,NaN,NaN,0,0,NaN,0
17,35,1,2,2,0,NaN,NaN,NaN,NaN,NaN,0,0,NaN,0
17,36,1,2,1,0,NaN,NaN,NaN,NaN,NaN,0,0,NaN,0
17,37,1,2,2,0,NaN,NaN,NaN,NaN,NaN,0,0,NaN,0
17,38,1,2,1,0,NaN,NaN,NaN,NaN,NaN,0,0,NaN,0
17,39,1,2,2,0,NaN,NaN,NaN,NaN,NaN,0,0,NaN,0
17,40,1,2,2,1,276,530,708,264,972,0,-5,0.728022918,0
17,41,1,2,1,0,NaN,NaN,NaN,NaN,NaN,0,0,NaN,0
17,42,1,2,1,0,NaN,NaN,NaN,NaN,NaN,0,0,NaN,0
17,43,1,2,2,0,NaN,NaN,NaN,NaN,NaN,0,0,NaN,0
17,44,1,2,2,1,476,657,842,224,1066,0,-2,0.805220994,0
17,45,1,2,2,0,NaN,NaN,NaN,NaN,NaN,0,0,NaN,0
17,46,1,2,2,0,NaN,NaN,NaN,NaN,NaN,0,0,NaN,0
17,47,1,2,1,0,NaN,NaN,NaN,NaN,NaN,0,0,NaN,0
17,48,1,2,2,0,NaN,NaN,NaN,NaN,NaN,0,0,NaN,0
17,49,1,2,1,0,NaN,NaN,NaN,NaN,NaN,0,0,NaN,0
17,50,1,2,1,1,269,500,704,232,936,0,-4,0.818330189,0
17,51,1,2,1,0,NaN,NaN,NaN,NaN,NaN,0,0,NaN,0
17,52,1,2,2,0,NaN,NaN,NaN,NaN,NaN,0,0,NaN,0
17,53,1,2,2,0,NaN,NaN,NaN,NaN,NaN,0,0,NaN,0
17,54,1,2,1,0,NaN,NaN,NaN,NaN,NaN,0,0,NaN,0
17,55,1,2,2,0,NaN,NaN,NaN,NaN,NaN,0,0,NaN,0
17,56,1,2,1,0,NaN,NaN,NaN,NaN,NaN,0,0,NaN,0
17,57,1,2,1,0,NaN,NaN,NaN,NaN,NaN,0,0,NaN,0
17,58,1,2,1,1,585,788,1078,200,1278,0,-6,1,0
17,59,1,2,2,1,264,465,636,248,884,0,1,0.748003115,0
17,60,1,2,1,0,NaN,NaN,NaN,NaN,NaN,0,0,NaN,0
17,61,1,2,1,1,214,443,638,264,902,0,0,0.756985446,0
17,62,1,2,1,0,NaN,NaN,NaN,NaN,NaN,0,0,NaN,0
17,63,1,2,2,0,NaN,NaN,NaN,NaN,NaN,0,0,NaN,0
17,64,1,2,1,1,314,542,724,264,988,0,-1,0.798591352,0
17,65,1,2,1,0,NaN,NaN,NaN,NaN,NaN,0,0,NaN,0
17,66,1,2,1,0,NaN,NaN,NaN,NaN,NaN,0,0,NaN,0
17,67,1,2,1,0,NaN,NaN,NaN,NaN,NaN,0,0,NaN,0
17,68,1,2,2,1,226,449,656,240,896,0,-2,0.735435858,0
17,69,1,2,1,0,NaN,NaN,NaN,NaN,NaN,0,0,NaN,0
17,70,1,2,1,1,224,490,686,280,966,0,0,0.760681265,0
17,71,1,2,1,1,207,424,632,240,872,0,1,0.777594389,0
17,72,1,2,1,0,NaN,NaN,NaN,NaN,NaN,0,0,NaN,0
17,73,1,2,1,0,NaN,NaN,NaN,NaN,NaN,0,0,NaN,0
17,74,1,2,2,0,NaN,NaN,NaN,NaN,NaN,0,0,NaN,0
17,75,1,2,2,0,NaN,NaN,NaN,NaN,NaN,0,0,NaN,0
17,76,1,2,1,0,NaN,NaN,NaN,NaN,NaN,0,0,NaN,0
17,77,1,2,1,0,NaN,NaN,NaN,NaN,NaN,0,0,NaN,0
17,78,1,2,2,0,NaN,NaN,NaN,NaN,NaN,0,0,NaN,0
17,79,1,2,2,0,NaN,NaN,NaN,NaN,NaN,0,0,NaN,0
17,80,1,2,2,1,538,801,980,264,1244,0,-7,0.637284599,0
17,81,1,2,2,0,NaN,NaN,NaN,NaN,NaN,0,0,NaN,0
17,82,1,2,2,0,NaN,NaN,NaN,NaN,NaN,0,0,NaN,0
17,83,1,2,1,1,244,447,646,280,926,0,-1,0.811628366,0
17,84,1,2,1,1,323,529,738,248,986,0,1,0.761250256,0
17,85,1,2,2,0,NaN,NaN,NaN,NaN,NaN,0,0,NaN,0
17,86,1,2,1,0,NaN,NaN,NaN,NaN,NaN,0,0,NaN,0
17,87,1,2,1,0,NaN,NaN,NaN,NaN,NaN,0,0,NaN,0
17,88,1,2,2,0,NaN,NaN,NaN,NaN,NaN,0,0,NaN,0
17,89,1,2,2,0,NaN,NaN,NaN,NaN,NaN,0,0,NaN,0
17,90,1,2,1,0,NaN,NaN,NaN,NaN,NaN,0,0,NaN,0
17,91,1,2,1,0,NaN,NaN,NaN,NaN,NaN,0,0,NaN,0
17,92,1,2,2,1,152,376,572,208,780,0,-6,0.662493463,0
17,93,1,2,2,1,258,488,644,248,892,0,1,0.736100324,0
17,94,1,2,2,0,NaN,NaN,NaN,NaN,NaN,0,0,NaN,0
17,95,1,2,1,0,NaN,NaN,NaN,NaN,NaN,0,0,NaN,0
17,96,1,2,2,0,NaN,NaN,NaN,NaN,NaN,0,0,NaN,0
17,97,1,2,2,1,273,508,696,248,944,0,-2,0.759437037,0
17,98,1,2,2,0,NaN,NaN,NaN,NaN,NaN,0,0,NaN,0
17,99,1,2,1,0,NaN,NaN,NaN,NaN,NaN,0,0,NaN,0
17,100,1,2,2,0,NaN,NaN,NaN,NaN,NaN,0,0,NaN,0
17,101,1,2,1,0,NaN,NaN,NaN,NaN,NaN,0,0,NaN,0
17,102,1,2,1,1,265,529,750,232,982,0,-3,0.812282022,0
17,103,1,2,2,0,NaN,NaN,NaN,NaN,NaN,0,0,NaN,0
17,104,1,2,2,0,NaN,NaN,NaN,NaN,NaN,0,0,NaN,0
17,105,1,2,2,0,NaN,NaN,NaN,NaN,NaN,0,0,NaN,0
17,106,1,2,1,0,NaN,NaN,NaN,NaN,NaN,0,0,NaN,0
17,107,1,2,2,1,521,712,876,280,1156,0,-3,0.766027585,0
17,108,1,2,2,0,NaN,NaN,NaN,NaN,NaN,0,0,NaN,0
17,109,1,2,2,1,333,522,686,232,918,0,0,0.670236094,0
17,110,1,2,2,0,NaN,NaN,NaN,NaN,NaN,0,0,NaN,0
17,111,1,2,1,0,NaN,NaN,NaN,NaN,NaN,0,0,NaN,0
17,112,1,2,1,0,NaN,NaN,NaN,NaN,NaN,0,0,NaN,0
17,113,1,2,2,0,NaN,NaN,NaN,NaN,NaN,0,0,NaN,0
17,114,1,2,2,0,NaN,NaN,NaN,NaN,NaN,0,0,NaN,0
17,115,1,2,1,0,NaN,NaN,NaN,NaN,NaN,0,0,NaN,0
17,116,1,2,2,0,NaN,NaN,NaN,NaN,NaN,0,0,NaN,0
17,117,1,2,1,0,NaN,NaN,NaN,NaN,NaN,0,0,NaN,0
17,118,1,2,1,1,262,455,650,232,882,0,-7,0.834629429,0
17,119,1,2,1,0,NaN,NaN,NaN,NaN,NaN,0,0,NaN,0
17,120,1,2,2,0,NaN,NaN,NaN,NaN,NaN,0,0,NaN,0
17,121,1,1,1,0,NaN,NaN,NaN,NaN,NaN,0,0,NaN,0
17,122,1,1,1,0,NaN,NaN,NaN,NaN,NaN,0,0,NaN,0
17,123,1,1,2,1,279,493,652,264,916,0,-3,0.696170663,0
17,124,1,1,2,1,223,381,526,264,790,0,1,0.705519489,0
17,125,1,1,2,1,100,232,360,224,584,0,2,0.413918846,0
17,126,1,1,1,1,161,304,454,168,622,0,3,0.632561827,0
17,127,1,1,2,1,177,339,452,248,700,0,4,0.753784914,0
17,128,1,1,1,0,NaN,NaN,NaN,NaN,NaN,0,0,NaN,0
17,129,1,1,1,1,210,441,580,288,868,0,0,0.877132548,0
17,130,1,1,1,1,207,403,548,264,812,0,1,0.782056969,0
17,131,1,1,2,1,172,388,548,248,796,0,2,0.790148087,0
17,132,1,1,1,0,NaN,NaN,NaN,NaN,NaN,0,0,NaN,0
17,133,1,1,1,1,215,453,624,264,888,0,0,0.790638136,0
17,134,1,1,2,1,209,428,576,288,864,0,1,0.717707072,0
17,135,1,1,2,0,NaN,NaN,NaN,NaN,NaN,0,0,NaN,0
17,136,1,1,2,0,NaN,NaN,NaN,NaN,NaN,0,0,NaN,0
17,137,1,1,2,1,234,443,614,232,846,0,-1,0.733396687,0
17,138,1,1,2,1,200,433,590,256,846,0,1,0.713207286,0
17,139,1,1,2,1,263,454,574,248,822,0,2,0.750073278,0
17,140,1,1,2,1,246,401,562,232,794,0,3,0.674794005,0
17,141,1,1,1,1,182,410,610,272,882,0,4,0.829818264,0
17,142,1,1,1,1,151,333,532,216,748,0,5,0.780182495,0
17,143,1,1,2,1,173,391,612,216,828,0,6,0.712105787,0
17,144,1,1,1,1,202,371,540,208,748,0,7,0.755787639,0
17,145,1,1,1,1,154,308,458,264,722,0,8,0.696407186,0
17,146,1,1,1,1,139,365,510,264,774,0,9,0.700742939,0
17,147,1,1,1,0,NaN,NaN,NaN,NaN,NaN,0,0,NaN,0
17,148,1,1,2,0,NaN,NaN,NaN,NaN,NaN,0,0,NaN,0
17,149,1,1,1,1,259,451,608,256,864,0,-1,0.834970406,0
17,150,1,1,2,1,225,486,638,256,894,0,1,0.80978155,0
17,151,1,1,1,1,188,399,590,248,838,0,2,0.822326539,0
17,152,1,1,2,1,189,399,600,248,848,0,3,0.831018264,0
17,153,1,1,2,1,211,424,582,280,862,0,4,0.771983268,0
17,154,1,1,1,1,190,372,554,248,802,0,5,0.784564891,0
17,155,1,1,1,1,217,410,590,280,870,0,6,0.766083884,0
17,156,1,1,2,1,188,408,556,272,828,0,7,0.825283787,0
17,157,1,1,1,1,168,339,506,288,794,0,8,0.702654489,0
17,158,1,1,1,0,NaN,NaN,NaN,NaN,NaN,0,0,NaN,0
17,159,1,1,1,1,167,286,428,248,676,0,0,0.572284851,0
17,160,1,1,1,1,209,357,492,312,804,0,1,0.691713803,0
17,161,1,1,2,1,187,400,584,248,832,0,2,0.7989066,0
17,162,1,1,2,0,NaN,NaN,NaN,NaN,NaN,0,0,NaN,0
17,163,1,1,1,1,229,441,636,296,932,0,0,0.844585123,0
17,164,1,1,1,1,200,408,586,312,898,0,1,0.818364498,0
17,165,1,1,1,0,NaN,NaN,NaN,NaN,NaN,0,0,NaN,0
17,166,1,1,2,1,208,448,628,256,884,0,0,0.75727495,0
17,167,1,1,1,1,280,481,642,280,922,0,1,0.795693812,0
17,168,1,1,2,1,149,429,592,320,912,0,2,0.752797399,0
17,169,1,1,2,1,177,423,558,328,886,0,3,0.696254125,0
17,170,1,1,1,1,181,376,534,296,830,0,4,0.724303737,0
17,171,1,1,2,0,NaN,NaN,NaN,NaN,NaN,0,0,NaN,0
17,172,1,1,2,0,NaN,NaN,NaN,NaN,NaN,0,0,NaN,0
17,173,1,1,2,0,NaN,NaN,NaN,NaN,NaN,0,0,NaN,0
17,174,1,1,1,0,NaN,NaN,NaN,NaN,NaN,0,0,NaN,0
17,175,1,1,2,1,221,455,670,184,854,0,-3,0.730845926,0
17,176,1,1,2,1,223,435,600,232,832,0,1,0.783012544,0
17,177,1,1,2,1,243,451,590,264,854,0,2,0.772671305,0
17,178,1,1,1,1,185,393,574,232,806,0,3,0.815155258,0
17,179,1,1,2,1,NaN,NaN,338,312,650,0,4,NaN,1
17,180,1,1,1,1,204,385,546,264,810,0,5,0.793679365,0
17,181,1,1,2,1,268,493,650,256,906,0,6,0.761692833,0
17,182,1,1,1,1,190,320,482,256,738,0,7,0.649671393,0
17,183,1,1,2,1,240,482,640,264,904,0,8,0.777996301,0
17,184,1,1,2,1,117,288,436,272,708,0,9,0.772029427,0
17,185,1,1,2,0,NaN,NaN,NaN,NaN,NaN,0,0,NaN,0
17,186,1,1,2,1,77,243,380,296,676,0,0,0.562544941,0
17,187,1,1,1,1,170,369,548,320,868,0,1,0.800112184,0
17,188,1,1,1,0,NaN,NaN,NaN,NaN,NaN,0,0,NaN,0
17,189,1,1,1,0,NaN,NaN,NaN,NaN,NaN,0,0,NaN,0
17,190,1,1,2,1,224,455,614,264,878,0,-1,0.764216221,0
17,191,1,1,2,0,NaN,NaN,NaN,NaN,NaN,0,0,NaN,0
17,192,1,1,1,1,149,358,530,272,802,0,0,0.73531405,0
17,193,1,1,1,1,186,342,496,232,728,0,1,0.665069481,0
17,194,1,1,2,1,142,384,554,232,786,0,2,0.843277438,0
17,195,1,1,1,1,211,354,538,232,770,0,3,0.641426502,0
17,196,1,1,1,1,187,359,522,272,794,0,4,0.718213614,0
17,197,1,1,1,0,NaN,NaN,NaN,NaN,NaN,0,0,NaN,0
17,198,1,1,2,1,209,384,578,264,842,0,0,0.718986919,0
17,199,1,1,2,1,178,365,526,264,790,0,1,0.728375017,0
17,200,1,1,1,1,193,367,536,280,816,0,2,0.665459713,0
17,201,1,1,2,1,151,344,546,264,810,0,3,0.663668878,0
17,202,1,1,1,1,157,332,522,264,786,0,4,0.70980317,0
17,203,1,1,2,1,117,229,368,328,696,0,5,0.564919573,0
17,204,1,1,2,1,204,409,578,264,842,0,6,0.758116149,0
17,205,1,1,1,1,211,418,602,280,882,0,7,0.769462783,0
17,206,1,1,2,0,NaN,NaN,NaN,NaN,NaN,0,0,NaN,0
17,207,1,1,2,1,284,480,682,232,914,0,0,0.789655586,0
17,208,1,1,1,0,NaN,NaN,NaN,NaN,NaN,0,0,NaN,0
17,209,1,1,1,0,NaN,NaN,NaN,NaN,NaN,0,0,NaN,0
17,210,1,1,2,1,194,370,550,264,814,0,-1,0.728687681,0
17,211,1,1,2,0,NaN,NaN,NaN,NaN,NaN,0,0,NaN,0
17,212,1,1,1,1,125,253,372,262,634,0,0,0.316791147,0
17,213,1,1,1,1,130,349,532,216,748,0,1,0.622681563,0
17,214,1,1,2,0,NaN,NaN,NaN,NaN,NaN,0,0,NaN,0
17,215,1,1,2,0,NaN,NaN,NaN,NaN,NaN,0,0,NaN,0
17,216,1,1,1,1,183,387,546,248,794,0,-1,0.743660076,0
17,217,1,1,2,1,188,414,594,240,834,0,1,0.771185447,0
17,218,1,1,1,0,NaN,NaN,NaN,NaN,NaN,0,0,NaN,0
17,219,1,1,1,1,168,382,558,280,838,0,0,0.767533843,0
17,220,1,1,1,1,110,218,488,248,736,0,1,0.458838668,0
17,221,1,1,1,1,186,403,598,248,846,0,2,0.745307158,0
17,222,1,1,2,1,189,404,592,224,816,0,3,0.747276381,0
17,223,1,1,1,1,170,310,496,200,696,0,4,0.62391995,0
17,224,1,1,1,1,174,380,582,240,822,0,5,0.656172363,0
17,225,1,1,2,1,186,363,558,216,774,0,6,0.650939205,0
17,226,1,1,2,1,143,337,520,280,800,0,7,0.665414825,0
17,227,1,1,1,1,186,338,548,232,780,0,8,0.635960954,0
17,228,1,1,2,1,NaN,NaN,404,312,716,0,9,NaN,1
17,229,1,1,1,0,NaN,NaN,NaN,NaN,NaN,0,0,NaN,0
17,230,1,1,1,1,183,395,584,288,872,0,0,0.769986118,0
17,231,1,1,2,0,NaN,NaN,NaN,NaN,NaN,0,0,NaN,0
17,232,1,1,1,1,177,379,564,208,772,0,0,0.696042101,0
17,233,1,1,1,1,207,405,618,230,848,0,1,0.683800717,0
17,234,1,1,2,1,240,453,624,248,872,0,2,0.820677721,0
17,235,1,1,2,1,177,392,602,248,850,0,3,0.758380718,0
17,236,1,1,2,1,205,350,496,312,808,0,4,0.646532164,0
17,237,1,1,2,1,135,251,418,284,702,0,5,0.429637099,0
17,238,1,1,1,0,NaN,NaN,NaN,NaN,NaN,0,0,NaN,0
17,239,1,1,2,1,208,374,556,304,860,0,0,0.735692264,0
17,240,1,1,1,1,197,422,622,216,838,0,1,0.843634796,0
18,1,1,1,2,0,NaN,NaN,NaN,NaN,NaN,0,0,NaN,0
18,2,1,1,2,1,236,475,772,480,1252,0,0,0.687017553,0
18,3,1,1,2,1,285,523,764,480,1244,0,1,0.728849985,0
18,4,1,1,1,0,NaN,NaN,NaN,NaN,NaN,0,0,NaN,0
18,5,1,1,2,1,198,444,710,448,1158,0,0,0.677911175,0
18,6,1,1,1,1,192,451,792,448,1240,0,1,0.850191289,0
18,7,1,1,1,1,169,433,682,488,1170,0,2,0.771657168,0
18,8,1,1,2,1,166,432,690,405,1095,0,3,0.67742942,0
18,9,1,1,1,1,202,496,740,528,1268,0,4,0.821172106,0
18,10,1,1,1,1,172,486,664,536,1200,0,5,0.785830492,0
18,11,1,1,1,0,NaN,NaN,NaN,NaN,NaN,0,0,NaN,0
18,12,1,1,2,0,NaN,NaN,NaN,NaN,NaN,0,0,NaN,0
18,13,1,1,2,1,312,591,896,632,1528,0,-1,0.675362044,0
18,14,1,1,1,0,NaN,NaN,NaN,NaN,NaN,0,0,NaN,0
18,15,1,1,2,1,226,523,760,592,1352,0,0,0.649193181,0
18,16,1,1,2,1,214,484,720,552,1272,0,1,0.658912261,0
18,17,1,1,2,1,360,621,864,632,1496,0,2,0.661297211,0
18,18,1,1,2,0,NaN,NaN,NaN,NaN,NaN,0,0,NaN,0
18,19,1,1,1,1,219,478,780,592,1372,0,0,0.796687884,0
18,20,1,1,1,0,NaN,NaN,NaN,NaN,NaN,0,0,NaN,0
18,21,1,1,1,1,186,456,752,416,1168,0,0,0.821511014,0
18,22,1,1,2,1,266,538,794,472,1266,0,1,0.737103622,0
18,23,1,1,2,1,277,549,768,536,1304,0,2,0.724679879,0
18,24,1,1,1,1,178,451,716,480,1196,0,3,0.826670579,0
18,25,1,1,2,0,NaN,NaN,NaN,NaN,NaN,0,0,NaN,0
18,26,1,1,2,1,216,494,760,640,1400,0,0,0.669713018,0
18,27,1,1,2,0,NaN,NaN,NaN,NaN,NaN,0,0,NaN,0
18,28,1,1,1,1,249,492,798,632,1430,0,0,0.815786939,0
18,29,1,1,2,1,223,523,694,584,1278,0,1,0.727834988,0
18,30,1,1,2,1,258,506,668,656,1324,0,2,0.686638136,0
18,31,1,1,2,1,206,489,708,488,1196,0,3,0.716846314,0
18,32,1,1,1,1,147,422,696,464,1160,0,4,0.841685341,0
18,33,1,1,2,1,206,457,686,472,1158,0,5,0.791092447,0
18,34,1,1,2,1,181,439,696,472,1168,0,6,0.654052002,0
18,35,1,1,2,0,NaN,NaN,NaN,NaN,NaN,0,0,NaN,0
18,36,1,1,1,1,212,470,839,288,1127,0,0,0.852583623,0
18,37,1,1,2,1,210,518,654,504,1158,0,1,0.733237583,0
18,38,1,1,1,1,185,445,624,496,1120,0,2,0.822556504,0
18,39,1,1,1,1,213,492,688,576,1264,0,3,0.771821448,0
18,40,1,1,1,1,329,575,704,488,1192,0,4,0.784575853,0
18,41,1,1,1,1,213,455,738,416,1154,0,5,0.768302858,0
18,42,1,1,1,1,218,471,722,480,1202,0,6,0.728114333,0
18,43,1,1,1,0,NaN,NaN,NaN,NaN,NaN,0,0,NaN,0
18,44,1,1,1,1,271,519,880,592,1472,0,0,0.707475477,0
18,45,1,1,1,1,244,493,798,584,1382,0,1,0.714760341,0
18,46,1,1,2,1,189,479,784,560,1344,0,2,0.770942394,0
18,47,1,1,2,1,233,491,774,448,1222,0,3,0.767231484,0
18,48,1,1,1,0,NaN,NaN,NaN,NaN,NaN,0,0,NaN,0
18,49,1,1,1,1,238,485,764,632,1396,0,0,0.826192958,0
18,50,1,1,2,1,263,542,800,568,1368,0,1,0.748758413,0
18,51,1,1,1,0,NaN,NaN,NaN,NaN,NaN,0,0,NaN,0
18,52,1,1,2,0,NaN,NaN,NaN,NaN,NaN,0,0,NaN,0
18,53,1,1,1,1,240,557,874,584,1458,0,-1,0.727347496,0
18,54,1,1,2,1,186,431,774,728,1502,0,1,0.685301914,0
18,55,1,1,1,1,241,526,826,464,1290,0,2,0.774617007,0
18,56,1,1,1,1,219,455,702,504,1206,0,3,0.724043206,0
18,57,1,1,1,0,NaN,NaN,NaN,NaN,NaN,0,0,NaN,0
18,58,1,1,2,1,253,585,836,440,1276,0,0,0.717972203,0
18,59,1,1,2,1,190,442,746,480,1226,0,1,0.763811405,0
18,60,1,1,1,1,184,433,684,432,1116,0,2,0.78767065,0
18,61,1,1,1,0,NaN,NaN,NaN,NaN,NaN,0,0,NaN,0
18,62,1,1,1,1,232,479,792,416,1208,0,0,0.782456068,0
18,63,1,1,1,1,204,501,786,408,1194,0,1,0.679546948,0
18,64,1,1,2,1,341,586,846,464,1310,0,2,0.688563171,0
18,65,1,1,1,1,189,403,730,400,1130,0,3,0.786288738,0
18,66,1,1,1,1,179,395,744,536,1280,0,4,0.719723701,0
18,67,1,1,2,1,156,408,712,560,1272,0,5,0.705166487,0
18,68,1,1,2,1,195,407,606,512,1118,0,6,0.686496244,0
18,69,1,1,1,1,216,444,656,440,1096,0,7,0.735015717,0
18,70,1,1,1,1,251,486,714,496,1210,0,8,0.778409547,0
18,71,1,1,1,1,158,375,648,432,1080,0,9,0.711379268,0
18,72,1,1,1,1,196,404,756,528,1284,0,10,0.677967349,0
18,73,1,1,1,1,190,446,738,592,1330,0,11,0.628691903,0
18,74,1,1,2,1,190,459,770,528,1298,0,12,0.678659226,0
18,75,1,1,1,1,198,448,786,584,1370,0,13,0.688227942,0
18,76,1,1,2,1,206,427,874,568,1442,0,14,0.614066797,0
18,77,1,1,2,1,167,379,738,560,1298,0,15,0.63701437,0
18,78,1,1,2,0,NaN,NaN,NaN,NaN,NaN,0,0,NaN,0
18,79,1,1,2,1,155,435,770,616,1386,0,0,0.683686234,0
18,80,1,1,2,0,NaN,NaN,NaN,NaN,NaN,0,0,NaN,0
18,81,1,1,2,0,NaN,NaN,NaN,NaN,NaN,0,0,NaN,0
18,82,1,1,1,1,182,445,758,504,1262,0,-1,0.732561511,0
18,83,1,1,1,1,262,506,780,416,1196,0,1,0.64750913,0
18,84,1,1,2,1,199,473,818,568,1386,0,2,0.630189411,0
18,85,1,1,2,0,NaN,NaN,NaN,NaN,NaN,0,0,NaN,0
18,86,1,1,1,0,NaN,NaN,NaN,NaN,NaN,0,0,NaN,0
18,87,1,1,1,0,NaN,NaN,NaN,NaN,NaN,0,0,NaN,0
18,88,1,1,2,1,191,443,820,680,1500,0,-2,0.647163657,0
18,89,1,1,1,1,192,437,800,504,1304,0,1,0.742646907,0
18,90,1,1,1,1,174,416,764,536,1300,0,2,0.677140812,0
18,91,1,1,2,1,182,447,774,640,1414,0,3,0.665440789,0
18,92,1,1,2,1,199,503,860,712,1572,0,4,0.68060417,0
18,93,1,1,1,1,262,494,948,528,1476,0,5,0.717482941,0
18,94,1,1,2,0,NaN,NaN,NaN,NaN,NaN,0,0,NaN,0
18,95,1,1,1,1,341,580,954,568,1522,0,0,0.712240398,0
18,96,1,1,1,0,NaN,NaN,NaN,NaN,NaN,0,0,NaN,0
18,97,1,1,2,1,232,504,848,672,1520,0,0,0.643060856,0
18,98,1,1,2,1,213,474,780,584,1364,0,1,0.619714452,0
18,99,1,1,2,1,199,478,806,616,1422,0,2,0.66712768,0
18,100,1,1,2,1,191,429,724,680,1404,0,3,0.701370291,0
18,101,1,1,2,0,NaN,NaN,NaN,NaN,NaN,0,0,NaN,0
18,102,1,1,2,1,419,664,1044,383,1427,0,0,0.692546302,0
18,103,1,1,2,1,208,495,898,792,1690,0,1,0.736645223,0
18,104,1,1,1,0,NaN,NaN,NaN,NaN,NaN,0,0,NaN,0
18,105,1,1,2,1,200,470,788,576,1364,0,0,0.582166753,0
18,106,1,1,1,1,178,403,746,496,1242,0,1,0.74362746,0
18,107,1,1,1,0,NaN,NaN,NaN,NaN,NaN,0,0,NaN,0
18,108,1,1,2,1,177,471,834,632,1466,0,0,0.731259082,0
18,109,1,1,2,1,216,470,784,632,1416,0,1,0.671078103,0
18,110,1,1,1,1,225,469,906,464,1370,0,2,0.693702666,0
18,111,1,1,1,1,182,400,848,528,1376,0,3,0.708754375,0
18,112,1,1,1,0,NaN,NaN,NaN,NaN,NaN,0,0,NaN,0
18,113,1,1,1,1,239,503,808,424,1232,0,0,0.71322781,0
18,114,1,1,1,1,178,476,936,496,1432,0,1,0.744448594,0
18,115,1,1,1,0,NaN,NaN,NaN,NaN,NaN,0,0,NaN,0
18,116,1,1,2,0,NaN,NaN,NaN,NaN,NaN,0,0,NaN,0
18,117,1,1,2,1,249,516,852,427,1279,0,-1,0.70415387,0
18,118,1,1,1,1,234,535,962,464,1426,0,1,0.677282998,0
18,119,1,1,2,1,208,434,786,624,1410,0,2,0.567814994,0
18,120,1,1,2,1,206,484,764,736,1500,0,3,0.727025769,0
18,121,1,2,1,0,NaN,NaN,NaN,NaN,NaN,0,0,NaN,0
18,122,1,2,2,0,NaN,NaN,NaN,NaN,NaN,0,0,NaN,0
18,123,1,2,1,1,219,471,780,416,1196,0,-1,0.771124089,0
18,124,1,2,2,0,NaN,NaN,NaN,NaN,NaN,0,0,NaN,0
18,125,1,2,2,1,204,451,782,624,1406,0,0,0.693855585,0
18,126,1,2,1,0,NaN,NaN,NaN,NaN,NaN,0,0,NaN,0
18,127,1,2,1,0,NaN,NaN,NaN,NaN,NaN,0,0,NaN,0
18,128,1,2,1,0,NaN,NaN,NaN,NaN,NaN,0,0,NaN,0
18,129,1,2,2,0,NaN,NaN,NaN,NaN,NaN,0,0,NaN,0
18,130,1,2,2,1,161,452,852,760,1612,0,-3,0.665575835,0
18,131,1,2,1,0,NaN,NaN,NaN,NaN,NaN,0,0,NaN,0
18,132,1,2,2,1,249,518,860,496,1356,0,0,0.674584163,0
18,133,1,2,2,0,NaN,NaN,NaN,NaN,NaN,0,0,NaN,0
18,134,1,2,2,0,NaN,NaN,NaN,NaN,NaN,0,0,NaN,0
18,135,1,2,1,0,NaN,NaN,NaN,NaN,NaN,0,0,NaN,0
18,136,1,2,2,0,NaN,NaN,NaN,NaN,NaN,0,0,NaN,0
18,137,1,2,1,0,NaN,NaN,NaN,NaN,NaN,0,0,NaN,0
18,138,1,2,1,0,NaN,NaN,NaN,NaN,NaN,0,0,NaN,0
18,139,1,2,1,0,NaN,NaN,NaN,NaN,NaN,0,0,NaN,0
18,140,1,2,2,1,288,551,916,816,1732,0,-6,0.643610212,0
18,141,1,2,1,0,NaN,NaN,NaN,NaN,NaN,0,0,NaN,0
18,142,1,2,1,0,NaN,NaN,NaN,NaN,NaN,0,0,NaN,0
18,143,1,2,2,0,NaN,NaN,NaN,NaN,NaN,0,0,NaN,0
18,144,1,2,1,1,219,477,834,672,1506,0,-2,0.679104553,0
18,145,1,2,1,0,NaN,NaN,NaN,NaN,NaN,0,0,NaN,0
18,146,1,2,2,0,NaN,NaN,NaN,NaN,NaN,0,0,NaN,0
18,147,1,2,2,1,276,541,922,496,1418,0,-1,0.679720988,0
18,148,1,2,2,0,NaN,NaN,NaN,NaN,NaN,0,0,NaN,0
18,149,1,2,1,0,NaN,NaN,NaN,NaN,NaN,0,0,NaN,0
18,150,1,2,1,0,NaN,NaN,NaN,NaN,NaN,0,0,NaN,0
18,151,1,2,2,0,NaN,NaN,NaN,NaN,NaN,0,0,NaN,0
18,152,1,2,1,0,NaN,NaN,NaN,NaN,NaN,0,0,NaN,0
18,153,1,2,2,0,NaN,NaN,NaN,NaN,NaN,0,0,NaN,0
18,154,1,2,1,1,303,550,968,464,1432,0,-5,0.724280668,0
18,155,1,2,1,0,NaN,NaN,NaN,NaN,NaN,0,0,NaN,0
18,156,1,2,1,0,NaN,NaN,NaN,NaN,NaN,0,0,NaN,0
18,157,1,2,1,0,NaN,NaN,NaN,NaN,NaN,0,0,NaN,0
18,158,1,2,2,0,NaN,NaN,NaN,NaN,NaN,0,0,NaN,0
18,159,1,2,1,1,230,522,936,464,1400,0,-3,0.664737959,0
18,160,1,2,1,1,256,480,866,464,1330,0,1,0.568078629,0
18,161,1,2,2,0,NaN,NaN,NaN,NaN,NaN,0,0,NaN,0
18,162,1,2,2,1,254,476,886,568,1454,0,0,0.643299598,0
18,163,1,2,2,0,NaN,NaN,NaN,NaN,NaN,0,0,NaN,0
18,164,1,2,2,0,NaN,NaN,NaN,NaN,NaN,0,0,NaN,0
18,165,1,2,2,0,NaN,NaN,NaN,NaN,NaN,0,0,NaN,0
18,166,1,2,2,0,NaN,NaN,NaN,NaN,NaN,0,0,NaN,0
18,167,1,2,2,0,NaN,NaN,NaN,NaN,NaN,0,0,NaN,0
18,168,1,2,1,0,NaN,NaN,NaN,NaN,NaN,0,0,NaN,0
18,169,1,2,2,1,224,497,958,648,1606,0,-5,0.659082828,0
18,170,1,2,2,0,NaN,NaN,NaN,NaN,NaN,0,0,NaN,0
18,171,1,2,1,1,193,475,828,480,1308,0,0,0.669342997,0
18,172,1,2,2,0,NaN,NaN,NaN,NaN,NaN,0,0,NaN,0
18,173,1,2,2,0,NaN,NaN,NaN,NaN,NaN,0,0,NaN,0
18,174,1,2,2,0,NaN,NaN,NaN,NaN,NaN,0,0,NaN,0
18,175,1,2,1,0,NaN,NaN,NaN,NaN,NaN,0,0,NaN,0
18,176,1,2,2,0,NaN,NaN,NaN,NaN,NaN,0,0,NaN,0
18,177,1,2,1,0,NaN,NaN,NaN,NaN,NaN,0,0,NaN,0
18,178,1,2,1,1,264,540,920,544,1464,0,-5,0.721048736,0
18,179,1,2,1,1,276,538,956,408,1364,0,1,0.683659913,0
18,180,1,2,1,0,NaN,NaN,NaN,NaN,NaN,0,0,NaN,0
18,181,1,2,1,0,NaN,NaN,NaN,NaN,NaN,0,0,NaN,0
18,182,1,2,2,0,NaN,NaN,NaN,NaN,NaN,0,0,NaN,0
18,183,1,2,2,0,NaN,NaN,NaN,NaN,NaN,0,0,NaN,0
18,184,1,2,2,0,NaN,NaN,NaN,NaN,NaN,0,0,NaN,0
18,185,1,2,2,0,NaN,NaN,NaN,NaN,NaN,0,0,NaN,0
18,186,1,2,1,0,NaN,NaN,NaN,NaN,NaN,0,0,NaN,0
18,187,1,2,1,0,NaN,NaN,NaN,NaN,NaN,0,0,NaN,0
18,188,1,2,1,0,NaN,NaN,NaN,NaN,NaN,0,0,NaN,0
18,189,1,2,2,0,NaN,NaN,NaN,NaN,NaN,0,0,NaN,0
18,190,1,2,1,1,205,438,850,632,1482,0,-9,0.768002431,0
18,191,1,2,2,0,NaN,NaN,NaN,NaN,NaN,0,0,NaN,0
18,192,1,2,2,0,NaN,NaN,NaN,NaN,NaN,0,0,NaN,0
18,193,1,2,2,0,NaN,NaN,NaN,NaN,NaN,0,0,NaN,0
18,194,1,2,1,0,NaN,NaN,NaN,NaN,NaN,0,0,NaN,0
18,195,1,2,1,0,NaN,NaN,NaN,NaN,NaN,0,0,NaN,0
18,196,1,2,2,1,409,663,1004,760,1764,0,-4,0.633843627,0
18,197,1,2,2,1,292,558,824,465,1289,0,1,0.751355179,0
18,198,1,2,1,0,NaN,NaN,NaN,NaN,NaN,0,0,NaN,0
18,199,1,2,2,1,225,470,824,680,1504,0,0,0.668732131,0
18,200,1,2,2,1,191,450,816,592,1408,0,1,0.7079799,0
18,201,1,2,1,0,NaN,NaN,NaN,NaN,NaN,0,0,NaN,0
18,202,1,2,1,0,NaN,NaN,NaN,NaN,NaN,0,0,NaN,0
18,203,1,2,2,0,NaN,NaN,NaN,NaN,NaN,0,0,NaN,0
18,204,1,2,1,0,NaN,NaN,NaN,NaN,NaN,0,0,NaN,0
18,205,1,2,1,0,NaN,NaN,NaN,NaN,NaN,0,0,NaN,0
18,206,1,2,1,1,230,494,914,432,1346,0,-4,0.705585104,0
18,207,1,2,1,0,NaN,NaN,NaN,NaN,NaN,0,0,NaN,0
18,208,1,2,1,0,NaN,NaN,NaN,NaN,NaN,0,0,NaN,0
18,209,1,2,2,0,NaN,NaN,NaN,NaN,NaN,0,0,NaN,0
18,210,1,2,1,0,NaN,NaN,NaN,NaN,NaN,0,0,NaN,0
18,211,1,2,2,0,NaN,NaN,NaN,NaN,NaN,0,0,NaN,0
18,212,1,2,1,1,242,465,870,496,1366,0,-4,0.690567429,0
18,213,1,2,1,1,241,508,868,512,1380,0,1,0.736766024,0
18,214,1,2,2,0,NaN,NaN,NaN,NaN,NaN,0,0,NaN,0
18,215,1,2,1,0,NaN,NaN,NaN,NaN,NaN,0,0,NaN,0
18,216,1,2,1,0,NaN,NaN,NaN,NaN,NaN,0,0,NaN,0
18,217,1,2,2,0,NaN,NaN,NaN,NaN,NaN,0,0,NaN,0
18,218,1,2,2,0,NaN,NaN,NaN,NaN,NaN,0,0,NaN,0
18,219,1,2,2,0,NaN,NaN,NaN,NaN,NaN,0,0,NaN,0
18,220,1,2,1,0,NaN,NaN,NaN,NaN,NaN,0,0,NaN,0
18,221,1,2,2,1,279,568,998,496,1494,0,-6,0.675201816,0
18,222,1,2,2,0,NaN,NaN,NaN,NaN,NaN,0,0,NaN,0
18,223,1,2,2,0,NaN,NaN,NaN,NaN,NaN,0,0,NaN,0
18,224,1,2,2,0,NaN,NaN,NaN,NaN,NaN,0,0,NaN,0
18,225,1,2,2,0,NaN,NaN,NaN,NaN,NaN,0,0,NaN,0
18,226,1,2,1,1,178,457,890,464,1354,0,-3,0.716405319,0
18,227,1,2,1,0,NaN,NaN,NaN,NaN,NaN,0,0,NaN,0
18,228,1,2,1,0,NaN,NaN,NaN,NaN,NaN,0,0,NaN,0
18,229,1,2,1,0,NaN,NaN,NaN,NaN,NaN,0,0,NaN,0
18,230,1,2,2,0,NaN,NaN,NaN,NaN,NaN,0,0,NaN,0
18,231,1,2,1,0,NaN,NaN,NaN,NaN,NaN,0,0,NaN,0
18,232,1,2,2,0,NaN,NaN,NaN,NaN,NaN,0,0,NaN,0
18,233,1,2,1,1,219,456,840,728,1568,0,-5,0.683275605,0
18,234,1,2,1,1,288,553,832,276,1108,0,1,0.842752773,0
18,235,1,2,1,1,338,562,864,336,1200,0,2,0.720911575,0
18,236,1,2,2,0,NaN,NaN,NaN,NaN,NaN,0,0,NaN,0
18,237,1,2,2,1,270,554,780,297,1077,0,0,0.87961004,0
18,238,1,2,2,0,NaN,NaN,NaN,NaN,NaN,0,0,NaN,0
18,239,1,2,2,1,230,466,720,318,1038,0,0,0.811499044,0
18,240,1,2,1,0,NaN,NaN,NaN,NaN,NaN,0,0,NaN,0
19,1,1,2,1,0,NaN,NaN,NaN,NaN,NaN,0,0,NaN,0
19,2,1,2,1,0,NaN,NaN,NaN,NaN,NaN,0,0,NaN,0
19,3,1,2,2,0,NaN,NaN,NaN,NaN,NaN,0,0,NaN,0
19,4,1,2,1,0,NaN,NaN,NaN,NaN,NaN,0,0,NaN,0
19,5,1,2,2,0,NaN,NaN,NaN,NaN,NaN,0,0,NaN,0
19,6,1,2,1,0,NaN,NaN,NaN,NaN,NaN,0,0,NaN,0
19,7,1,2,1,0,NaN,NaN,NaN,NaN,NaN,0,0,NaN,0
19,8,1,2,1,0,NaN,NaN,NaN,NaN,NaN,0,0,NaN,0
19,9,1,2,1,0,NaN,NaN,NaN,NaN,NaN,0,0,NaN,0
19,10,1,2,2,0,NaN,NaN,NaN,NaN,NaN,0,0,NaN,0
19,11,1,2,1,1,396,570,773,256,1029,0,-9,0.714813836,0
19,12,1,2,2,0,NaN,NaN,NaN,NaN,NaN,0,0,NaN,0
19,13,1,2,2,0,NaN,NaN,NaN,NaN,NaN,0,0,NaN,0
19,14,1,2,1,0,NaN,NaN,NaN,NaN,NaN,0,0,NaN,0
19,15,1,2,1,0,NaN,NaN,NaN,NaN,NaN,0,0,NaN,0
19,16,1,2,2,0,NaN,NaN,NaN,NaN,NaN,0,0,NaN,0
19,17,1,2,1,0,NaN,NaN,NaN,NaN,NaN,0,0,NaN,0
19,18,1,2,2,0,NaN,NaN,NaN,NaN,NaN,0,0,NaN,0
19,19,1,2,1,1,377,604,899,336,1235,0,-6,0.674028766,0
19,20,1,2,2,1,280,550,893,400,1293,0,1,0.70925041,0
19,21,1,2,2,1,256,515,873,400,1273,0,2,0.573828995,0
19,22,1,2,1,0,NaN,NaN,NaN,NaN,NaN,0,0,NaN,0
19,23,1,2,1,0,NaN,NaN,NaN,NaN,NaN,0,0,NaN,0
19,24,1,2,2,0,NaN,NaN,NaN,NaN,NaN,0,0,NaN,0
19,25,1,2,2,0,NaN,NaN,NaN,NaN,NaN,0,0,NaN,0
19,26,1,2,2,1,319,570,860,215,1075,0,-3,0.693413125,0
19,27,1,2,1,1,349,606,913,336,1249,0,1,0.74208714,0
19,28,1,2,1,1,292,588,884,344,1228,0,2,0.741084034,0
19,29,1,2,1,0,NaN,NaN,NaN,NaN,NaN,0,0,NaN,0
19,30,1,2,1,0,NaN,NaN,NaN,NaN,NaN,0,0,NaN,0
19,31,1,2,2,0,NaN,NaN,NaN,NaN,NaN,0,0,NaN,0
19,32,1,2,2,0,NaN,NaN,NaN,NaN,NaN,0,0,NaN,0
19,33,1,2,1,1,356,622,926,343,1269,0,-3,0.625873116,0
19,34,1,2,1,0,NaN,NaN,NaN,NaN,NaN,0,0,NaN,0
19,35,1,2,1,1,306,589,932,304,1236,0,0,0.689866355,0
19,36,1,2,1,0,NaN,NaN,NaN,NaN,NaN,0,0,NaN,0
19,37,1,2,2,0,NaN,NaN,NaN,NaN,NaN,0,0,NaN,0
19,38,1,2,1,0,NaN,NaN,NaN,NaN,NaN,0,0,NaN,0
19,39,1,2,2,0,NaN,NaN,NaN,NaN,NaN,0,0,NaN,0
19,40,1,2,2,0,NaN,NaN,NaN,NaN,NaN,0,0,NaN,0
19,41,1,2,2,0,NaN,NaN,NaN,NaN,NaN,0,0,NaN,0
19,42,1,2,1,1,318,551,785,344,1129,0,-5,0.677967788,0
19,43,1,2,2,0,NaN,NaN,NaN,NaN,NaN,0,0,NaN,0
19,44,1,2,2,0,NaN,NaN,NaN,NaN,NaN,0,0,NaN,0
19,45,1,2,1,0,NaN,NaN,NaN,NaN,NaN,0,0,NaN,0
19,46,1,2,2,0,NaN,NaN,NaN,NaN,NaN,0,0,NaN,0
19,47,1,2,1,1,314,518,823,344,1167,0,-3,0.594271857,0
19,48,1,2,1,0,NaN,NaN,NaN,NaN,NaN,0,0,NaN,0
19,49,1,2,2,1,575,856,1127,218,1345,0,0,0.635428889,0
19,50,1,2,1,0,NaN,NaN,NaN,NaN,NaN,0,0,NaN,0
19,51,1,2,2,0,NaN,NaN,NaN,NaN,NaN,0,0,NaN,0
19,52,1,2,2,1,398,601,889,280,1169,0,-1,0.592287259,0
19,53,1,2,1,0,NaN,NaN,NaN,NaN,NaN,0,0,NaN,0
19,54,1,2,2,0,NaN,NaN,NaN,NaN,NaN,0,0,NaN,0
19,55,1,2,2,0,NaN,NaN,NaN,NaN,NaN,0,0,NaN,0
19,56,1,2,1,0,NaN,NaN,NaN,NaN,NaN,0,0,NaN,0
19,57,1,2,2,0,NaN,NaN,NaN,NaN,NaN,0,0,NaN,0
19,58,1,2,2,1,343,561,783,312,1095,0,-4,0.572695442,0
19,59,1,2,2,0,NaN,NaN,NaN,NaN,NaN,0,0,NaN,0
19,60,1,2,2,1,271,476,719,296,1015,0,0,0.597842904,0
19,61,1,2,2,0,NaN,NaN,NaN,NaN,NaN,0,0,NaN,0
19,62,1,2,2,0,NaN,NaN,NaN,NaN,NaN,0,0,NaN,0
19,63,1,2,2,0,NaN,NaN,NaN,NaN,NaN,0,0,NaN,0
19,64,1,2,1,0,NaN,NaN,NaN,NaN,NaN,0,0,NaN,0
19,65,1,2,1,0,NaN,NaN,NaN,NaN,NaN,0,0,NaN,0
19,66,1,2,2,0,NaN,NaN,NaN,NaN,NaN,0,0,NaN,0
19,67,1,2,2,1,NaN,NaN,NaN,NaN,NaN,1,-5,NaN,1
19,68,1,2,1,0,NaN,NaN,NaN,NaN,NaN,0,0,NaN,0
19,69,1,2,2,1,205,385,566,296,862,0,0,0.587699739,0
19,70,1,2,2,0,NaN,NaN,NaN,NaN,NaN,0,0,NaN,0
19,71,1,2,1,0,NaN,NaN,NaN,NaN,NaN,0,0,NaN,0
19,72,1,2,1,0,NaN,NaN,NaN,NaN,NaN,0,0,NaN,0
19,73,1,2,2,0,NaN,NaN,NaN,NaN,NaN,0,0,NaN,0
19,74,1,2,2,0,NaN,NaN,NaN,NaN,NaN,0,0,NaN,0
19,75,1,2,1,0,NaN,NaN,NaN,NaN,NaN,0,0,NaN,0
19,76,1,2,1,0,NaN,NaN,NaN,NaN,NaN,0,0,NaN,0
19,77,1,2,1,1,498,766,1045,206,1251,0,-6,0.789215385,0
19,78,1,2,2,0,NaN,NaN,NaN,NaN,NaN,0,0,NaN,0
19,79,1,2,2,0,NaN,NaN,NaN,NaN,NaN,0,0,NaN,0
19,80,1,2,1,0,NaN,NaN,NaN,NaN,NaN,0,0,NaN,0
19,81,1,2,1,0,NaN,NaN,NaN,NaN,NaN,0,0,NaN,0
19,82,1,2,2,1,278,508,752,320,1072,0,-3,0.653341756,0
19,83,1,2,1,0,NaN,NaN,NaN,NaN,NaN,0,0,NaN,0
19,84,1,2,1,0,NaN,NaN,NaN,NaN,NaN,0,0,NaN,0
19,85,1,2,1,0,NaN,NaN,NaN,NaN,NaN,0,0,NaN,0
19,86,1,2,1,0,NaN,NaN,NaN,NaN,NaN,0,0,NaN,0
19,87,1,2,2,0,NaN,NaN,NaN,NaN,NaN,0,0,NaN,0
19,88,1,2,2,0,NaN,NaN,NaN,NaN,NaN,0,0,NaN,0
19,89,1,2,1,1,405,633,905,328,1233,0,-5,0.709258018,0
19,90,1,2,2,0,NaN,NaN,NaN,NaN,NaN,0,0,NaN,0
19,91,1,2,2,0,NaN,NaN,NaN,NaN,NaN,0,0,NaN,0
19,92,1,2,2,1,242,443,667,296,963,0,-1,0.652022467,0
19,93,1,2,1,0,NaN,NaN,NaN,NaN,NaN,0,0,NaN,0
19,94,1,2,1,0,NaN,NaN,NaN,NaN,NaN,0,0,NaN,0
19,95,1,2,2,0,NaN,NaN,NaN,NaN,NaN,0,0,NaN,0
19,96,1,2,2,1,319,560,804,280,1084,0,-2,0.656805209,0
19,97,1,2,2,0,NaN,NaN,NaN,NaN,NaN,0,0,NaN,0
19,98,1,2,1,1,298,555,805,280,1085,0,0,0.766613902,0
19,99,1,2,1,1,266,550,789,280,1069,0,1,0.846822434,0
19,100,1,2,2,0,NaN,NaN,NaN,NaN,NaN,0,0,NaN,0
19,101,1,2,2,0,NaN,NaN,NaN,NaN,NaN,0,0,NaN,0
19,102,1,2,1,0,NaN,NaN,NaN,NaN,NaN,0,0,NaN,0
19,103,1,2,2,0,NaN,NaN,NaN,NaN,NaN,0,0,NaN,0
19,104,1,2,1,0,NaN,NaN,NaN,NaN,NaN,0,0,NaN,0
19,105,1,2,1,1,311,548,839,296,1135,0,-4,0.665655739,0
19,106,1,2,1,1,304,562,778,264,1042,0,1,0.737603421,0
19,107,1,2,1,1,344,555,790,232,1022,0,2,0.746421925,0
19,108,1,2,1,1,243,450,659,272,931,0,3,0.701109105,0
19,109,1,2,2,1,272,435,648,248,896,0,4,0.552075779,0
19,110,1,2,1,0,NaN,NaN,NaN,NaN,NaN,0,0,NaN,0
19,111,1,2,1,0,NaN,NaN,NaN,NaN,NaN,0,0,NaN,0
19,112,1,2,2,0,NaN,NaN,NaN,NaN,NaN,0,0,NaN,0
19,113,1,2,2,0,NaN,NaN,NaN,NaN,NaN,0,0,NaN,0
19,114,1,2,2,1,216,315,418,132,550,0,-3,0.581288862,0
19,115,1,2,1,0,NaN,NaN,NaN,NaN,NaN,0,0,NaN,0
19,116,1,2,2,0,NaN,NaN,NaN,NaN,NaN,0,0,NaN,0
19,117,1,2,2,0,NaN,NaN,NaN,NaN,NaN,0,0,NaN,0
19,118,1,2,1,0,NaN,NaN,NaN,NaN,NaN,0,0,NaN,0
19,119,1,2,2,0,NaN,NaN,NaN,NaN,NaN,0,0,NaN,0
19,120,1,2,1,0,NaN,NaN,NaN,NaN,NaN,0,0,NaN,0
19,121,1,1,1,1,260,400,525,136,661,0,-5,0.924552411,0
19,122,1,1,1,0,NaN,NaN,NaN,NaN,NaN,0,0,NaN,0
19,123,1,1,2,1,282,364,465,176,641,0,0,0.633467983,0
19,124,1,1,1,0,NaN,NaN,NaN,NaN,NaN,0,0,NaN,0
19,125,1,1,2,1,178,332,516,162,678,0,0,0.510778576,0
19,126,1,1,2,0,NaN,NaN,NaN,NaN,NaN,0,0,NaN,0
19,127,1,1,2,0,NaN,NaN,NaN,NaN,NaN,0,0,NaN,0
19,128,1,1,2,1,260,425,605,184,789,0,-1,0.576697017,0
19,129,1,1,1,0,NaN,NaN,NaN,NaN,NaN,0,0,NaN,0
19,130,1,1,1,1,226,402,601,248,849,0,0,0.761528657,0
19,131,1,1,1,1,270,475,678,248,926,0,1,0.795303944,0
19,132,1,1,1,0,NaN,NaN,NaN,NaN,NaN,0,0,NaN,0
19,133,1,1,2,0,NaN,NaN,NaN,NaN,NaN,0,0,NaN,0
19,134,1,1,2,1,284,430,641,248,889,0,-1,0.578717954,0
19,135,1,1,2,1,253,420,626,256,882,0,1,0.561438601,0
19,136,1,1,2,1,169,308,507,216,723,0,2,0.503834946,0
19,137,1,1,1,1,241,469,662,240,902,0,3,0.794064764,0
19,138,1,1,1,1,257,429,622,256,878,0,4,0.757830131,0
19,139,1,1,2,1,207,375,578,232,810,0,5,0.578454898,0
19,140,1,1,1,1,242,405,578,232,810,0,6,0.724752889,0
19,141,1,1,1,1,321,447,569,216,785,0,7,0.679237261,0
19,142,1,1,2,1,235,401,587,248,835,0,8,0.557377437,0
19,143,1,1,1,1,191,337,476,240,716,0,9,0.687500573,0
19,144,1,1,2,0,NaN,NaN,NaN,NaN,NaN,0,0,NaN,0
19,145,1,1,1,1,294,441,573,232,805,0,0,0.722579184,0
19,146,1,1,1,1,299,392,538,264,802,0,1,0.600695395,0
19,147,1,1,2,1,284,427,588,264,852,0,2,0.756560502,0
19,148,1,1,1,1,236,432,548,328,876,0,3,0.700941172,0
19,149,1,1,2,1,211,395,543,328,871,0,4,0.55978821,0
19,150,1,1,1,0,NaN,NaN,NaN,NaN,NaN,0,0,NaN,0
19,151,1,1,NaN,NaN,NaN,NaN,NaN,NaN,NaN,1,0,NaN,1
19,152,1,1,NaN,NaN,NaN,NaN,NaN,NaN,NaN,1,0,NaN,1
19,153,1,1,NaN,NaN,NaN,NaN,NaN,NaN,NaN,1,0,NaN,1
19,154,1,1,NaN,NaN,NaN,NaN,NaN,NaN,NaN,1,0,NaN,1
19,155,1,1,NaN,NaN,NaN,NaN,NaN,NaN,NaN,1,0,NaN,1
19,156,1,1,NaN,NaN,NaN,NaN,NaN,NaN,NaN,1,0,NaN,1
19,157,1,1,NaN,NaN,NaN,NaN,NaN,NaN,NaN,1,0,NaN,1
19,158,1,1,NaN,NaN,NaN,NaN,NaN,NaN,NaN,1,0,NaN,1
19,159,1,1,NaN,NaN,NaN,NaN,NaN,NaN,NaN,1,0,NaN,1
19,160,1,1,NaN,NaN,NaN,NaN,NaN,NaN,NaN,1,0,NaN,1
19,161,1,1,1,1,415,542,689,232,921,0,0,0.85241426,0
19,162,1,1,2,1,217,348,508,216,724,0,1,0.548691724,0
19,163,1,1,1,1,NaN,NaN,NaN,NaN,NaN,1,2,NaN,1
19,164,1,1,2,1,234,302,490,208,698,0,3,0.438714924,0
19,165,1,1,2,1,228,427,633,162,795,0,4,0.634746028,0
19,166,1,1,1,1,236,397,565,184,749,0,5,0.685740781,0
19,167,1,1,1,1,161,344,544,224,768,0,6,0.724441515,0
19,168,1,1,1,1,258,358,528,200,728,0,7,0.606171348,0
19,169,1,1,2,1,150,317,514,216,730,0,8,0.497904163,0
19,170,1,1,1,0,NaN,NaN,NaN,NaN,NaN,0,0,NaN,0
19,171,1,1,1,0,NaN,NaN,NaN,NaN,NaN,0,0,NaN,0
19,172,1,1,2,1,313,441,611,232,843,0,-1,0.516851805,0
19,173,1,1,2,1,291,415,607,224,831,0,1,0.496784224,0
19,174,1,1,1,1,166,340,527,167,694,0,2,0.665778146,0
19,175,1,1,1,1,283,515,715,208,923,0,3,0.81649524,0
19,176,1,1,1,1,406,615,825,224,1049,0,4,0.841292043,0
19,177,1,1,2,1,225,375,578,216,794,0,5,0.556796886,0
19,178,1,1,1,1,179,382,629,216,845,0,6,0.684020547,0
19,179,1,1,1,1,359,554,811,216,1027,0,7,0.705633086,0
19,180,1,1,2,0,NaN,NaN,NaN,NaN,NaN,0,0,NaN,0
19,181,1,1,1,1,364,533,785,184,969,0,0,0.643520596,0
19,182,1,1,2,1,266,416,636,216,852,0,1,0.518256598,0
19,183,1,1,1,1,198,389,625,248,873,0,2,0.661402095,0
19,184,1,1,1,1,NaN,NaN,NaN,NaN,NaN,1,3,NaN,1
19,185,1,1,2,0,NaN,NaN,NaN,NaN,NaN,0,0,NaN,0
19,186,1,1,2,1,293,421,637,152,789,0,0,0.496025224,0
19,187,1,1,2,1,260,369,573,216,789,0,1,0.475795278,0
19,188,1,1,2,1,235,362,530,200,730,0,2,0.516289544,0
19,189,1,1,2,1,288,393,569,152,721,0,3,0.607184914,0
19,190,1,1,1,1,248,381,543,200,743,0,4,0.591999223,0
19,191,1,1,1,1,340,516,730,162,892,0,5,0.66701243,0
19,192,1,1,1,1,188,386,619,200,819,0,6,0.743147445,0
19,193,1,1,2,1,225,300,471,216,687,0,7,0.46657296,0
19,194,1,1,1,0,NaN,NaN,NaN,NaN,NaN,0,0,NaN,0
19,195,1,1,1,0,NaN,NaN,NaN,NaN,NaN,0,0,NaN,0
19,196,1,1,2,1,219,328,480,248,728,0,-1,0.495134,0
19,197,1,1,1,1,305,414,607,184,791,0,1,0.62530198,0
19,198,1,1,2,1,NaN,NaN,515,208,723,0,2,NaN,1
19,199,1,1,1,1,241,477,643,232,875,0,3,0.721001474,0
19,200,1,1,2,1,250,318,475,248,723,0,4,0.428703779,0
19,201,1,1,2,1,310,430,586,256,842,0,5,0.497324534,0
19,202,1,1,1,1,311,526,740,232,972,0,6,0.743495713,0
19,203,1,1,1,0,NaN,NaN,NaN,NaN,NaN,0,0,NaN,0
19,204,1,1,2,1,NaN,NaN,508,181,689,0,0,NaN,1
19,205,1,1,2,1,269,350,498,264,762,0,1,0.43244162,0
19,206,1,1,1,1,219,399,622,224,846,0,2,0.733424023,0
19,207,1,1,1,0,NaN,NaN,NaN,NaN,NaN,0,0,NaN,0
19,208,1,1,2,1,263,390,550,133,683,0,0,0.401048599,0
19,209,1,1,2,1,280,403,541,344,885,0,1,0.463888785,0
19,210,1,1,2,1,228,388,595,168,763,0,2,0.506439208,0
19,211,1,1,2,1,NaN,NaN,NaN,NaN,NaN,1,3,NaN,1
19,212,1,1,2,0,NaN,NaN,NaN,NaN,NaN,0,0,NaN,0
19,213,1,1,1,0,NaN,NaN,NaN,NaN,NaN,0,0,NaN,0
19,214,1,1,1,1,NaN,NaN,NaN,NaN,NaN,1,-1,NaN,1
19,215,1,1,1,1,350,505,697,248,945,0,1,0.795394929,0
19,216,1,1,1,1,183,353,528,248,776,0,2,0.645609908,0
19,217,1,1,1,0,NaN,NaN,NaN,NaN,NaN,0,0,NaN,0
19,218,1,1,2,1,360,533,769,232,1001,0,0,0.561091311,0
19,219,1,1,1,1,292,496,711,216,927,0,1,0.819136225,0
19,220,1,1,1,1,246,513,731,248,979,0,2,0.817228628,0
19,221,1,1,1,1,391,649,851,248,1099,0,3,0.837787817,0
19,222,1,1,2,0,NaN,NaN,NaN,NaN,NaN,0,0,NaN,0
19,223,1,1,1,1,271,496,718,224,942,0,0,0.713839679,0
19,224,1,1,2,1,262,425,654,248,902,0,1,0.546487869,0
19,225,1,1,2,1,253,367,552,264,816,0,2,0.562182937,0
19,226,1,1,2,1,217,307,425,168,593,0,3,0.538169476,0
19,227,1,1,2,0,NaN,NaN,NaN,NaN,NaN,0,0,NaN,0
19,228,1,1,2,0,NaN,NaN,NaN,NaN,NaN,0,0,NaN,0
19,229,1,1,1,0,NaN,NaN,NaN,NaN,NaN,0,0,NaN,0
19,230,1,1,2,0,NaN,NaN,NaN,NaN,NaN,0,0,NaN,0
20,1,1,1,2,1,485,706,1072,312,1384,0,0,0.512133636,0
20,2,1,1,2,1,285,478,740,344,1084,0,1,0.719451906,0
20,3,1,1,2,1,231,449,674,280,954,0,2,0.547776188,0
20,4,1,1,2,1,199,430,698,312,1010,0,3,0.619533709,0
20,5,1,1,2,0,NaN,NaN,NaN,NaN,NaN,0,0,NaN,0
20,6,1,1,2,1,238,447,694,296,990,0,0,0.651565581,0
20,7,1,1,2,1,210,496,750,344,1094,0,1,0.715342511,0
20,8,1,1,2,0,NaN,NaN,NaN,NaN,NaN,0,0,NaN,0
20,9,1,1,1,1,299,513,834,304,1138,0,0,0.789502565,0
20,10,1,1,1,1,313,520,848,328,1176,0,1,0.81073333,0
20,11,1,1,1,1,180,583,862,264,1126,0,2,1,0
20,12,1,1,1,1,279,523,836,256,1092,0,3,0.848002224,0
20,13,1,1,2,1,297,542,816,360,1176,0,4,0.638641196,0
20,14,1,1,2,1,288,522,794,296,1090,0,5,0.625351167,0
20,15,1,1,2,1,276,478,728,312,1040,0,6,0.679495309,0
20,16,1,1,1,1,170,509,840,272,1112,0,7,1,0
20,17,1,1,2,1,346,553,784,328,1112,0,8,0.711372848,0
20,18,1,1,1,1,299,526,792,280,1072,0,9,0.916415064,0
20,19,1,1,2,1,218,446,696,320,1016,0,10,0.66725228,0
20,20,1,1,1,1,249,496,756,264,1020,0,11,0.926731883,0
20,21,1,1,1,1,214,516,784,272,1056,0,12,0.94898338,0
20,22,1,1,2,1,303,527,758,328,1086,0,13,0.7141281,0
20,23,1,1,1,1,260,458,742,248,990,0,14,0.817865791,0
20,24,1,1,1,1,251,503,774,280,1054,0,15,0.891129092,0
20,25,1,1,1,1,243,509,772,280,1052,0,16,0.842407308,0
20,26,1,1,1,1,278,528,838,312,1150,0,17,0.8971184,0
20,27,1,1,2,1,276,493,742,384,1126,0,18,0.603742754,0
20,28,1,1,2,1,318,580,816,304,1120,0,19,0.714102662,0
20,29,1,1,2,1,260,518,760,352,1112,0,20,0.679339975,0
20,30,1,1,2,1,336,560,824,312,1136,0,21,0.686226366,0
20,31,1,1,2,1,220,487,762,344,1106,0,22,0.644264503,0
20,32,1,1,1,1,281,517,842,264,1106,0,23,0.861395293,0
20,33,1,1,1,0,NaN,NaN,NaN,NaN,NaN,0,0,NaN,0
20,34,1,1,2,1,251,474,756,408,1164,0,0,0.616652525,0
20,35,1,1,2,0,NaN,NaN,NaN,NaN,NaN,0,0,NaN,0
20,36,1,1,1,1,550,812,1052,248,1300,0,0,0.825808823,0
20,37,1,1,2,1,364,567,821,236,1057,0,1,0.626120782,0
20,38,1,1,2,0,NaN,NaN,NaN,NaN,NaN,0,0,NaN,0
20,39,1,1,2,0,NaN,NaN,NaN,NaN,NaN,0,0,NaN,0
20,40,1,1,2,1,304,572,812,328,1140,0,-1,0.649952308,0
20,41,1,1,1,1,308,560,944,376,1320,0,1,0.786853051,0
20,42,1,1,1,0,NaN,NaN,NaN,NaN,NaN,0,0,NaN,0
20,43,1,1,1,0,NaN,NaN,NaN,NaN,NaN,0,0,NaN,0
20,44,1,1,1,1,372,606,982,280,1262,0,-1,0.822529864,0
20,45,1,1,1,1,321,526,852,211,1063,0,1,0.81096791,0
20,46,1,1,1,0,NaN,NaN,NaN,NaN,NaN,0,0,NaN,0
20,47,1,1,1,0,NaN,NaN,NaN,NaN,NaN,0,0,NaN,0
20,48,1,1,1,1,282,527,894,416,1310,0,-1,0.800917946,0
20,49,1,1,1,1,345,566,936,384,1320,0,1,0.821580894,0
20,50,1,1,2,1,259,487,718,352,1070,0,2,0.658712964,0
20,51,1,1,2,0,NaN,NaN,NaN,NaN,NaN,0,0,NaN,0
20,52,1,1,1,0,NaN,NaN,NaN,NaN,NaN,0,0,NaN,0
20,53,1,1,2,1,568,789,1052,296,1348,0,-1,0.657073211,0
20,54,1,1,1,1,277,465,724,312,1036,0,1,0.896229568,0
20,55,1,1,1,0,NaN,NaN,NaN,NaN,NaN,0,0,NaN,0
20,56,1,1,1,1,304,565,904,408,1312,0,0,0.900178199,0
20,57,1,1,2,1,251,484,718,400,1118,0,1,0.615495937,0
20,58,1,1,2,0,NaN,NaN,NaN,NaN,NaN,0,0,NaN,0
20,59,1,1,1,1,298,533,744,416,1160,0,0,0.870089783,0
20,60,1,1,1,0,NaN,NaN,NaN,NaN,NaN,0,0,NaN,0
20,61,1,1,1,1,240,487,706,344,1050,0,0,0.848314664,0
20,62,1,1,1,1,222,451,678,232,910,0,1,0.830916464,0
20,63,1,1,1,0,NaN,NaN,NaN,NaN,NaN,0,0,NaN,0
20,64,1,1,2,1,305,505,756,304,1060,0,0,0.60322749,0
20,65,1,1,2,1,417,650,886,368,1254,0,1,0.613141293,0
20,66,1,1,2,1,239,483,746,448,1194,0,2,0.601095966,0
20,67,1,1,1,1,337,577,862,360,1222,0,3,0.90899929,0
20,68,1,1,1,1,376,614,968,392,1360,0,4,0.78705223,0
20,69,1,1,1,1,261,506,734,424,1158,0,5,0.878470192,0
20,70,1,1,1,1,231,482,750,312,1062,0,6,0.930988882,0
20,71,1,1,1,0,NaN,NaN,NaN,NaN,NaN,0,0,NaN,0
20,72,1,1,2,1,415,599,842,344,1186,0,0,0.623728044,0
20,73,1,1,1,1,305,525,792,312,1104,0,1,0.817262828,0
20,74,1,1,1,1,329,611,890,296,1186,0,2,0.870396463,0
20,75,1,1,2,1,240,442,648,344,992,0,3,0.528818342,0
20,76,1,1,2,0,NaN,NaN,NaN,NaN,NaN,0,0,NaN,0
20,77,1,1,2,0,NaN,NaN,NaN,NaN,NaN,0,0,NaN,0
20,78,1,1,1,1,672,967,1222,296,1518,0,-1,0.928816012,0
20,79,1,1,2,0,NaN,NaN,NaN,NaN,NaN,0,0,NaN,0
20,80,1,1,2,1,542,736,934,296,1230,0,0,0.681708376,0
20,81,1,1,1,1,402,669,966,296,1262,0,1,0.938840784,0
20,82,1,1,1,1,373,606,908,344,1252,0,2,0.93471486,0
20,83,1,1,1,1,283,539,860,280,1140,0,3,0.894820545,0
20,84,1,1,2,1,318,515,736,328,1064,0,4,0.505735265,0
20,85,1,1,1,0,NaN,NaN,NaN,NaN,NaN,0,0,NaN,0
20,86,1,1,2,0,NaN,NaN,NaN,NaN,NaN,0,0,NaN,0
20,87,1,1,2,1,256,488,732,328,1060,0,-1,0.627383019,0
20,88,1,1,2,1,394,593,814,272,1086,0,1,0.673651219,0
20,89,1,1,2,1,284,488,764,336,1100,0,2,0.651964059,0
20,90,1,1,1,1,431,648,954,328,1282,0,3,0.890440413,0
20,91,1,1,2,0,NaN,NaN,NaN,NaN,NaN,0,0,NaN,0
20,92,1,1,1,0,NaN,NaN,NaN,NaN,NaN,0,0,NaN,0
20,93,1,1,1,1,466,682,930,248,1178,0,-1,0.8776757,0
20,94,1,1,1,1,384,635,924,264,1188,0,1,0.883413547,0
20,95,1,1,2,1,244,451,668,296,964,0,2,0.58970716,0
20,96,1,1,1,1,281,540,770,288,1058,0,3,0.848838842,0
20,97,1,1,2,1,195,402,620,280,900,0,4,0.637380764,0
20,98,1,1,1,1,190,498,758,248,1006,0,5,0.953908941,0
20,99,1,1,2,1,215,432,642,304,946,0,6,0.69836166,0
20,100,1,1,1,1,304,549,808,280,1088,0,7,0.815623919,0
20,101,1,1,NaN,NaN,NaN,NaN,NaN,NaN,NaN,1,0,NaN,1
20,102,1,1,NaN,NaN,NaN,NaN,NaN,NaN,NaN,1,0,NaN,1
20,103,1,1,NaN,NaN,NaN,NaN,NaN,NaN,NaN,1,0,NaN,1
20,104,1,1,NaN,NaN,NaN,NaN,NaN,NaN,NaN,1,0,NaN,1
20,105,1,1,NaN,NaN,NaN,NaN,NaN,NaN,NaN,1,0,NaN,1
20,106,1,1,NaN,NaN,NaN,NaN,NaN,NaN,NaN,1,0,NaN,1
20,107,1,1,NaN,NaN,NaN,NaN,NaN,NaN,NaN,1,0,NaN,1
20,108,1,1,NaN,NaN,NaN,NaN,NaN,NaN,NaN,1,0,NaN,1
20,109,1,1,NaN,NaN,NaN,NaN,NaN,NaN,NaN,1,0,NaN,1
20,110,1,1,NaN,NaN,NaN,NaN,NaN,NaN,NaN,1,0,NaN,1
20,111,1,1,NaN,NaN,NaN,NaN,NaN,NaN,NaN,1,0,NaN,1
20,112,1,1,NaN,NaN,NaN,NaN,NaN,NaN,NaN,1,0,NaN,1
20,113,1,1,NaN,NaN,NaN,NaN,NaN,NaN,NaN,1,0,NaN,1
20,114,1,1,NaN,NaN,NaN,NaN,NaN,NaN,NaN,1,0,NaN,1
20,115,1,1,NaN,NaN,NaN,NaN,NaN,NaN,NaN,1,0,NaN,1
20,116,1,1,NaN,NaN,NaN,NaN,NaN,NaN,NaN,1,0,NaN,1
20,117,1,1,NaN,NaN,NaN,NaN,NaN,NaN,NaN,1,0,NaN,1
20,118,1,1,NaN,NaN,NaN,NaN,NaN,NaN,NaN,1,0,NaN,1
20,119,1,1,NaN,NaN,NaN,NaN,NaN,NaN,NaN,1,0,NaN,1
20,120,1,1,NaN,NaN,NaN,NaN,NaN,NaN,NaN,1,0,NaN,1
20,121,1,2,2,0,NaN,NaN,NaN,NaN,NaN,0,0,NaN,0
20,122,1,2,2,0,NaN,NaN,NaN,NaN,NaN,0,0,NaN,0
20,123,1,2,1,0,NaN,NaN,NaN,NaN,NaN,0,0,NaN,0
20,124,1,2,1,0,NaN,NaN,NaN,NaN,NaN,0,0,NaN,0
20,125,1,2,2,1,352,545,776,288,1064,0,-3,0.563690719,0
20,126,1,2,2,0,NaN,NaN,NaN,NaN,NaN,0,0,NaN,0
20,127,1,2,1,0,NaN,NaN,NaN,NaN,NaN,0,0,NaN,0
20,128,1,2,2,0,NaN,NaN,NaN,NaN,NaN,0,0,NaN,0
20,129,1,2,2,0,NaN,NaN,NaN,NaN,NaN,0,0,NaN,0
20,130,1,2,1,1,413,630,918,336,1254,0,-3,0.872101358,0
20,131,1,2,1,1,296,539,824,280,1104,0,1,0.867075966,0
20,132,1,2,2,0,NaN,NaN,NaN,NaN,NaN,0,0,NaN,0
20,133,1,2,2,0,NaN,NaN,NaN,NaN,NaN,0,0,NaN,0
20,134,1,2,1,1,NaN,NaN,NaN,NaN,NaN,1,-1,NaN,1
20,135,1,2,1,0,NaN,NaN,NaN,NaN,NaN,0,0,NaN,0
20,136,1,2,1,0,NaN,NaN,NaN,NaN,NaN,0,0,NaN,0
20,137,1,2,2,0,NaN,NaN,NaN,NaN,NaN,0,0,NaN,0
20,138,1,2,2,0,NaN,NaN,NaN,NaN,NaN,0,0,NaN,0
20,139,1,2,1,0,NaN,NaN,NaN,NaN,NaN,0,0,NaN,0
20,140,1,2,1,0,NaN,NaN,NaN,NaN,NaN,0,0,NaN,0
20,141,1,2,1,0,NaN,NaN,NaN,NaN,NaN,0,0,NaN,0
20,142,1,2,1,1,217,458,724,264,988,0,-6,0.866429284,0
20,143,1,2,2,0,NaN,NaN,NaN,NaN,NaN,0,0,NaN,0
20,144,1,2,1,0,NaN,NaN,NaN,NaN,NaN,0,0,NaN,0
20,145,1,2,2,0,NaN,NaN,NaN,NaN,NaN,0,0,NaN,0
20,146,1,2,2,1,1087,1376,1590,312,1902,0,-2,0.566835907,0
20,147,1,2,1,1,336,615,950,375,1325,0,1,0.811032315,0
20,148,1,2,2,1,185,460,795,240,1035,0,2,0.634802336,0
20,149,1,2,1,0,NaN,NaN,NaN,NaN,NaN,0,0,NaN,0
20,150,1,2,2,0,NaN,NaN,NaN,NaN,NaN,0,0,NaN,0
20,151,1,2,2,0,NaN,NaN,NaN,NaN,NaN,0,0,NaN,0
20,152,1,2,1,1,249,481,724,232,956,0,-2,0.870868495,0
20,153,1,2,2,0,NaN,NaN,NaN,NaN,NaN,0,0,NaN,0
20,154,1,2,2,1,338,502,700,296,996,0,0,0.551716539,0
20,155,1,2,2,1,278,453,646,328,974,0,1,0.58587607,0
20,156,1,2,2,0,NaN,NaN,NaN,NaN,NaN,0,0,NaN,0
20,157,1,2,1,0,NaN,NaN,NaN,NaN,NaN,0,0,NaN,0
20,158,1,2,2,0,NaN,NaN,NaN,NaN,NaN,0,0,NaN,0
20,159,1,2,2,0,NaN,NaN,NaN,NaN,NaN,0,0,NaN,0
20,160,1,2,1,1,356,616,886,288,1174,0,-3,0.920755751,0
20,161,1,2,1,0,NaN,NaN,NaN,NaN,NaN,0,0,NaN,0
20,162,1,2,1,1,NaN,NaN,NaN,NaN,NaN,1,0,NaN,1
20,163,1,2,2,0,NaN,NaN,NaN,NaN,NaN,0,0,NaN,0
20,164,1,2,2,0,NaN,NaN,NaN,NaN,NaN,0,0,NaN,0
20,165,1,2,1,0,NaN,NaN,NaN,NaN,NaN,0,0,NaN,0
20,166,1,2,1,0,NaN,NaN,NaN,NaN,NaN,0,0,NaN,0
20,167,1,2,1,0,NaN,NaN,NaN,NaN,NaN,0,0,NaN,0
20,168,1,2,1,0,NaN,NaN,NaN,NaN,NaN,0,0,NaN,0
20,169,1,2,2,0,NaN,NaN,NaN,NaN,NaN,0,0,NaN,0
20,170,1,2,1,0,NaN,NaN,NaN,NaN,NaN,0,0,NaN,0
20,171,1,2,2,0,NaN,NaN,NaN,NaN,NaN,0,0,NaN,0
20,172,1,2,2,0,NaN,NaN,NaN,NaN,NaN,0,0,NaN,0
20,173,1,2,1,0,NaN,NaN,NaN,NaN,NaN,0,0,NaN,0
20,174,1,2,2,1,557,762,920,320,1240,0,-10,0.695741068,0
20,175,1,2,1,0,NaN,NaN,NaN,NaN,NaN,0,0,NaN,0
20,176,1,2,1,0,NaN,NaN,NaN,NaN,NaN,0,0,NaN,0
20,177,1,2,1,0,NaN,NaN,NaN,NaN,NaN,0,0,NaN,0
20,178,1,2,2,1,NaN,NaN,NaN,NaN,NaN,1,-2,NaN,1
20,179,1,2,1,0,NaN,NaN,NaN,NaN,NaN,0,0,NaN,0
20,180,1,2,2,0,NaN,NaN,NaN,NaN,NaN,0,0,NaN,0
20,181,1,2,1,0,NaN,NaN,NaN,NaN,NaN,0,0,NaN,0
20,182,1,2,2,1,NaN,NaN,NaN,NaN,NaN,1,-2,NaN,1
20,183,1,2,1,1,426,634,840,296,1136,0,1,0.946998614,0
20,184,1,2,1,0,NaN,NaN,NaN,NaN,NaN,0,0,NaN,0
20,185,1,2,2,0,NaN,NaN,NaN,NaN,NaN,0,0,NaN,0
20,186,1,2,1,0,NaN,NaN,NaN,NaN,NaN,0,0,NaN,0
20,187,1,2,1,0,NaN,NaN,NaN,NaN,NaN,0,0,NaN,0
20,188,1,2,1,0,NaN,NaN,NaN,NaN,NaN,0,0,NaN,0
20,189,1,2,2,1,518,709,864,320,1184,0,-4,0.651558629,0
20,190,1,2,2,0,NaN,NaN,NaN,NaN,NaN,0,0,NaN,0
20,191,1,2,2,0,NaN,NaN,NaN,NaN,NaN,0,0,NaN,0
20,192,1,2,2,1,416,597,878,280,1158,0,-1,0.570675337,0
20,193,1,2,2,0,NaN,NaN,NaN,NaN,NaN,0,0,NaN,0
20,194,1,2,2,1,275,515,830,320,1150,0,0,0.639559287,0
20,195,1,2,2,0,NaN,NaN,NaN,NaN,NaN,0,0,NaN,0
20,196,1,2,1,0,NaN,NaN,NaN,NaN,NaN,0,0,NaN,0
20,197,1,2,1,0,NaN,NaN,NaN,NaN,NaN,0,0,NaN,0
20,198,1,2,1,1,325,561,922,296,1218,0,-2,0.892989884,0
20,199,1,2,2,0,NaN,NaN,NaN,NaN,NaN,0,0,NaN,0
20,200,1,2,2,0,NaN,NaN,NaN,NaN,NaN,0,0,NaN,0
20,201,1,2,1,1,324,558,886,280,1166,0,-1,0.909984536,0
20,202,1,2,1,1,340,604,902,304,1206,0,1,0.845915048,0
20,203,1,2,2,0,NaN,NaN,NaN,NaN,NaN,0,0,NaN,0
20,204,1,2,1,0,NaN,NaN,NaN,NaN,NaN,0,0,NaN,0
20,205,1,2,2,0,NaN,NaN,NaN,NaN,NaN,0,0,NaN,0
20,206,1,2,1,0,NaN,NaN,NaN,NaN,NaN,0,0,NaN,0
20,207,1,2,2,1,543,734,918,312,1230,0,-3,0.611860089,0
20,208,1,2,1,1,300,536,834,264,1098,0,1,0.828192903,0
20,209,1,2,2,0,NaN,NaN,NaN,NaN,NaN,0,0,NaN,0
20,210,1,2,1,1,391,641,962,360,1322,0,0,0.849521608,0
20,211,1,2,2,0,NaN,NaN,NaN,NaN,NaN,0,0,NaN,0
20,212,1,2,2,0,NaN,NaN,NaN,NaN,NaN,0,0,NaN,0
20,213,1,2,1,1,399,613,906,248,1154,0,-1,0.788936304,0
20,214,1,2,2,0,NaN,NaN,NaN,NaN,NaN,0,0,NaN,0
20,215,1,2,1,0,NaN,NaN,NaN,NaN,NaN,0,0,NaN,0
20,216,1,2,1,1,365,620,902,432,1334,0,-1,0.895323028,0
20,217,1,2,2,0,NaN,NaN,NaN,NaN,NaN,0,0,NaN,0
20,218,1,2,1,0,NaN,NaN,NaN,NaN,NaN,0,0,NaN,0
20,219,1,2,1,0,NaN,NaN,NaN,NaN,NaN,0,0,NaN,0
20,220,1,2,1,0,NaN,NaN,NaN,NaN,NaN,0,0,NaN,0
20,221,1,2,2,0,NaN,NaN,NaN,NaN,NaN,0,0,NaN,0
20,222,1,2,1,0,NaN,NaN,NaN,NaN,NaN,0,0,NaN,0
20,223,1,2,2,0,NaN,NaN,NaN,NaN,NaN,0,0,NaN,0
20,224,1,2,1,0,NaN,NaN,NaN,NaN,NaN,0,0,NaN,0
20,225,1,2,1,0,NaN,NaN,NaN,NaN,NaN,0,0,NaN,0
20,226,1,2,2,0,NaN,NaN,NaN,NaN,NaN,0,0,NaN,0
20,227,1,2,2,0,NaN,NaN,NaN,NaN,NaN,0,0,NaN,0
20,228,1,2,1,0,NaN,NaN,NaN,NaN,NaN,0,0,NaN,0
20,229,1,2,1,0,NaN,NaN,NaN,NaN,NaN,0,0,NaN,0
20,230,1,2,2,0,NaN,NaN,NaN,NaN,NaN,0,0,NaN,0
20,231,1,2,2,1,269,481,850,358,1208,0,-13,0.698076489,0
20,232,1,2,1,0,NaN,NaN,NaN,NaN,NaN,0,0,NaN,0
20,233,1,2,2,0,NaN,NaN,NaN,NaN,NaN,0,0,NaN,0
20,234,1,2,2,0,NaN,NaN,NaN,NaN,NaN,0,0,NaN,0
20,235,1,2,2,0,NaN,NaN,NaN,NaN,NaN,0,0,NaN,0
20,236,1,2,1,0,NaN,NaN,NaN,NaN,NaN,0,0,NaN,0
20,237,1,2,2,0,NaN,NaN,NaN,NaN,NaN,0,0,NaN,0
20,238,1,2,1,0,NaN,NaN,NaN,NaN,NaN,0,0,NaN,0
20,239,1,2,2,1,347,552,848,352,1200,0,-6,0.609837632,0
20,240,1,2,1,0,NaN,NaN,NaN,NaN,NaN,0,0,NaN,0
21,1,1,2,2,0,NaN,NaN,NaN,NaN,NaN,0,0,NaN,0
21,2,1,2,2,0,NaN,NaN,NaN,NaN,NaN,0,0,NaN,0
21,3,1,2,1,0,NaN,NaN,NaN,NaN,NaN,0,0,NaN,0
21,4,1,2,2,0,NaN,NaN,NaN,NaN,NaN,0,0,NaN,0
21,5,1,2,1,0,NaN,NaN,NaN,NaN,NaN,0,0,NaN,0
21,6,1,2,1,0,NaN,NaN,NaN,NaN,NaN,0,0,NaN,0
21,7,1,2,1,0,NaN,NaN,NaN,NaN,NaN,0,0,NaN,0
21,8,1,2,1,0,NaN,NaN,NaN,NaN,NaN,0,0,NaN,0
21,9,1,2,1,0,NaN,NaN,NaN,NaN,NaN,0,0,NaN,0
21,10,1,2,2,0,NaN,NaN,NaN,NaN,NaN,0,0,NaN,0
21,11,1,2,1,0,NaN,NaN,NaN,NaN,NaN,0,0,NaN,0
21,12,1,2,2,0,NaN,NaN,NaN,NaN,NaN,0,0,NaN,0
21,13,1,2,1,0,NaN,NaN,NaN,NaN,NaN,0,0,NaN,0
21,14,1,2,1,0,NaN,NaN,NaN,NaN,NaN,0,0,NaN,0
21,15,1,2,1,0,NaN,NaN,NaN,NaN,NaN,0,0,NaN,0
21,16,1,2,1,0,NaN,NaN,NaN,NaN,NaN,0,0,NaN,0
21,17,1,2,2,0,NaN,NaN,NaN,NaN,NaN,0,0,NaN,0
21,18,1,2,2,0,NaN,NaN,NaN,NaN,NaN,0,0,NaN,0
21,19,1,2,2,0,NaN,NaN,NaN,NaN,NaN,0,0,NaN,0
21,20,1,2,1,1,274,522,890,472,1362,0,-18,0.696039701,0
21,21,1,2,2,0,NaN,NaN,NaN,NaN,NaN,0,0,NaN,0
21,22,1,2,2,0,NaN,NaN,NaN,NaN,NaN,0,0,NaN,0
21,23,1,2,2,0,NaN,NaN,NaN,NaN,NaN,0,0,NaN,0
21,24,1,2,2,0,NaN,NaN,NaN,NaN,NaN,0,0,NaN,0
21,25,1,2,2,1,246,550,776,456,1232,0,-3,0.647202014,0
21,26,1,2,1,0,NaN,NaN,NaN,NaN,NaN,0,0,NaN,0
21,27,1,2,1,1,228,557,862,312,1174,0,0,0.660988624,0
21,28,1,2,2,0,NaN,NaN,NaN,NaN,NaN,0,0,NaN,0
21,29,1,2,2,0,NaN,NaN,NaN,NaN,NaN,0,0,NaN,0
21,30,1,2,1,0,NaN,NaN,NaN,NaN,NaN,0,0,NaN,0
21,31,1,2,2,1,191,411,666,280,946,0,-2,0.687958077,0
21,32,1,2,2,1,157,361,628,336,964,0,1,0.642457034,0
21,33,1,2,2,1,248,448,678,312,990,0,2,0.656510963,0
21,34,1,2,1,0,NaN,NaN,NaN,NaN,NaN,0,0,NaN,0
21,35,1,2,1,1,208,472,768,320,1088,0,0,0.62808895,0
21,36,1,2,2,0,NaN,NaN,NaN,NaN,NaN,0,0,NaN,0
21,37,1,2,1,1,187,514,784,216,1000,0,0,0.680683917,0
21,38,1,2,1,0,NaN,NaN,NaN,NaN,NaN,0,0,NaN,0
21,39,1,2,2,1,102,385,668,256,924,0,0,0.67540585,0
21,40,1,2,1,0,NaN,NaN,NaN,NaN,NaN,0,0,NaN,0
21,41,1,2,2,0,NaN,NaN,NaN,NaN,NaN,0,0,NaN,0
21,42,1,2,1,0,NaN,NaN,NaN,NaN,NaN,0,0,NaN,0
21,43,1,2,1,0,NaN,NaN,NaN,NaN,NaN,0,0,NaN,0
21,44,1,2,2,0,NaN,NaN,NaN,NaN,NaN,0,0,NaN,0
21,45,1,2,1,0,NaN,NaN,NaN,NaN,NaN,0,0,NaN,0
21,46,1,2,2,1,205,483,776,368,1144,0,-5,0.682237787,0
21,47,1,2,2,1,232,459,698,296,994,0,1,0.70289242,0
21,48,1,2,1,1,191,462,732,432,1164,0,2,0.61709163,0
21,49,1,2,1,0,NaN,NaN,NaN,NaN,NaN,0,0,NaN,0
21,50,1,2,1,1,250,517,824,344,1168,0,0,0.627401533,0
21,51,1,2,1,1,157,454,672,360,1032,0,1,0.707543627,0
21,52,1,2,2,0,NaN,NaN,NaN,NaN,NaN,0,0,NaN,0
21,53,1,2,2,0,NaN,NaN,NaN,NaN,NaN,0,0,NaN,0
21,54,1,2,2,0,NaN,NaN,NaN,NaN,NaN,0,0,NaN,0
21,55,1,2,2,0,NaN,NaN,NaN,NaN,NaN,0,0,NaN,0
21,56,1,2,2,0,NaN,NaN,NaN,NaN,NaN,0,0,NaN,0
21,57,1,2,1,1,180,472,818,448,1266,0,-4,0.729405563,0
21,58,1,2,2,0,NaN,NaN,NaN,NaN,NaN,0,0,NaN,0
21,59,1,2,1,0,NaN,NaN,NaN,NaN,NaN,0,0,NaN,0
21,60,1,2,1,0,NaN,NaN,NaN,NaN,NaN,0,0,NaN,0
21,61,1,2,1,1,243,536,782,304,1086,0,-2,0.782929543,0
21,62,1,2,1,1,236,482,728,296,1024,0,1,0.68927924,0
21,63,1,2,1,1,244,506,740,232,972,0,2,0.643601514,0
21,64,1,2,1,0,NaN,NaN,NaN,NaN,NaN,0,0,NaN,0
21,65,1,2,2,0,NaN,NaN,NaN,NaN,NaN,0,0,NaN,0
21,66,1,2,2,0,NaN,NaN,NaN,NaN,NaN,0,0,NaN,0
21,67,1,2,2,1,324,543,814,317,1131,0,-2,0.732782802,0
21,68,1,2,2,0,NaN,NaN,NaN,NaN,NaN,0,0,NaN,0
21,69,1,2,1,0,NaN,NaN,NaN,NaN,NaN,0,0,NaN,0
21,70,1,2,1,0,NaN,NaN,NaN,NaN,NaN,0,0,NaN,0
21,71,1,2,2,0,NaN,NaN,NaN,NaN,NaN,0,0,NaN,0
21,72,1,2,2,1,311,587,832,360,1192,0,-3,0.71291315,0
21,73,1,2,2,0,NaN,NaN,NaN,NaN,NaN,0,0,NaN,0
21,74,1,2,2,1,253,486,802,456,1258,0,0,0.734895821,0
21,75,1,2,1,0,NaN,NaN,NaN,NaN,NaN,0,0,NaN,0
21,76,1,2,2,0,NaN,NaN,NaN,NaN,NaN,0,0,NaN,0
21,77,1,2,1,1,186,484,736,400,1136,0,-1,0.666562179,0
21,78,1,2,1,0,NaN,NaN,NaN,NaN,NaN,0,0,NaN,0
21,79,1,2,1,0,NaN,NaN,NaN,NaN,NaN,0,0,NaN,0
21,80,1,2,2,0,NaN,NaN,NaN,NaN,NaN,0,0,NaN,0
21,81,1,2,1,1,205,461,708,280,988,0,-2,0.669716009,0
21,82,1,2,1,0,NaN,NaN,NaN,NaN,NaN,0,0,NaN,0
21,83,1,2,2,0,NaN,NaN,NaN,NaN,NaN,0,0,NaN,0
21,84,1,2,1,0,NaN,NaN,NaN,NaN,NaN,0,0,NaN,0
21,85,1,2,2,0,NaN,NaN,NaN,NaN,NaN,0,0,NaN,0
21,86,1,2,1,0,NaN,NaN,NaN,NaN,NaN,0,0,NaN,0
21,87,1,2,1,0,NaN,NaN,NaN,NaN,NaN,0,0,NaN,0
21,88,1,2,2,0,NaN,NaN,NaN,NaN,NaN,0,0,NaN,0
21,89,1,2,2,0,NaN,NaN,NaN,NaN,NaN,0,0,NaN,0
21,90,1,2,1,0,NaN,NaN,NaN,NaN,NaN,0,0,NaN,0
21,91,1,2,2,0,NaN,NaN,NaN,NaN,NaN,0,0,NaN,0
21,92,1,2,1,0,NaN,NaN,NaN,NaN,NaN,0,0,NaN,0
21,93,1,2,1,1,312,616,888,328,1216,0,-10,0.694532139,0
21,94,1,2,2,0,NaN,NaN,NaN,NaN,NaN,0,0,NaN,0
21,95,1,2,2,0,NaN,NaN,NaN,NaN,NaN,0,0,NaN,0
21,96,1,2,1,0,NaN,NaN,NaN,NaN,NaN,0,0,NaN,0
21,97,1,2,1,0,NaN,NaN,NaN,NaN,NaN,0,0,NaN,0
21,98,1,2,2,0,NaN,NaN,NaN,NaN,NaN,0,0,NaN,0
21,99,1,2,2,0,NaN,NaN,NaN,NaN,NaN,0,0,NaN,0
21,100,1,2,1,0,NaN,NaN,NaN,NaN,NaN,0,0,NaN,0
21,101,1,2,2,0,NaN,NaN,NaN,NaN,NaN,0,0,NaN,0
21,102,1,2,1,0,NaN,NaN,NaN,NaN,NaN,0,0,NaN,0
21,103,1,2,2,1,249,508,796,368,1164,0,-8,0.67380733,0
21,104,1,2,1,0,NaN,NaN,NaN,NaN,NaN,0,0,NaN,0
21,105,1,2,2,0,NaN,NaN,NaN,NaN,NaN,0,0,NaN,0
21,106,1,2,1,0,NaN,NaN,NaN,NaN,NaN,0,0,NaN,0
21,107,1,2,1,0,NaN,NaN,NaN,NaN,NaN,0,0,NaN,0
21,108,1,2,2,1,247,518,774,344,1118,0,-3,0.660531701,0
21,109,1,2,1,0,NaN,NaN,NaN,NaN,NaN,0,0,NaN,0
21,110,1,2,1,0,NaN,NaN,NaN,NaN,NaN,0,0,NaN,0
21,111,1,2,2,0,NaN,NaN,NaN,NaN,NaN,0,0,NaN,0
21,112,1,2,1,1,242,540,806,304,1110,0,-2,0.695850681,0
21,113,1,2,2,0,NaN,NaN,NaN,NaN,NaN,0,0,NaN,0
21,114,1,2,1,1,267,548,788,344,1132,0,0,0.703560514,0
21,115,1,2,1,0,NaN,NaN,NaN,NaN,NaN,0,0,NaN,0
21,116,1,2,2,1,216,459,744,360,1104,0,0,0.675978507,0
21,117,1,2,2,0,NaN,NaN,NaN,NaN,NaN,0,0,NaN,0
21,118,1,2,2,1,237,462,708,280,988,0,0,0.661322578,0
21,119,1,2,2,0,NaN,NaN,NaN,NaN,NaN,0,0,NaN,0
21,120,1,2,2,0,NaN,NaN,NaN,NaN,NaN,0,0,NaN,0
21,121,1,1,1,1,268,532,736,216,952,0,-1,0.744791247,0
21,122,1,1,1,1,132,420,578,280,858,0,1,0.712051321,0
21,123,1,1,2,0,NaN,NaN,NaN,NaN,NaN,0,0,NaN,0
21,124,1,1,1,0,NaN,NaN,NaN,NaN,NaN,0,0,NaN,0
21,125,1,1,1,1,361,621,866,312,1178,0,-1,0.741393424,0
21,126,1,1,1,1,172,453,716,320,1036,0,1,0.726518055,0
21,127,1,1,2,1,98,536,762,376,1138,0,2,0.735382025,0
21,128,1,1,1,1,252,507,752,400,1152,0,3,0.665413366,0
21,129,1,1,2,1,202,448,714,424,1138,0,4,0.6717773,0
21,130,1,1,2,0,NaN,NaN,NaN,NaN,NaN,0,0,NaN,0
21,131,1,1,1,0,NaN,NaN,NaN,NaN,NaN,0,0,NaN,0
21,132,1,1,1,1,197,450,738,216,954,0,-1,0.690134051,0
21,133,1,1,2,1,251,495,750,320,1070,0,1,0.708849811,0
21,134,1,1,2,1,234,528,782,336,1118,0,2,0.722217352,0
21,135,1,1,2,1,183,448,666,336,1002,0,3,0.677457795,0
21,136,1,1,2,1,161,410,677,212,889,0,4,0.672668376,0
21,137,1,1,1,0,NaN,NaN,NaN,NaN,NaN,0,0,NaN,0
21,138,1,1,1,1,202,530,796,368,1164,0,0,0.628783898,0
21,139,1,1,1,0,NaN,NaN,NaN,NaN,NaN,0,0,NaN,0
21,140,1,1,2,1,196,430,678,384,1062,0,0,0.714227206,0
21,141,1,1,2,1,243,490,734,376,1110,0,1,0.645185165,0
21,142,1,1,2,0,NaN,NaN,NaN,NaN,NaN,0,0,NaN,0
21,143,1,1,2,1,182,387,616,280,896,0,0,0.621593364,0
21,144,1,1,1,1,294,547,764,232,996,0,1,0.735626547,0
21,145,1,1,2,1,177,399,668,312,980,0,2,0.62264052,0
21,146,1,1,2,1,214,446,742,360,1102,0,3,0.590500882,0
21,147,1,1,2,1,292,544,806,336,1142,0,4,0.646097189,0
21,148,1,1,2,1,225,460,774,264,1038,0,5,0.652643178,0
21,149,1,1,2,0,NaN,NaN,NaN,NaN,NaN,0,0,NaN,0
21,150,1,1,2,1,232,516,772,376,1148,0,0,0.678925306,0
21,151,1,1,2,1,243,473,720,280,1000,0,1,0.721582874,0
21,152,1,1,1,1,151,410,654,312,966,0,2,0.754807846,0
21,153,1,1,1,1,217,424,666,376,1042,0,3,0.542570807,0
21,154,1,1,2,0,NaN,NaN,NaN,NaN,NaN,0,0,NaN,0
21,155,1,1,1,1,204,468,766,384,1150,0,0,0.636387045,0
21,156,1,1,1,0,NaN,NaN,NaN,NaN,NaN,0,0,NaN,0
21,157,1,1,2,1,291,567,838,368,1206,0,0,0.702199711,0
21,158,1,1,1,1,185,488,742,248,990,0,1,0.697256819,0
21,159,1,1,1,1,160,415,690,280,970,0,2,0.665910137,0
21,160,1,1,1,1,173,418,702,296,998,0,3,0.663713515,0
21,161,1,1,1,1,169,448,726,288,1014,0,4,0.732753633,0
21,162,1,1,2,1,143,390,662,408,1070,0,5,0.750667811,0
21,163,1,1,1,1,173,444,738,440,1178,0,6,0.693232244,0
21,164,1,1,1,0,NaN,NaN,NaN,NaN,NaN,0,0,NaN,0
21,165,1,1,2,0,NaN,NaN,NaN,NaN,NaN,0,0,NaN,0
21,166,1,1,1,1,222,477,814,400,1214,0,-1,0.690217621,0
21,167,1,1,2,1,251,479,704,280,984,0,1,0.725289412,0
21,168,1,1,2,1,214,444,682,360,1042,0,2,0.638497209,0
21,169,1,1,2,1,164,406,680,392,1072,0,3,0.647646609,0
21,170,1,1,2,1,224,443,706,360,1066,0,4,0.620646806,0
21,171,1,1,1,1,216,481,716,344,1060,0,5,0.706531921,0
21,172,1,1,2,1,210,458,670,280,950,0,6,0.749917373,0
21,173,1,1,2,1,178,432,664,240,904,0,7,0.677409167,0
21,174,1,1,1,1,195,465,736,408,1144,0,8,0.662531969,0
21,175,1,1,2,0,NaN,NaN,NaN,NaN,NaN,0,0,NaN,0
21,176,1,1,1,1,201,529,826,448,1274,0,0,0.69063142,0
21,177,1,1,1,1,249,505,748,448,1196,0,1,0.679957307,0
21,178,1,1,1,0,NaN,NaN,NaN,NaN,NaN,0,0,NaN,0
21,179,1,1,1,0,NaN,NaN,NaN,NaN,NaN,0,0,NaN,0
21,180,1,1,1,1,269,579,788,480,1268,0,-1,0.706062437,0
21,181,1,1,2,1,195,389,628,304,932,0,1,0.66045897,0
21,182,1,1,2,1,178,412,594,336,930,0,2,0.68502815,0
21,183,1,1,2,1,201,421,632,304,936,0,3,0.618437637,0
21,184,1,1,2,1,145,380,640,256,896,0,4,0.656246215,0
21,185,1,1,1,1,149,445,704,408,1112,0,5,0.743753783,0
21,186,1,1,1,0,NaN,NaN,NaN,NaN,NaN,0,0,NaN,0
21,187,1,1,1,1,220,429,650,370,1020,0,0,0.592398651,0
21,188,1,1,1,1,195,443,770,414,1184,0,1,0.565212803,0
21,189,1,1,1,1,250,550,790,360,1150,0,2,0.692083423,0
21,190,1,1,2,1,230,462,680,416,1096,0,3,0.689770462,0
21,191,1,1,2,1,204,436,692,352,1044,0,4,0.643626202,0
21,192,1,1,1,0,NaN,NaN,NaN,NaN,NaN,0,0,NaN,0
21,193,1,1,1,1,205,459,716,336,1052,0,0,0.714378797,0
21,194,1,1,2,1,210,472,692,320,1012,0,1,0.739677829,0
21,195,1,1,2,1,179,412,632,336,968,0,2,0.69164875,0
21,196,1,1,2,0,NaN,NaN,NaN,NaN,NaN,0,0,NaN,0
21,197,1,1,2,1,196,458,714,294,1008,0,0,0.673697207,0
21,198,1,1,1,1,314,577,852,360,1212,0,1,0.676599155,0
21,199,1,1,1,1,292,556,792,304,1096,0,2,0.57594653,0
21,200,1,1,2,1,209,413,668,248,916,0,3,0.685689388,0
21,201,1,1,1,1,191,454,686,200,886,0,4,0.73203986,0
21,202,1,1,2,1,175,412,654,248,902,0,5,0.719276293,0
21,203,1,1,2,1,261,489,662,280,942,0,6,0.691639133,0
21,204,1,1,1,1,254,480,700,280,980,0,7,0.754739784,0
21,205,1,1,1,1,199,414,582,328,910,0,8,0.625518218,0
21,206,1,1,2,1,201,413,664,232,896,0,9,0.686038378,0
21,207,1,1,2,1,197,382,532,328,860,0,10,0.571503457,0
21,208,1,1,1,1,161,420,618,336,954,0,11,0.675797243,0
21,209,1,1,1,0,NaN,NaN,NaN,NaN,NaN,0,0,NaN,0
21,210,1,1,2,1,262,511,692,320,1012,0,0,0.713682093,0
21,211,1,1,2,0,NaN,NaN,NaN,NaN,NaN,0,0,NaN,0
21,212,1,1,1,1,193,436,686,296,982,0,0,0.726655069,0
21,213,1,1,2,1,175,380,634,312,946,0,1,0.679677284,0
21,214,1,1,1,1,138,412,626,408,1034,0,2,0.706972101,0
21,215,1,1,2,1,125,401,656,344,1000,0,3,0.697074876,0
21,216,1,1,1,0,NaN,NaN,NaN,NaN,NaN,0,0,NaN,0
21,217,1,1,2,1,184,438,732,320,1052,0,0,0.695942215,0
21,218,1,1,2,0,NaN,NaN,NaN,NaN,NaN,0,0,NaN,0
21,219,1,1,1,1,173,445,668,312,980,0,0,0.731550403,0
21,220,1,1,2,1,190,405,630,248,878,0,1,0.714563534,0
21,221,1,1,2,1,178,408,610,256,866,0,2,0.676537794,0
21,222,1,1,1,0,NaN,NaN,NaN,NaN,NaN,0,0,NaN,0
21,223,1,1,1,1,199,429,650,312,962,0,0,0.620856893,0
21,224,1,1,1,1,307,619,832,376,1208,0,1,0.563671913,0
21,225,1,1,2,1,140,409,652,312,964,0,2,0.722956312,0
21,226,1,1,2,0,NaN,NaN,NaN,NaN,NaN,0,0,NaN,0
21,227,1,1,1,0,NaN,NaN,NaN,NaN,NaN,0,0,NaN,0
21,228,1,1,1,1,180,492,746,368,1114,0,-1,0.737181367,0
21,229,1,1,1,1,184,418,658,296,954,0,1,0.62202857,0
21,230,1,1,1,0,NaN,NaN,NaN,NaN,NaN,0,0,NaN,0
21,231,1,1,1,1,288,459,684,280,964,0,0,0.613926463,0
21,232,1,1,2,0,NaN,NaN,NaN,NaN,NaN,0,0,NaN,0
21,233,1,1,1,0,NaN,NaN,NaN,NaN,NaN,0,0,NaN,0
21,234,1,1,1,1,239,502,728,328,1056,0,-1,0.66128135,0
21,235,1,1,1,1,283,563,730,296,1026,0,1,0.629071117,0
21,236,1,1,2,0,NaN,NaN,NaN,NaN,NaN,0,0,NaN,0
21,237,1,1,1,1,263,514,752,392,1144,0,0,0.685927423,0
21,238,1,1,2,1,225,510,728,200,928,0,1,0.715273276,0
21,239,1,1,2,1,203,482,722,280,1002,0,2,0.718332106,0
21,240,1,1,2,0,NaN,NaN,NaN,NaN,NaN,0,0,NaN,0
22,1,1,1,1,1,149,348,512,248,760,0,0,0.715917083,0
22,2,1,1,1,1,138,323,484,208,692,0,1,0.63250984,0
22,3,1,1,1,0,NaN,NaN,NaN,NaN,NaN,0,0,NaN,0
22,4,1,1,2,1,160,375,600,248,848,0,0,0.724385253,0
22,5,1,1,2,1,175,356,542,232,774,0,1,0.676933925,0
22,6,1,1,1,1,123,330,518,216,734,0,2,0.764765544,0
22,7,1,1,1,1,240,440,618,200,818,0,3,0.717785313,0
22,8,1,1,2,1,124,349,512,216,728,0,4,0.652141285,0
22,9,1,1,1,1,167,368,536,224,760,0,5,0.735789408,0
22,10,1,1,2,0,NaN,NaN,NaN,NaN,NaN,0,0,NaN,0
22,11,1,1,1,0,NaN,NaN,NaN,NaN,NaN,0,0,NaN,0
22,12,1,1,2,0,NaN,NaN,NaN,NaN,NaN,0,0,NaN,0
22,13,1,1,1,1,180,419,574,216,790,0,-2,0.754768902,0
22,14,1,1,2,0,NaN,NaN,NaN,NaN,NaN,0,0,NaN,0
22,15,1,1,1,0,NaN,NaN,NaN,NaN,NaN,0,0,NaN,0
22,16,1,1,1,1,141,345,512,232,744,0,-1,0.788812325,0
22,17,1,1,2,1,174,354,502,216,718,0,1,0.679396497,0
22,18,1,1,2,1,147,311,462,240,702,0,2,0.682590628,0
22,19,1,1,1,0,NaN,NaN,NaN,NaN,NaN,0,0,NaN,0
22,20,1,1,1,1,157,371,552,224,776,0,0,0.794497515,0
22,21,1,1,1,1,163,404,566,232,798,0,1,0.777090306,0
22,22,1,1,2,1,55,192,372,216,588,0,2,0.550988632,0
22,23,1,1,1,1,207,403,542,224,766,0,3,0.738063451,0
22,24,1,1,2,1,168,382,556,208,764,0,4,0.685858073,0
22,25,1,1,2,1,143,343,496,232,728,0,5,0.656368792,0
22,26,1,1,1,0,NaN,NaN,NaN,NaN,NaN,0,0,NaN,0
22,27,1,1,2,0,NaN,NaN,NaN,NaN,NaN,0,0,NaN,0
22,28,1,1,2,1,154,286,434,216,650,0,-1,0.593738862,0
22,29,1,1,2,1,149,263,398,216,614,0,1,0.660671035,0
22,30,1,1,1,1,135,394,560,240,800,0,2,0.82152647,0
22,31,1,1,2,1,152,362,540,232,772,0,3,0.653584664,0
22,32,1,1,2,0,NaN,NaN,NaN,NaN,NaN,0,0,NaN,0
22,33,1,1,1,1,191,373,518,200,718,0,0,0.750662847,0
22,34,1,1,2,1,171,310,456,232,688,0,1,0.642250862,0
22,35,1,1,2,0,NaN,NaN,NaN,NaN,NaN,0,0,NaN,0
22,36,1,1,1,1,321,430,598,200,798,0,0,0.615792017,0
22,37,1,1,1,0,NaN,NaN,NaN,NaN,NaN,0,0,NaN,0
22,38,1,1,2,1,171,361,520,232,752,0,0,0.706082116,0
22,39,1,1,1,1,157,333,486,232,718,0,1,0.701963372,0
22,40,1,1,1,1,156,338,482,216,698,0,2,0.716903361,0
22,41,1,1,1,1,127,305,466,120,586,0,3,0.729632888,0
22,42,1,1,1,1,241,443,576,200,776,0,4,0.816709636,0
22,43,1,1,1,0,NaN,NaN,NaN,NaN,NaN,0,0,NaN,0
22,44,1,1,2,1,275,426,610,136,746,0,0,0.673386572,0
22,45,1,1,2,1,192,370,516,200,716,0,1,0.67349021,0
22,46,1,1,2,0,NaN,NaN,NaN,NaN,NaN,0,0,NaN,0
22,47,1,1,2,1,115,314,454,168,622,0,0,0.687091994,0
22,48,1,1,1,1,133,270,420,136,556,0,1,0.658196869,0
22,49,1,1,2,1,176,357,490,144,634,0,2,0.631270565,0
22,50,1,1,1,1,249,454,606,176,782,0,3,0.775284813,0
22,51,1,1,2,1,135,311,478,184,662,0,4,0.603946578,0
22,52,1,1,2,1,178,330,478,192,670,0,5,0.650593929,0
22,53,1,1,1,1,NaN,NaN,374,184,558,0,6,NaN,1
22,54,1,1,1,1,150,266,392,184,576,0,7,0.58433885,0
22,55,1,1,2,1,145,295,448,224,672,0,8,0.51507955,0
22,56,1,1,2,1,249,437,602,224,826,0,9,0.636115547,0
22,57,1,1,2,1,193,388,544,192,736,0,10,0.642251034,0
22,58,1,1,1,1,240,416,590,152,742,0,11,0.735789178,0
22,59,1,1,1,0,NaN,NaN,NaN,NaN,NaN,0,0,NaN,0
22,60,1,1,2,1,226,356,512,184,696,0,0,0.588136111,0
22,61,1,1,1,0,NaN,NaN,NaN,NaN,NaN,0,0,NaN,0
22,62,1,1,2,1,158,330,462,216,678,0,0,0.569171512,0
22,63,1,1,2,1,154,265,380,192,572,0,1,0.585827927,0
22,64,1,1,1,0,NaN,NaN,NaN,NaN,NaN,0,0,NaN,0
22,65,1,1,1,1,226,430,606,168,774,0,0,0.784811605,0
22,66,1,1,2,1,142,276,430,176,606,0,1,0.595525444,0
22,67,1,1,2,1,228,406,532,216,748,0,2,0.67551419,0
22,68,1,1,1,1,222,425,592,176,768,0,3,0.757411641,0
22,69,1,1,2,1,175,352,494,240,734,0,4,0.59204734,0
22,70,1,1,1,1,157,323,472,122,594,0,5,0.657850662,0
22,71,1,1,2,1,151,296,460,208,668,0,6,0.642165341,0
22,72,1,1,1,1,155,280,436,240,676,0,7,0.607897302,0
22,73,1,1,2,1,NaN,NaN,320,208,528,0,8,NaN,1
22,74,1,1,2,1,119,296,482,184,666,0,9,0.610671198,0
22,75,1,1,1,1,144,329,488,152,640,0,10,0.673109579,0
22,76,1,1,1,0,NaN,NaN,NaN,NaN,NaN,0,0,NaN,0
22,77,1,1,2,1,268,421,608,144,752,0,0,0.588433244,0
22,78,1,1,1,1,121,260,402,168,570,0,1,0.662260964,0
22,79,1,1,1,0,NaN,NaN,NaN,NaN,NaN,0,0,NaN,0
22,80,1,1,2,1,166,349,512,200,712,0,0,0.637371221,0
22,81,1,1,2,1,194,423,594,168,762,0,1,0.67806788,0
22,82,1,1,2,0,NaN,NaN,NaN,NaN,NaN,0,0,NaN,0
22,83,1,1,2,1,139,288,426,192,618,0,0,0.611319917,0
22,84,1,1,2,1,248,431,572,200,772,0,1,0.644056749,0
22,85,1,1,1,1,133,271,426,192,618,0,2,0.668785804,0
22,86,1,1,1,1,148,322,458,216,674,0,3,0.69407586,0
22,87,1,1,1,1,129,371,504,224,728,0,4,0.684882183,0
22,88,1,1,2,0,NaN,NaN,NaN,NaN,NaN,0,0,NaN,0
22,89,1,1,2,1,129,281,416,168,584,0,0,0.602596174,0
22,90,1,1,2,0,NaN,NaN,NaN,NaN,NaN,0,0,NaN,0
22,91,1,1,2,0,NaN,NaN,NaN,NaN,NaN,0,0,NaN,0
22,92,1,1,1,1,174,331,488,134,622,0,-1,0.686241117,0
22,93,1,1,1,1,215,365,524,168,692,0,1,0.64540438,0
22,94,1,1,1,1,164,368,498,200,698,0,2,0.68293918,0
22,95,1,1,2,1,156,323,472,120,592,0,3,0.605247212,0
22,96,1,1,1,1,132,286,420,152,572,0,4,0.706851552,0
22,97,1,1,1,1,128,288,432,152,584,0,5,0.675105063,0
22,98,1,1,2,1,110,234,350,144,494,0,6,0.400090976,0
22,99,1,1,1,1,148,373,532,136,668,0,7,0.724382166,0
22,100,1,1,2,1,254,439,586,200,786,0,8,0.625135624,0
22,101,1,1,1,1,130,381,532,192,724,0,9,0.731823744,0
22,102,1,1,1,0,NaN,NaN,NaN,NaN,NaN,0,0,NaN,0
22,103,1,1,2,1,162,282,412,144,556,0,0,0.577259029,0
22,104,1,1,1,1,144,309,448,192,640,0,1,0.75055177,0
22,105,1,1,2,1,119,316,478,200,678,0,2,0.628113558,0
22,106,1,1,1,1,229,452,604,200,804,0,3,0.688285227,0
22,107,1,1,1,0,NaN,NaN,NaN,NaN,NaN,0,0,NaN,0
22,108,1,1,1,1,257,484,632,184,816,0,0,0.821038061,0
22,109,1,1,1,0,NaN,NaN,NaN,NaN,NaN,0,0,NaN,0
22,110,1,1,1,1,134,343,502,184,686,0,0,0.626653534,0
22,111,1,1,2,1,175,390,552,144,696,0,1,0.681837943,0
22,112,1,1,2,1,259,448,584,176,760,0,2,0.659677599,0
22,113,1,1,2,1,185,353,496,144,640,0,3,0.636141478,0
22,114,1,1,1,0,NaN,NaN,NaN,NaN,NaN,0,0,NaN,0
22,115,1,1,2,1,259,426,574,168,742,0,0,0.679127652,0
22,116,1,1,1,1,155,333,492,136,628,0,1,0.707983947,0
22,117,1,1,2,0,NaN,NaN,NaN,NaN,NaN,0,0,NaN,0
22,118,1,1,2,0,NaN,NaN,NaN,NaN,NaN,0,0,NaN,0
22,119,1,1,2,0,NaN,NaN,NaN,NaN,NaN,0,0,NaN,0
22,120,1,1,1,1,151,351,500,120,620,0,-2,0.805106758,0
22,121,1,2,2,0,NaN,NaN,NaN,NaN,NaN,0,0,NaN,0
22,122,1,2,2,1,210,367,502,112,614,0,0,0.716716619,0
22,123,1,2,2,1,191,406,540,136,676,0,1,0.699853277,0
22,124,1,2,1,0,NaN,NaN,NaN,NaN,NaN,0,0,NaN,0
22,125,1,2,2,0,NaN,NaN,NaN,NaN,NaN,0,0,NaN,0
22,126,1,2,1,1,139,353,502,104,606,0,-1,0.804584269,0
22,127,1,2,2,0,NaN,NaN,NaN,NaN,NaN,0,0,NaN,0
22,128,1,2,2,0,NaN,NaN,NaN,NaN,NaN,0,0,NaN,0
22,129,1,2,1,0,NaN,NaN,NaN,NaN,NaN,0,0,NaN,0
22,130,1,2,1,1,209,416,572,144,716,0,-2,0.773694776,0
22,131,1,2,2,1,157,348,488,160,648,0,1,0.686525565,0
22,132,1,2,2,0,NaN,NaN,NaN,NaN,NaN,0,0,NaN,0
22,133,1,2,2,0,NaN,NaN,NaN,NaN,NaN,0,0,NaN,0
22,134,1,2,2,0,NaN,NaN,NaN,NaN,NaN,0,0,NaN,0
22,135,1,2,2,0,NaN,NaN,NaN,NaN,NaN,0,0,NaN,0
22,136,1,2,2,0,NaN,NaN,NaN,NaN,NaN,0,0,NaN,0
22,137,1,2,1,0,NaN,NaN,NaN,NaN,NaN,0,0,NaN,0
22,138,1,2,1,1,186,396,542,160,702,0,-5,0.801078661,0
22,139,1,2,1,0,NaN,NaN,NaN,NaN,NaN,0,0,NaN,0
22,140,1,2,1,1,149,358,490,184,674,0,0,0.794850565,0
22,141,1,2,2,1,256,449,636,155,791,0,1,0.64927696,0
22,142,1,2,2,0,NaN,NaN,NaN,NaN,NaN,0,0,NaN,0
22,143,1,2,1,0,NaN,NaN,NaN,NaN,NaN,0,0,NaN,0
22,144,1,2,1,0,NaN,NaN,NaN,NaN,NaN,0,0,NaN,0
22,145,1,2,1,0,NaN,NaN,NaN,NaN,NaN,0,0,NaN,0
22,146,1,2,2,1,145,368,536,126,662,0,-3,0.754032126,0
22,147,1,2,2,0,NaN,NaN,NaN,NaN,NaN,0,0,NaN,0
22,148,1,2,1,0,NaN,NaN,NaN,NaN,NaN,0,0,NaN,0
22,149,1,2,1,0,NaN,NaN,NaN,NaN,NaN,0,0,NaN,0
22,150,1,2,1,0,NaN,NaN,NaN,NaN,NaN,0,0,NaN,0
22,151,1,2,1,0,NaN,NaN,NaN,NaN,NaN,0,0,NaN,0
22,152,1,2,2,0,NaN,NaN,NaN,NaN,NaN,0,0,NaN,0
22,153,1,2,2,0,NaN,NaN,NaN,NaN,NaN,0,0,NaN,0
22,154,1,2,2,1,181,359,524,168,692,0,-6,0.721160819,0
22,155,1,2,1,0,NaN,NaN,NaN,NaN,NaN,0,0,NaN,0
22,156,1,2,2,0,NaN,NaN,NaN,NaN,NaN,0,0,NaN,0
22,157,1,2,1,0,NaN,NaN,NaN,NaN,NaN,0,0,NaN,0
22,158,1,2,1,0,NaN,NaN,NaN,NaN,NaN,0,0,NaN,0
22,159,1,2,2,0,NaN,NaN,NaN,NaN,NaN,0,0,NaN,0
22,160,1,2,2,0,NaN,NaN,NaN,NaN,NaN,0,0,NaN,0
22,161,1,2,2,1,193,368,508,160,668,0,-5,0.672667089,0
22,162,1,2,1,0,NaN,NaN,NaN,NaN,NaN,0,0,NaN,0
22,163,1,2,1,0,NaN,NaN,NaN,NaN,NaN,0,0,NaN,0
22,164,1,2,1,1,135,350,470,160,630,0,-1,0.857793678,0
22,165,1,2,2,0,NaN,NaN,NaN,NaN,NaN,0,0,NaN,0
22,166,1,2,1,0,NaN,NaN,NaN,NaN,NaN,0,0,NaN,0
22,167,1,2,1,1,187,379,520,136,656,0,-1,0.777494256,0
22,168,1,2,2,0,NaN,NaN,NaN,NaN,NaN,0,0,NaN,0
22,169,1,2,2,0,NaN,NaN,NaN,NaN,NaN,0,0,NaN,0
22,170,1,2,1,1,169,380,516,152,668,0,-1,0.872714077,0
22,171,1,2,2,0,NaN,NaN,NaN,NaN,NaN,0,0,NaN,0
22,172,1,2,2,0,NaN,NaN,NaN,NaN,NaN,0,0,NaN,0
22,173,1,2,1,0,NaN,NaN,NaN,NaN,NaN,0,0,NaN,0
22,174,1,2,1,0,NaN,NaN,NaN,NaN,NaN,0,0,NaN,0
22,175,1,2,1,1,183,358,504,176,680,0,-3,0.82586908,0
22,176,1,2,1,0,NaN,NaN,NaN,NaN,NaN,0,0,NaN,0
22,177,1,2,1,0,NaN,NaN,NaN,NaN,NaN,0,0,NaN,0
22,178,1,2,1,0,NaN,NaN,NaN,NaN,NaN,0,0,NaN,0
22,179,1,2,2,0,NaN,NaN,NaN,NaN,NaN,0,0,NaN,0
22,180,1,2,2,0,NaN,NaN,NaN,NaN,NaN,0,0,NaN,0
22,181,1,2,1,0,NaN,NaN,NaN,NaN,NaN,0,0,NaN,0
22,182,1,2,1,0,NaN,NaN,NaN,NaN,NaN,0,0,NaN,0
22,183,1,2,2,1,160,319,476,160,636,0,-6,0.68948818,0
22,184,1,2,2,0,NaN,NaN,NaN,NaN,NaN,0,0,NaN,0
22,185,1,2,1,1,210,403,538,160,698,0,0,0.833734682,0
22,186,1,2,1,1,187,388,514,152,666,0,1,0.731618003,0
22,187,1,2,2,0,NaN,NaN,NaN,NaN,NaN,0,0,NaN,0
22,188,1,2,1,0,NaN,NaN,NaN,NaN,NaN,0,0,NaN,0
22,189,1,2,1,0,NaN,NaN,NaN,NaN,NaN,0,0,NaN,0
22,190,1,2,2,0,NaN,NaN,NaN,NaN,NaN,0,0,NaN,0
22,191,1,2,1,0,NaN,NaN,NaN,NaN,NaN,0,0,NaN,0
22,192,1,2,2,1,158,294,456,168,624,0,-4,0.576580131,0
22,193,1,2,2,0,NaN,NaN,NaN,NaN,NaN,0,0,NaN,0
22,194,1,2,1,0,NaN,NaN,NaN,NaN,NaN,0,0,NaN,0
22,195,1,2,2,1,174,358,510,176,686,0,-1,0.708125088,0
22,196,1,2,2,0,NaN,NaN,NaN,NaN,NaN,0,0,NaN,0
22,197,1,2,2,0,NaN,NaN,NaN,NaN,NaN,0,0,NaN,0
22,198,1,2,1,0,NaN,NaN,NaN,NaN,NaN,0,0,NaN,0
22,199,1,2,1,0,NaN,NaN,NaN,NaN,NaN,0,0,NaN,0
22,200,1,2,1,0,NaN,NaN,NaN,NaN,NaN,0,0,NaN,0
22,201,1,2,1,0,NaN,NaN,NaN,NaN,NaN,0,0,NaN,0
22,202,1,2,1,0,NaN,NaN,NaN,NaN,NaN,0,0,NaN,0
22,203,1,2,1,0,NaN,NaN,NaN,NaN,NaN,0,0,NaN,0
22,204,1,2,1,0,NaN,NaN,NaN,NaN,NaN,0,0,NaN,0
22,205,1,2,2,0,NaN,NaN,NaN,NaN,NaN,0,0,NaN,0
22,206,1,2,2,0,NaN,NaN,NaN,NaN,NaN,0,0,NaN,0
22,207,1,2,1,0,NaN,NaN,NaN,NaN,NaN,0,0,NaN,0
22,208,1,2,2,0,NaN,NaN,NaN,NaN,NaN,0,0,NaN,0
22,209,1,2,2,0,NaN,NaN,NaN,NaN,NaN,0,0,NaN,0
22,210,1,2,1,1,204,393,532,184,716,0,-13,0.862940512,0
22,211,1,2,1,0,NaN,NaN,NaN,NaN,NaN,0,0,NaN,0
22,212,1,2,2,0,NaN,NaN,NaN,NaN,NaN,0,0,NaN,0
22,213,1,2,2,1,200,370,522,112,634,0,-1,0.673217854,0
22,214,1,2,1,0,NaN,NaN,NaN,NaN,NaN,0,0,NaN,0
22,215,1,2,2,0,NaN,NaN,NaN,NaN,NaN,0,0,NaN,0
22,216,1,2,2,0,NaN,NaN,NaN,NaN,NaN,0,0,NaN,0
22,217,1,2,1,0,NaN,NaN,NaN,NaN,NaN,0,0,NaN,0
22,218,1,2,1,0,NaN,NaN,NaN,NaN,NaN,0,0,NaN,0
22,219,1,2,2,0,NaN,NaN,NaN,NaN,NaN,0,0,NaN,0
22,220,1,2,1,1,206,438,599,142,741,0,-5,0.82726024,0
22,221,1,2,2,1,253,462,612,152,764,0,1,0.629128702,0
22,222,1,2,2,0,NaN,NaN,NaN,NaN,NaN,0,0,NaN,0
22,223,1,2,2,0,NaN,NaN,NaN,NaN,NaN,0,0,NaN,0
22,224,1,2,1,0,NaN,NaN,NaN,NaN,NaN,0,0,NaN,0
22,225,1,2,1,1,167,371,502,160,662,0,-2,0.761330792,0
22,226,1,2,1,1,149,361,500,152,652,0,1,0.73444684,0
22,227,1,2,2,1,156,324,492,136,628,0,2,0.702059627,0
22,228,1,2,2,0,NaN,NaN,NaN,NaN,NaN,0,0,NaN,0
22,229,1,2,2,0,NaN,NaN,NaN,NaN,NaN,0,0,NaN,0
22,230,1,2,1,1,81,337,476,176,652,0,-1,0.716026001,0
22,231,1,2,2,1,149,366,542,160,702,0,1,0.702810733,0
22,232,1,2,1,1,130,311,432,176,608,0,2,0.678690024,0
22,233,1,2,1,0,NaN,NaN,NaN,NaN,NaN,0,0,NaN,0
22,234,1,2,2,0,NaN,NaN,NaN,NaN,NaN,0,0,NaN,0
22,235,1,2,2,0,NaN,NaN,NaN,NaN,NaN,0,0,NaN,0
22,236,1,2,1,0,NaN,NaN,NaN,NaN,NaN,0,0,NaN,0
22,237,1,2,2,0,NaN,NaN,NaN,NaN,NaN,0,0,NaN,0
22,238,1,2,2,0,NaN,NaN,NaN,NaN,NaN,0,0,NaN,0
22,239,1,2,2,0,NaN,NaN,NaN,NaN,NaN,0,0,NaN,0
22,240,1,2,1,0,NaN,NaN,NaN,NaN,NaN,0,0,NaN,0
23,1,1,2,2,0,NaN,NaN,NaN,NaN,NaN,0,0,NaN,0
23,2,1,2,1,0,NaN,NaN,NaN,NaN,NaN,0,0,NaN,0
23,3,1,2,2,0,NaN,NaN,NaN,NaN,NaN,0,0,NaN,0
23,4,1,2,1,0,NaN,NaN,NaN,NaN,NaN,0,0,NaN,0
23,5,1,2,1,1,245,445,680,320,1000,0,-3,0.773629191,0
23,6,1,2,2,1,291,509,744,360,1104,0,1,0.889674191,0
23,7,1,2,1,0,NaN,NaN,NaN,NaN,NaN,0,0,NaN,0
23,8,1,2,1,0,NaN,NaN,NaN,NaN,NaN,0,0,NaN,0
23,9,1,2,1,0,NaN,NaN,NaN,NaN,NaN,0,0,NaN,0
23,10,1,2,1,0,NaN,NaN,NaN,NaN,NaN,0,0,NaN,0
23,11,1,2,2,0,NaN,NaN,NaN,NaN,NaN,0,0,NaN,0
23,12,1,2,2,0,NaN,NaN,NaN,NaN,NaN,0,0,NaN,0
23,13,1,2,1,0,NaN,NaN,NaN,NaN,NaN,0,0,NaN,0
23,14,1,2,1,0,NaN,NaN,NaN,NaN,NaN,0,0,NaN,0
23,15,1,2,2,0,NaN,NaN,NaN,NaN,NaN,0,0,NaN,0
23,16,1,2,1,0,NaN,NaN,NaN,NaN,NaN,0,0,NaN,0
23,17,1,2,2,0,NaN,NaN,NaN,NaN,NaN,0,0,NaN,0
23,18,1,2,1,0,NaN,NaN,NaN,NaN,NaN,0,0,NaN,0
23,19,1,2,1,0,NaN,NaN,NaN,NaN,NaN,0,0,NaN,0
23,20,1,2,2,0,NaN,NaN,NaN,NaN,NaN,0,0,NaN,0
23,21,1,2,1,0,NaN,NaN,NaN,NaN,NaN,0,0,NaN,0
23,22,1,2,1,1,255,472,686,312,998,0,-14,0.812865336,0
23,23,1,2,2,1,205,401,620,288,908,0,1,0.913795823,0
23,24,1,2,2,0,NaN,NaN,NaN,NaN,NaN,0,0,NaN,0
23,25,1,2,1,1,170,362,526,280,806,0,0,0.837332878,0
23,26,1,2,2,0,NaN,NaN,NaN,NaN,NaN,0,0,NaN,0
23,27,1,2,2,0,NaN,NaN,NaN,NaN,NaN,0,0,NaN,0
23,28,1,2,2,1,236,440,606,328,934,0,-1,0.881703038,0
23,29,1,2,2,1,214,440,614,288,902,0,1,0.83778588,0
23,30,1,2,2,0,NaN,NaN,NaN,NaN,NaN,0,0,NaN,0
23,31,1,2,1,0,NaN,NaN,NaN,NaN,NaN,0,0,NaN,0
23,32,1,2,1,0,NaN,NaN,NaN,NaN,NaN,0,0,NaN,0
23,33,1,2,1,1,238,429,626,280,906,0,-2,0.850689106,0
23,34,1,2,2,0,NaN,NaN,NaN,NaN,NaN,0,0,NaN,0
23,35,1,2,1,0,NaN,NaN,NaN,NaN,NaN,0,0,NaN,0
23,36,1,2,2,0,NaN,NaN,NaN,NaN,NaN,0,0,NaN,0
23,37,1,2,2,0,NaN,NaN,NaN,NaN,NaN,0,0,NaN,0
23,38,1,2,2,1,239,435,626,312,938,0,-3,0.906700481,0
23,39,1,2,2,0,NaN,NaN,NaN,NaN,NaN,0,0,NaN,0
23,40,1,2,2,1,207,399,584,296,880,0,0,0.781396153,0
23,41,1,2,2,0,NaN,NaN,NaN,NaN,NaN,0,0,NaN,0
23,42,1,2,1,0,NaN,NaN,NaN,NaN,NaN,0,0,NaN,0
23,43,1,2,2,1,250,442,620,328,948,0,-1,0.867928222,0
23,44,1,2,1,1,263,484,658,264,922,0,1,0.852531288,0
23,45,1,2,2,0,NaN,NaN,NaN,NaN,NaN,0,0,NaN,0
23,46,1,2,1,0,NaN,NaN,NaN,NaN,NaN,0,0,NaN,0
23,47,1,2,2,0,NaN,NaN,NaN,NaN,NaN,0,0,NaN,0
23,48,1,2,1,1,211,374,580,282,862,0,-2,0.844571842,0
23,49,1,2,1,0,NaN,NaN,NaN,NaN,NaN,0,0,NaN,0
23,50,1,2,1,0,NaN,NaN,NaN,NaN,NaN,0,0,NaN,0
23,51,1,2,1,1,284,477,668,288,956,0,-1,0.857711591,0
23,52,1,2,2,0,NaN,NaN,NaN,NaN,NaN,0,0,NaN,0
23,53,1,2,1,1,246,411,576,264,840,0,0,0.911462809,0
23,54,1,2,1,0,NaN,NaN,NaN,NaN,NaN,0,0,NaN,0
23,55,1,2,2,0,NaN,NaN,NaN,NaN,NaN,0,0,NaN,0
23,56,1,2,2,0,NaN,NaN,NaN,NaN,NaN,0,0,NaN,0
23,57,1,2,1,0,NaN,NaN,NaN,NaN,NaN,0,0,NaN,0
23,58,1,2,1,0,NaN,NaN,NaN,NaN,NaN,0,0,NaN,0
23,59,1,2,2,0,NaN,NaN,NaN,NaN,NaN,0,0,NaN,0
23,60,1,2,2,0,NaN,NaN,NaN,NaN,NaN,0,0,NaN,0
23,61,1,2,2,1,258,466,680,344,1024,0,-6,0.864035273,0
23,62,1,2,1,0,NaN,NaN,NaN,NaN,NaN,0,0,NaN,0
23,63,1,2,2,0,NaN,NaN,NaN,NaN,NaN,0,0,NaN,0
23,64,1,2,2,0,NaN,NaN,NaN,NaN,NaN,0,0,NaN,0
23,65,1,2,1,0,NaN,NaN,NaN,NaN,NaN,0,0,NaN,0
23,66,1,2,2,0,NaN,NaN,NaN,NaN,NaN,0,0,NaN,0
23,67,1,2,2,1,220,437,644,320,964,0,-4,0.845961234,0
23,68,1,2,1,0,NaN,NaN,NaN,NaN,NaN,0,0,NaN,0
23,69,1,2,2,0,NaN,NaN,NaN,NaN,NaN,0,0,NaN,0
23,70,1,2,1,0,NaN,NaN,NaN,NaN,NaN,0,0,NaN,0
23,71,1,2,2,1,294,487,680,272,952,0,-2,0.821678354,0
23,72,1,2,1,1,199,406,612,288,900,0,1,0.770476342,0
23,73,1,2,1,0,NaN,NaN,NaN,NaN,NaN,0,0,NaN,0
23,74,1,2,2,0,NaN,NaN,NaN,NaN,NaN,0,0,NaN,0
23,75,1,2,2,1,296,496,684,296,980,0,-1,0.875674173,0
23,76,1,2,1,0,NaN,NaN,NaN,NaN,NaN,0,0,NaN,0
23,77,1,2,2,0,NaN,NaN,NaN,NaN,NaN,0,0,NaN,0
23,78,1,2,1,0,NaN,NaN,NaN,NaN,NaN,0,0,NaN,0
23,79,1,2,1,0,NaN,NaN,NaN,NaN,NaN,0,0,NaN,0
23,80,1,2,1,1,210,402,594,280,874,0,-3,0.788377662,0
23,81,1,2,2,1,225,414,584,328,912,0,1,0.8279604,0
23,82,1,2,1,0,NaN,NaN,NaN,NaN,NaN,0,0,NaN,0
23,83,1,2,1,1,189,413,604,232,836,0,0,0.859029386,0
23,84,1,2,2,0,NaN,NaN,NaN,NaN,NaN,0,0,NaN,0
23,85,1,2,2,0,NaN,NaN,NaN,NaN,NaN,0,0,NaN,0
23,86,1,2,2,0,NaN,NaN,NaN,NaN,NaN,0,0,NaN,0
23,87,1,2,1,0,NaN,NaN,NaN,NaN,NaN,0,0,NaN,0
23,88,1,2,1,0,NaN,NaN,NaN,NaN,NaN,0,0,NaN,0
23,89,1,2,2,0,NaN,NaN,NaN,NaN,NaN,0,0,NaN,0
23,90,1,2,2,1,272,424,616,296,912,0,-5,0.733558484,0
23,91,1,2,2,1,257,439,616,328,944,0,1,0.830219213,0
23,92,1,2,2,0,NaN,NaN,NaN,NaN,NaN,0,0,NaN,0
23,93,1,2,1,1,275,445,606,232,838,0,0,0.822947641,0
23,94,1,2,1,0,NaN,NaN,NaN,NaN,NaN,0,0,NaN,0
23,95,1,2,1,0,NaN,NaN,NaN,NaN,NaN,0,0,NaN,0
23,96,1,2,1,1,230,442,652,280,932,0,-1,0.819810326,0
23,97,1,2,2,0,NaN,NaN,NaN,NaN,NaN,0,0,NaN,0
23,98,1,2,1,1,564,739,922,216,1138,0,0,0.876518118,0
23,99,1,2,2,0,NaN,NaN,NaN,NaN,NaN,0,0,NaN,0
23,100,1,2,1,1,456,678,890,208,1098,0,0,0.826643038,0
23,101,1,2,1,0,NaN,NaN,NaN,NaN,NaN,0,0,NaN,0
23,102,1,2,1,0,NaN,NaN,NaN,NaN,NaN,0,0,NaN,0
23,103,1,2,1,0,NaN,NaN,NaN,NaN,NaN,0,0,NaN,0
23,104,1,2,2,0,NaN,NaN,NaN,NaN,NaN,0,0,NaN,0
23,105,1,2,1,0,NaN,NaN,NaN,NaN,NaN,0,0,NaN,0
23,106,1,2,2,0,NaN,NaN,NaN,NaN,NaN,0,0,NaN,0
23,107,1,2,1,1,439,653,859,199,1058,0,-5,0.80619124,0
23,108,1,2,2,0,NaN,NaN,NaN,NaN,NaN,0,0,NaN,0
23,109,1,2,2,0,NaN,NaN,NaN,NaN,NaN,0,0,NaN,0
23,110,1,2,1,0,NaN,NaN,NaN,NaN,NaN,0,0,NaN,0
23,111,1,2,2,0,NaN,NaN,NaN,NaN,NaN,0,0,NaN,0
23,112,1,2,2,0,NaN,NaN,NaN,NaN,NaN,0,0,NaN,0
23,113,1,2,2,0,NaN,NaN,NaN,NaN,NaN,0,0,NaN,0
23,114,1,2,1,0,NaN,NaN,NaN,NaN,NaN,0,0,NaN,0
23,115,1,2,1,0,NaN,NaN,NaN,NaN,NaN,0,0,NaN,0
23,116,1,2,1,0,NaN,NaN,NaN,NaN,NaN,0,0,NaN,0
23,117,1,2,1,0,NaN,NaN,NaN,NaN,NaN,0,0,NaN,0
23,118,1,2,2,0,NaN,NaN,NaN,NaN,NaN,0,0,NaN,0
23,119,1,2,2,0,NaN,NaN,NaN,NaN,NaN,0,0,NaN,0
23,120,1,2,2,0,NaN,NaN,NaN,NaN,NaN,0,0,NaN,0
23,121,1,1,1,0,NaN,NaN,NaN,NaN,NaN,0,0,NaN,0
23,122,1,1,2,1,231,428,620,312,932,0,-13,0.822509194,0
23,123,1,1,1,1,260,447,628,288,916,0,1,0.792305427,0
23,124,1,1,2,1,237,418,628,248,876,0,2,0.823321287,0
23,125,1,1,1,1,176,372,538,280,818,0,3,0.723678202,0
23,126,1,1,2,1,197,397,584,328,912,0,4,0.820839242,0
23,127,1,1,1,0,NaN,NaN,NaN,NaN,NaN,0,0,NaN,0
23,128,1,1,1,1,172,389,568,288,856,0,0,0.763983199,0
23,129,1,1,2,1,262,452,630,304,934,0,1,0.796975988,0
23,130,1,1,1,1,188,406,610,342,952,0,2,0.705336869,0
23,131,1,1,2,0,NaN,NaN,NaN,NaN,NaN,0,0,NaN,0
23,132,1,1,1,0,NaN,NaN,NaN,NaN,NaN,0,0,NaN,0
23,133,1,1,2,1,237,438,636,264,900,0,-1,0.846148033,0
23,134,1,1,1,1,270,470,664,280,944,0,1,0.818942027,0
23,135,1,1,2,1,187,394,598,344,942,0,2,0.799308148,0
23,136,1,1,1,1,218,417,576,312,888,0,3,0.66278326,0
23,137,1,1,1,1,172,363,528,266,794,0,4,0.718316801,0
23,138,1,1,2,1,125,329,522,264,786,0,5,0.672050549,0
23,139,1,1,1,1,172,366,556,312,868,0,6,0.74960896,0
23,140,1,1,2,0,NaN,NaN,NaN,NaN,NaN,0,0,NaN,0
23,141,1,1,2,0,NaN,NaN,NaN,NaN,NaN,0,0,NaN,0
23,142,1,1,2,1,233,423,624,272,896,0,-1,0.819684519,0
23,143,1,1,1,1,272,487,678,288,966,0,1,0.801993519,0
23,144,1,1,1,1,219,421,600,248,848,0,2,0.742785439,0
23,145,1,1,2,1,226,426,610,248,858,0,3,0.73272472,0
23,146,1,1,2,0,NaN,NaN,NaN,NaN,NaN,0,0,NaN,0
23,147,1,1,1,1,232,451,676,283,959,0,0,0.695997235,0
23,148,1,1,1,1,201,409,606,272,878,0,1,0.750919066,0
23,149,1,1,1,1,213,387,578,304,882,0,2,0.675440004,0
23,150,1,1,2,1,211,422,618,288,906,0,3,0.71918353,0
23,151,1,1,2,1,174,376,598,312,910,0,4,0.792336014,0
23,152,1,1,2,1,213,428,642,320,962,0,5,0.758737138,0
23,153,1,1,1,1,172,374,596,264,860,0,6,0.657587912,0
23,154,1,1,1,1,219,399,594,296,890,0,7,0.73755864,0
23,155,1,1,2,1,213,432,650,320,970,0,8,0.887086207,0
23,156,1,1,1,0,NaN,NaN,NaN,NaN,NaN,0,0,NaN,0
23,157,1,1,1,0,NaN,NaN,NaN,NaN,NaN,0,0,NaN,0
23,158,1,1,1,1,392,584,784,288,1072,0,-1,0.75100612,0
23,159,1,1,1,0,NaN,NaN,NaN,NaN,NaN,0,0,NaN,0
23,160,1,1,1,1,315,494,670,272,942,0,0,0.729853979,0
23,161,1,1,2,1,253,442,648,312,960,0,1,0.745649953,0
23,162,1,1,2,1,158,382,620,272,892,0,2,0.852944607,0
23,163,1,1,2,1,177,409,666,384,1050,0,3,0.816038947,0
23,164,1,1,2,1,166,435,676,360,1036,0,4,0.818839026,0
23,165,1,1,2,1,190,421,642,320,962,0,5,0.818430712,0
23,166,1,1,1,1,205,398,624,288,912,0,6,0.650513852,0
23,167,1,1,2,0,NaN,NaN,NaN,NaN,NaN,0,0,NaN,0
23,168,1,1,1,1,246,454,664,304,968,0,0,0.745425994,0
23,169,1,1,2,1,186,405,654,304,958,0,1,0.789943157,0
23,170,1,1,1,1,333,555,788,296,1084,0,2,0.725377031,0
23,171,1,1,2,0,NaN,NaN,NaN,NaN,NaN,0,0,NaN,0
23,172,1,1,1,1,225,439,640,296,936,0,0,0.788883562,0
23,173,1,1,2,1,194,397,628,344,972,0,1,0.654703083,0
23,174,1,1,1,1,305,503,680,328,1008,0,2,0.727967743,0
23,175,1,1,1,0,NaN,NaN,NaN,NaN,NaN,0,0,NaN,0
23,176,1,1,2,1,195,405,614,352,966,0,0,0.800613947,0
23,177,1,1,1,0,NaN,NaN,NaN,NaN,NaN,0,0,NaN,0
23,178,1,1,2,0,NaN,NaN,NaN,NaN,NaN,0,0,NaN,0
23,179,1,1,2,1,255,453,700,280,980,0,-1,0.82910216,0
23,180,1,1,2,1,235,462,656,312,968,0,1,0.7918527,0
23,181,1,1,2,1,224,420,622,304,926,0,2,0.767843519,0
23,182,1,1,2,1,236,390,582,328,910,0,3,0.549809141,0
23,183,1,1,1,1,197,392,646,320,966,0,4,0.703668638,0
23,184,1,1,1,1,198,392,616,296,912,0,5,0.719543569,0
23,185,1,1,1,1,212,426,632,360,992,0,6,0.755789378,0
23,186,1,1,1,1,162,377,592,352,944,0,7,0.783466616,0
23,187,1,1,2,1,165,359,550,336,886,0,8,0.699663107,0
23,188,1,1,1,1,211,382,604,288,892,0,9,0.504267862,0
23,189,1,1,2,0,NaN,NaN,NaN,NaN,NaN,0,0,NaN,0
23,190,1,1,1,1,173,422,632,368,1000,0,0,0.759684727,0
23,191,1,1,2,1,174,376,598,344,942,0,1,0.742297428,0
23,192,1,1,1,0,NaN,NaN,NaN,NaN,NaN,0,0,NaN,0
23,193,1,1,2,1,251,453,654,344,998,0,0,0.762817034,0
23,194,1,1,1,1,229,423,618,384,1002,0,1,0.764887783,0
23,195,1,1,2,1,160,426,646,392,1038,0,2,0.753914079,0
23,196,1,1,2,1,170,408,624,296,920,0,3,0.848897678,0
23,197,1,1,2,1,178,389,604,320,924,0,4,0.775099239,0
23,198,1,1,2,1,231,421,628,312,940,0,5,0.698842219,0
23,199,1,1,1,1,167,375,578,296,874,0,6,0.774848391,0
23,200,1,1,2,1,182,367,556,320,876,0,7,0.598951718,0
23,201,1,1,2,1,219,473,716,320,1036,0,8,0.827795133,0
23,202,1,1,1,0,NaN,NaN,NaN,NaN,NaN,0,0,NaN,0
23,203,1,1,1,1,228,429,656,360,1016,0,0,0.700907358,0
23,204,1,1,1,0,NaN,NaN,NaN,NaN,NaN,0,0,NaN,0
23,205,1,1,2,1,236,388,594,320,914,0,0,0.544010984,0
23,206,1,1,1,1,402,666,866,328,1194,0,1,0.719798806,0
23,207,1,1,1,1,244,485,760,360,1120,0,2,0.729274401,0
23,208,1,1,2,1,199,491,734,336,1070,0,3,0.783756094,0
23,209,1,1,2,0,NaN,NaN,NaN,NaN,NaN,0,0,NaN,0
23,210,1,1,2,1,211,425,620,296,916,0,0,0.851743117,0
23,211,1,1,2,1,233,407,624,304,928,0,1,0.779927467,0
23,212,1,1,1,1,169,364,586,304,890,0,2,0.633669662,0
23,213,1,1,2,1,217,366,592,312,904,0,3,0.457831351,0
23,214,1,1,1,1,214,419,734,208,942,0,4,0.636934876,0
23,215,1,1,2,0,NaN,NaN,NaN,NaN,NaN,0,0,NaN,0
23,216,1,1,1,0,NaN,NaN,NaN,NaN,NaN,0,0,NaN,0
23,217,1,1,1,1,189,378,610,248,858,0,-1,0.631872145,0
23,218,1,1,1,1,268,468,738,296,1034,0,1,0.738531933,0
23,219,1,1,1,1,198,453,694,304,998,0,2,0.67235408,0
23,220,1,1,1,0,NaN,NaN,NaN,NaN,NaN,0,0,NaN,0
23,221,1,1,2,1,235,477,710,344,1054,0,0,0.712757698,0
23,222,1,1,2,1,212,416,710,352,1062,0,1,0.701483836,0
23,223,1,1,2,1,NaN,NaN,472,336,808,0,2,NaN,1
23,224,1,1,2,0,NaN,NaN,NaN,NaN,NaN,0,0,NaN,0
23,225,1,1,1,1,217,399,631,273,904,0,0,0.708184109,0
23,226,1,1,1,1,216,421,666,272,938,0,1,0.721204937,0
23,227,1,1,2,1,162,417,662,320,982,0,2,0.587259494,0
23,228,1,1,2,1,160,403,656,288,944,0,3,0.709172713,0
23,229,1,1,1,1,205,408,666,280,946,0,4,0.595834716,0
23,230,1,1,1,1,139,354,628,288,916,0,5,0.695317115,0
23,231,1,1,1,0,NaN,NaN,NaN,NaN,NaN,0,0,NaN,0
23,232,1,1,1,1,225,445,684,288,972,0,0,0.765827799,0
23,233,1,1,1,0,NaN,NaN,NaN,NaN,NaN,0,0,NaN,0
23,234,1,1,1,0,NaN,NaN,NaN,NaN,NaN,0,0,NaN,0
23,235,1,1,2,0,NaN,NaN,NaN,NaN,NaN,0,0,NaN,0
23,236,1,1,1,1,185,373,592,232,824,0,-2,0.562042412,0
23,237,1,1,2,1,241,432,688,280,968,0,1,0.71566774,0
23,238,1,1,2,0,NaN,NaN,NaN,NaN,NaN,0,0,NaN,0
23,239,1,1,2,0,NaN,NaN,NaN,NaN,NaN,0,0,NaN,0
23,240,1,1,2,1,208,416,650,256,906,0,-1,0.831917392,0
24,1,1,1,1,1,441,670,881,384,1265,0,0,0.660444806,0
24,2,1,1,1,1,252,550,843,384,1227,0,1,0.772291065,0
24,3,1,1,2,1,204,506,758,368,1126,0,2,0.635578403,0
24,4,1,1,1,1,254,527,804,416,1220,0,3,0.69891688,0
24,5,1,1,2,0,NaN,NaN,NaN,NaN,NaN,0,0,NaN,0
24,6,1,1,1,1,346,772,1067,340,1407,0,0,0.704515941,0
24,7,1,1,1,0,NaN,NaN,NaN,NaN,NaN,0,0,NaN,0
24,8,1,1,2,0,NaN,NaN,NaN,NaN,NaN,0,0,NaN,0
24,9,1,1,2,1,210,427,610,368,978,0,-1,0.665661376,0
24,10,1,1,2,1,388,697,935,496,1431,0,1,0.648747861,0
24,11,1,1,2,1,212,436,688,400,1088,0,2,0.63293343,0
24,12,1,1,2,1,236,462,658,328,986,0,3,0.716896576,0
24,13,1,1,2,1,246,496,759,352,1111,0,4,0.683923061,0
24,14,1,1,1,0,NaN,NaN,NaN,NaN,NaN,0,0,NaN,0
24,15,1,1,1,0,NaN,NaN,NaN,NaN,NaN,0,0,NaN,0
24,16,1,1,1,1,260,579,822,440,1262,0,-1,0.774063159,0
24,17,1,1,2,1,426,648,918,384,1302,0,1,0.615854894,0
24,18,1,1,2,1,348,609,878,376,1254,0,2,0.629781492,0
24,19,1,1,1,1,346,643,857,344,1201,0,3,0.760939189,0
24,20,1,1,2,1,279,522,738,344,1082,0,4,0.584256166,0
24,21,1,1,2,0,NaN,NaN,NaN,NaN,NaN,0,0,NaN,0
24,22,1,1,1,1,242,529,745,296,1041,0,0,0.780618593,0
24,23,1,1,2,0,NaN,NaN,NaN,NaN,NaN,0,0,NaN,0
24,24,1,1,2,1,437,686,946,360,1306,0,0,0.659598493,0
24,25,1,1,2,0,NaN,NaN,NaN,NaN,NaN,0,0,NaN,0
24,26,1,1,1,1,219,502,755,336,1091,0,0,0.808842384,0
24,27,1,1,1,1,224,453,631,312,943,0,1,0.768721779,0
24,28,1,1,1,1,406,670,876,336,1212,0,2,0.808708263,0
24,29,1,1,2,0,NaN,NaN,NaN,NaN,NaN,0,0,NaN,0
24,30,1,1,1,1,228,485,702,376,1078,0,0,0.77539012,0
24,31,1,1,1,1,272,532,720,304,1024,0,1,0.817101376,0
24,32,1,1,2,1,381,628,882,304,1186,0,2,0.598637237,0
24,33,1,1,1,0,NaN,NaN,NaN,NaN,NaN,0,0,NaN,0
24,34,1,1,2,1,186,428,723,293,1016,0,0,0.639506795,0
24,35,1,1,1,1,231,470,663,328,991,0,1,0.798051084,0
24,36,1,1,1,1,230,448,663,400,1063,0,2,0.79843325,0
24,37,1,1,2,1,237,505,764,416,1180,0,3,0.620853791,0
24,38,1,1,2,1,354,610,854,360,1214,0,4,0.714058804,0
24,39,1,1,2,0,NaN,NaN,NaN,NaN,NaN,0,0,NaN,0
24,40,1,1,2,1,324,624,887,352,1239,0,0,0.6917788,0
24,41,1,1,1,1,181,435,665,315,980,0,1,0.803491262,0
24,42,1,1,1,0,NaN,NaN,NaN,NaN,NaN,0,0,NaN,0
24,43,1,1,2,1,187,491,727,267,994,0,0,0.649084521,0
24,44,1,1,2,1,222,466,704,312,1016,0,1,0.674934756,0
24,45,1,1,2,1,196,449,680,249,929,0,2,0.767280341,0
24,46,1,1,2,1,167,444,676,271,947,0,3,0.787510526,0
24,47,1,1,2,1,333,590,823,344,1167,0,4,0.760264809,0
24,48,1,1,1,1,231,467,748,320,1068,0,5,0.803539861,0
24,49,1,1,2,1,405,686,909,336,1245,0,6,0.724966086,0
24,50,1,1,1,1,283,556,762,228,990,0,7,0.814888354,0
24,51,1,1,1,0,NaN,NaN,NaN,NaN,NaN,0,0,NaN,0
24,52,1,1,1,1,316,586,831,328,1159,0,0,0.780441642,0
24,53,1,1,1,1,224,476,691,320,1011,0,1,0.775052465,0
24,54,1,1,2,1,227,471,692,312,1004,0,2,0.634210954,0
24,55,1,1,2,1,296,535,792,312,1104,0,3,0.66707766,0
24,56,1,1,1,0,NaN,NaN,NaN,NaN,NaN,0,0,NaN,0
24,57,1,1,1,1,245,551,831,360,1191,0,0,0.770769021,0
24,58,1,1,1,0,NaN,NaN,NaN,NaN,NaN,0,0,NaN,0
24,59,1,1,1,1,310,584,856,312,1168,0,0,0.72723662,0
24,60,1,1,1,1,224,518,735,384,1119,0,1,0.779366936,0
24,61,1,1,1,1,251,524,739,392,1131,0,2,0.770086382,0
24,62,1,1,1,1,164,443,678,297,975,0,3,0.784538975,0
24,63,1,1,2,1,204,407,624,344,968,0,4,0.615919137,0
24,64,1,1,2,1,305,564,971,379,1350,0,5,0.607681107,0
24,65,1,1,2,1,195,495,715,297,1012,0,6,0.689555735,0
24,66,1,1,1,0,NaN,NaN,NaN,NaN,NaN,0,0,NaN,0
24,67,1,1,2,0,NaN,NaN,NaN,NaN,NaN,0,0,NaN,0
24,68,1,1,1,1,311,608,869,344,1213,0,-1,0.664963734,0
24,69,1,1,1,1,487,822,1034,328,1362,0,1,0.787648635,0
24,70,1,1,2,0,NaN,NaN,NaN,NaN,NaN,0,0,NaN,0
24,71,1,1,2,1,243,388,604,336,940,0,0,0.47495825,0
24,72,1,1,1,1,192,424,645,313,958,0,1,0.735534134,0
24,73,1,1,2,1,283,517,728,360,1088,0,2,0.706965509,0
24,74,1,1,2,0,NaN,NaN,NaN,NaN,NaN,0,0,NaN,0
24,75,1,1,1,1,273,537,788,336,1124,0,0,0.815845527,0
24,76,1,1,1,0,NaN,NaN,NaN,NaN,NaN,0,0,NaN,0
24,77,1,1,1,1,178,402,627,299,926,0,0,0.728012907,0
24,78,1,1,1,1,344,636,916,376,1292,0,1,0.6958807,0
24,79,1,1,1,1,538,827,1048,320,1368,0,2,0.914494974,0
24,80,1,1,2,1,379,659,881,296,1177,0,3,0.653857614,0
24,81,1,1,1,1,234,514,734,368,1102,0,4,0.84259531,0
24,82,1,1,1,1,238,499,741,384,1125,0,5,0.740387883,0
24,83,1,1,1,1,215,487,723,295,1018,0,6,0.714292604,0
24,84,1,1,2,0,NaN,NaN,NaN,NaN,NaN,0,0,NaN,0
24,85,1,1,1,1,486,698,941,376,1317,0,0,0.710758732,0
24,86,1,1,1,1,200,449,681,352,1033,0,1,0.794650457,0
24,87,1,1,1,1,242,535,741,360,1101,0,2,0.789086972,0
24,88,1,1,2,1,202,454,680,320,1000,0,3,0.645514214,0
24,89,1,1,1,1,220,409,888,278,1166,0,4,0.646875828,0
24,90,1,1,1,0,NaN,NaN,NaN,NaN,NaN,0,0,NaN,0
24,91,1,1,2,1,407,626,858,304,1162,0,0,0.594517046,0
24,92,1,1,2,1,242,480,735,312,1047,0,1,0.719554235,0
24,93,1,1,2,1,219,464,704,280,984,0,2,0.614654821,0
24,94,1,1,2,1,280,534,756,280,1036,0,3,0.67225822,0
24,95,1,1,2,1,345,607,828,206,1034,0,4,0.727248215,0
24,96,1,1,1,0,NaN,NaN,NaN,NaN,NaN,0,0,NaN,0
24,97,1,1,1,0,NaN,NaN,NaN,NaN,NaN,0,0,NaN,0
24,98,1,1,2,1,198,374,565,285,850,0,-1,0.545772337,0
24,99,1,1,2,1,218,429,622,296,918,0,1,0.762778892,0
24,100,1,1,2,1,217,503,728,328,1056,0,2,0.638758352,0
24,101,1,1,1,1,248,502,706,360,1066,0,3,0.796953805,0
24,102,1,1,1,0,NaN,NaN,NaN,NaN,NaN,0,0,NaN,0
24,103,1,1,1,1,NaN,NaN,NaN,NaN,NaN,1,0,NaN,1
24,104,1,1,2,0,NaN,NaN,NaN,NaN,NaN,0,0,NaN,0
24,105,1,1,2,1,326,599,812,296,1108,0,0,0.717509308,0
24,106,1,1,1,0,NaN,NaN,NaN,NaN,NaN,0,0,NaN,0
24,107,1,1,2,1,286,559,777,320,1097,0,0,0.71009269,0
24,108,1,1,2,1,249,505,733,312,1045,0,1,0.686679651,0
24,109,1,1,1,1,244,469,722,344,1066,0,2,0.689880968,0
24,110,1,1,2,1,229,470,709,312,1021,0,3,0.60058527,0
24,111,1,1,1,1,238,486,694,296,990,0,4,0.823305942,0
24,112,1,1,1,1,296,555,748,304,1052,0,5,0.792859925,0
24,113,1,1,2,0,NaN,NaN,NaN,NaN,NaN,0,0,NaN,0
24,114,1,1,2,0,NaN,NaN,NaN,NaN,NaN,0,0,NaN,0
24,115,1,1,1,0,NaN,NaN,NaN,NaN,NaN,0,0,NaN,0
24,116,1,1,2,1,254,494,761,272,1033,0,-2,0.67915655,0
24,117,1,1,2,1,292,532,765,296,1061,0,1,0.693731618,0
24,118,1,1,2,1,229,517,768,336,1104,0,2,0.652968506,0
24,119,1,1,1,1,309,550,814,328,1142,0,3,0.66254489,0
24,120,1,1,2,1,440,677,929,360,1289,0,4,0.603553615,0
24,121,1,2,2,0,NaN,NaN,NaN,NaN,NaN,0,0,NaN,0
24,122,1,2,1,0,NaN,NaN,NaN,NaN,NaN,0,0,NaN,0
24,123,1,2,2,1,245,522,764,320,1084,0,-1,0.725735991,0
24,124,1,2,1,0,NaN,NaN,NaN,NaN,NaN,0,0,NaN,0
24,125,1,2,1,1,582,813,1026,400,1426,0,0,0.7959269,0
24,126,1,2,2,0,NaN,NaN,NaN,NaN,NaN,0,0,NaN,0
24,127,1,2,1,0,NaN,NaN,NaN,NaN,NaN,0,0,NaN,0
24,128,1,2,2,0,NaN,NaN,NaN,NaN,NaN,0,0,NaN,0
24,129,1,2,1,0,NaN,NaN,NaN,NaN,NaN,0,0,NaN,0
24,130,1,2,1,0,NaN,NaN,NaN,NaN,NaN,0,0,NaN,0
24,131,1,2,1,0,NaN,NaN,NaN,NaN,NaN,0,0,NaN,0
24,132,1,2,1,0,NaN,NaN,NaN,NaN,NaN,0,0,NaN,0
24,133,1,2,2,0,NaN,NaN,NaN,NaN,NaN,0,0,NaN,0
24,134,1,2,2,0,NaN,NaN,NaN,NaN,NaN,0,0,NaN,0
24,135,1,2,2,1,436,723,943,360,1303,0,-8,0.666038488,0
24,136,1,2,2,0,NaN,NaN,NaN,NaN,NaN,0,0,NaN,0
24,137,1,2,1,0,NaN,NaN,NaN,NaN,NaN,0,0,NaN,0
24,138,1,2,1,0,NaN,NaN,NaN,NaN,NaN,0,0,NaN,0
24,139,1,2,1,1,260,527,751,360,1111,0,-2,0.765163612,0
24,140,1,2,1,0,NaN,NaN,NaN,NaN,NaN,0,0,NaN,0
24,141,1,2,2,0,NaN,NaN,NaN,NaN,NaN,0,0,NaN,0
24,142,1,2,2,0,NaN,NaN,NaN,NaN,NaN,0,0,NaN,0
24,143,1,2,1,0,NaN,NaN,NaN,NaN,NaN,0,0,NaN,0
24,144,1,2,2,0,NaN,NaN,NaN,NaN,NaN,0,0,NaN,0
24,145,1,2,2,0,NaN,NaN,NaN,NaN,NaN,0,0,NaN,0
24,146,1,2,2,0,NaN,NaN,NaN,NaN,NaN,0,0,NaN,0
24,147,1,2,2,1,246,511,722,360,1082,0,-6,0.658373137,0
24,148,1,2,1,0,NaN,NaN,NaN,NaN,NaN,0,0,NaN,0
24,149,1,2,2,0,NaN,NaN,NaN,NaN,NaN,0,0,NaN,0
24,150,1,2,2,0,NaN,NaN,NaN,NaN,NaN,0,0,NaN,0
24,151,1,2,1,0,NaN,NaN,NaN,NaN,NaN,0,0,NaN,0
24,152,1,2,1,0,NaN,NaN,NaN,NaN,NaN,0,0,NaN,0
24,153,1,2,1,0,NaN,NaN,NaN,NaN,NaN,0,0,NaN,0
24,154,1,2,1,0,NaN,NaN,NaN,NaN,NaN,0,0,NaN,0
24,155,1,2,2,0,NaN,NaN,NaN,NaN,NaN,0,0,NaN,0
24,156,1,2,1,0,NaN,NaN,NaN,NaN,NaN,0,0,NaN,0
24,157,1,2,2,0,NaN,NaN,NaN,NaN,NaN,0,0,NaN,0
24,158,1,2,2,0,NaN,NaN,NaN,NaN,NaN,0,0,NaN,0
24,159,1,2,2,0,NaN,NaN,NaN,NaN,NaN,0,0,NaN,0
24,160,1,2,1,0,NaN,NaN,NaN,NaN,NaN,0,0,NaN,0
24,161,1,2,2,1,226,456,658,320,978,0,-12,0.757306229,0
24,162,1,2,1,0,NaN,NaN,NaN,NaN,NaN,0,0,NaN,0
24,163,1,2,1,1,351,570,788,312,1100,0,0,0.78073248,0
24,164,1,2,1,0,NaN,NaN,NaN,NaN,NaN,0,0,NaN,0
24,165,1,2,2,0,NaN,NaN,NaN,NaN,NaN,0,0,NaN,0
24,166,1,2,2,0,NaN,NaN,NaN,NaN,NaN,0,0,NaN,0
24,167,1,2,2,0,NaN,NaN,NaN,NaN,NaN,0,0,NaN,0
24,168,1,2,1,1,261,511,754,312,1066,0,-3,0.753311294,0
24,169,1,2,2,0,NaN,NaN,NaN,NaN,NaN,0,0,NaN,0
24,170,1,2,1,1,232,462,691,376,1067,0,0,0.672978865,0
24,171,1,2,1,1,365,580,775,320,1095,0,1,0.783635102,0
24,172,1,2,2,0,NaN,NaN,NaN,NaN,NaN,0,0,NaN,0
24,173,1,2,1,1,343,527,776,288,1064,0,0,0.778587836,0
24,174,1,2,1,0,NaN,NaN,NaN,NaN,NaN,0,0,NaN,0
24,175,1,2,1,0,NaN,NaN,NaN,NaN,NaN,0,0,NaN,0
24,176,1,2,2,0,NaN,NaN,NaN,NaN,NaN,0,0,NaN,0
24,177,1,2,1,1,412,679,919,352,1271,0,-2,0.793950855,0
24,178,1,2,2,1,554,799,1037,344,1381,0,1,0.761465835,0
24,179,1,2,2,1,374,595,827,336,1163,0,2,0.700285223,0
24,180,1,2,2,1,445,675,880,368,1248,0,3,0.774976929,0
24,181,1,2,2,0,NaN,NaN,NaN,NaN,NaN,0,0,NaN,0
24,182,1,2,2,1,444,674,870,312,1182,0,0,0.735387659,0
24,183,1,2,2,0,NaN,NaN,NaN,NaN,NaN,0,0,NaN,0
24,184,1,2,2,1,222,469,687,296,983,0,0,0.790292502,0
24,185,1,2,1,0,NaN,NaN,NaN,NaN,NaN,0,0,NaN,0
24,186,1,2,2,0,NaN,NaN,NaN,NaN,NaN,0,0,NaN,0
24,187,1,2,1,1,266,536,765,376,1141,0,-1,0.747692323,0
24,188,1,2,1,0,NaN,NaN,NaN,NaN,NaN,0,0,NaN,0
24,189,1,2,1,0,NaN,NaN,NaN,NaN,NaN,0,0,NaN,0
24,190,1,2,2,0,NaN,NaN,NaN,NaN,NaN,0,0,NaN,0
24,191,1,2,1,1,374,571,792,328,1120,0,-2,0.812491379,0
24,192,1,2,1,0,NaN,NaN,NaN,NaN,NaN,0,0,NaN,0
24,193,1,2,2,1,451,678,936,296,1232,0,0,0.730257953,0
24,194,1,2,2,0,NaN,NaN,NaN,NaN,NaN,0,0,NaN,0
24,195,1,2,2,0,NaN,NaN,NaN,NaN,NaN,0,0,NaN,0
24,196,1,2,1,0,NaN,NaN,NaN,NaN,NaN,0,0,NaN,0
24,197,1,2,2,0,NaN,NaN,NaN,NaN,NaN,0,0,NaN,0
24,198,1,2,1,0,NaN,NaN,NaN,NaN,NaN,0,0,NaN,0
24,199,1,2,2,0,NaN,NaN,NaN,NaN,NaN,0,0,NaN,0
24,200,1,2,1,0,NaN,NaN,NaN,NaN,NaN,0,0,NaN,0
24,201,1,2,1,0,NaN,NaN,NaN,NaN,NaN,0,0,NaN,0
24,202,1,2,1,0,NaN,NaN,NaN,NaN,NaN,0,0,NaN,0
24,203,1,2,1,0,NaN,NaN,NaN,NaN,NaN,0,0,NaN,0
24,204,1,2,1,0,NaN,NaN,NaN,NaN,NaN,0,0,NaN,0
24,205,1,2,1,1,232,461,681,344,1025,0,-10,0.77323272,0
24,206,1,2,2,0,NaN,NaN,NaN,NaN,NaN,0,0,NaN,0
24,207,1,2,1,1,505,779,1018,344,1362,0,0,0.815952354,0
24,208,1,2,2,0,NaN,NaN,NaN,NaN,NaN,0,0,NaN,0
24,209,1,2,1,0,NaN,NaN,NaN,NaN,NaN,0,0,NaN,0
24,210,1,2,1,0,NaN,NaN,NaN,NaN,NaN,0,0,NaN,0
24,211,1,2,1,1,387,623,833,328,1161,0,-2,0.757884383,0
24,212,1,2,2,0,NaN,NaN,NaN,NaN,NaN,0,0,NaN,0
24,213,1,2,1,0,NaN,NaN,NaN,NaN,NaN,0,0,NaN,0
24,214,1,2,2,1,225,486,716,296,1012,0,-1,0.719215457,0
24,215,1,2,2,0,NaN,NaN,NaN,NaN,NaN,0,0,NaN,0
24,216,1,2,2,1,283,550,732,328,1060,0,0,0.718623093,0
24,217,1,2,2,0,NaN,NaN,NaN,NaN,NaN,0,0,NaN,0
24,218,1,2,2,0,NaN,NaN,NaN,NaN,NaN,0,0,NaN,0
24,219,1,2,2,0,NaN,NaN,NaN,NaN,NaN,0,0,NaN,0
24,220,1,2,1,1,280,521,800,352,1152,0,-2,0.75876441,0
24,221,1,2,2,0,NaN,NaN,NaN,NaN,NaN,0,0,NaN,0
24,222,1,2,1,1,451,672,866,296,1162,0,0,0.774681558,0
24,223,1,2,2,0,NaN,NaN,NaN,NaN,NaN,0,0,NaN,0
24,224,1,2,1,0,NaN,NaN,NaN,NaN,NaN,0,0,NaN,0
24,225,1,2,2,0,NaN,NaN,NaN,NaN,NaN,0,0,NaN,0
24,226,1,2,1,0,NaN,NaN,NaN,NaN,NaN,0,0,NaN,0
24,227,1,2,2,0,NaN,NaN,NaN,NaN,NaN,0,0,NaN,0
24,228,1,2,1,0,NaN,NaN,NaN,NaN,NaN,0,0,NaN,0
24,229,1,2,1,0,NaN,NaN,NaN,NaN,NaN,0,0,NaN,0
24,230,1,2,2,1,382,616,840,312,1152,0,-6,0.714044422,0
24,231,1,2,1,1,221,461,642,320,962,0,1,0.827878646,0
24,232,1,2,2,0,NaN,NaN,NaN,NaN,NaN,0,0,NaN,0
24,233,1,2,1,0,NaN,NaN,NaN,NaN,NaN,0,0,NaN,0
24,234,1,2,1,0,NaN,NaN,NaN,NaN,NaN,0,0,NaN,0
24,235,1,2,1,0,NaN,NaN,NaN,NaN,NaN,0,0,NaN,0
24,236,1,2,2,1,291,555,763,328,1091,0,-3,0.753213507,0
24,237,1,2,1,0,NaN,NaN,NaN,NaN,NaN,0,0,NaN,0
24,238,1,2,2,0,NaN,NaN,NaN,NaN,NaN,0,0,NaN,0
24,239,1,2,2,0,NaN,NaN,NaN,NaN,NaN,0,0,NaN,0
24,240,1,2,2,0,NaN,NaN,NaN,NaN,NaN,0,0,NaN,0
101,1,2,1,1,1,341,568,994,416,1410,0,0,0.627941986,0
101,2,2,1,1,1,417,600,808,344,1152,0,1,0.670024739,0
101,3,2,1,1,0,NaN,NaN,NaN,NaN,NaN,0,0,NaN,0
101,4,2,1,2,1,206,515,896,440,1336,0,0,0.748065087,0
101,5,2,1,1,0,NaN,NaN,NaN,NaN,NaN,0,0,NaN,0
101,6,2,1,1,1,348,558,838,432,1270,0,0,0.73408068,0
101,7,2,1,2,1,600,836,1128,336,1464,0,1,0.760071566,0
101,8,2,1,1,1,372,601,840,352,1192,0,2,0.755212846,0
101,9,2,1,2,1,403,693,942,344,1286,0,3,0.829926423,0
101,10,2,1,1,1,238,474,712,400,1112,0,4,0.764308087,0
101,11,2,1,2,1,234,503,812,376,1188,0,5,0.85127272,0
101,12,2,1,2,1,305,544,846,336,1182,0,6,0.796640094,0
101,13,2,1,1,0,NaN,NaN,NaN,NaN,NaN,0,0,NaN,0
101,14,2,1,1,1,230,468,742,460,1202,0,0,0.71056636,0
101,15,2,1,2,0,NaN,NaN,NaN,NaN,NaN,0,0,NaN,0
101,16,2,1,1,1,157,405,610,375,985,0,0,0.706807442,0
101,17,2,1,1,1,275,487,658,474,1132,0,1,0.669022228,0
101,18,2,1,1,1,353,606,828,478,1306,0,2,0.677810803,0
101,19,2,1,2,1,202,452,756,448,1204,0,3,0.85054639,0
101,20,2,1,1,1,264,503,764,448,1212,0,4,0.745594418,0
101,21,2,1,1,0,NaN,NaN,NaN,NaN,NaN,0,0,NaN,0
101,22,2,1,2,1,206,420,678,360,1038,0,0,0.767322739,0
101,23,2,1,1,0,NaN,NaN,NaN,NaN,NaN,0,0,NaN,0
101,24,2,1,2,1,343,595,896,416,1312,0,0,0.806002637,0
101,25,2,1,2,0,NaN,NaN,NaN,NaN,NaN,0,0,NaN,0
101,26,2,1,2,1,258,503,820,384,1204,0,0,0.798545803,0
101,27,2,1,2,1,341,596,870,304,1174,0,1,0.773259119,0
101,28,2,1,2,0,NaN,NaN,NaN,NaN,NaN,0,0,NaN,0
101,29,2,1,2,1,234,478,846,448,1294,0,0,0.761713336,0
101,30,2,1,1,1,271,511,720,416,1136,0,1,0.774698974,0
101,31,2,1,2,1,185,477,784,400,1184,0,2,0.768816582,0
101,32,2,1,2,1,181,418,708,336,1044,0,3,0.781940451,0
101,33,2,1,1,1,199,435,656,400,1056,0,4,0.770597232,0
101,34,2,1,2,0,NaN,NaN,NaN,NaN,NaN,0,0,NaN,0
101,35,2,1,2,0,NaN,NaN,NaN,NaN,NaN,0,0,NaN,0
101,36,2,1,1,1,163,418,636,448,1084,0,-1,0.711320995,0
101,37,2,1,1,1,174,378,592,360,952,0,1,0.702348833,0
101,38,2,1,2,1,277,547,830,336,1166,0,2,0.850012786,0
101,39,2,1,1,1,219,450,642,408,1050,0,3,0.748482356,0
101,40,2,1,2,1,366,652,876,336,1212,0,4,0.84907863,0
101,41,2,1,1,1,410,624,898,320,1218,0,5,0.747485094,0
101,42,2,1,2,0,NaN,NaN,NaN,NaN,NaN,0,0,NaN,0
101,43,2,1,2,1,NaN,NaN,NaN,NaN,NaN,1,0,NaN,1
101,44,2,1,2,1,195,481,724,328,1052,0,1,0.844133091,0
101,45,2,1,1,1,324,618,842,360,1202,0,2,0.755114956,0
101,46,2,1,2,1,187,455,664,408,1072,0,3,0.867491367,0
101,47,2,1,1,1,380,612,820,392,1212,0,4,0.750051972,0
101,48,2,1,2,1,334,569,840,352,1192,0,5,0.795910903,0
101,49,2,1,2,1,249,486,732,336,1068,0,6,0.810287599,0
101,50,2,1,2,1,294,537,792,376,1168,0,7,0.776529666,0
101,51,2,1,2,1,197,467,724,392,1116,0,8,0.846304116,0
101,52,2,1,2,1,193,399,604,392,996,0,9,0.761821802,0
101,53,2,1,1,1,213,420,622,344,966,0,10,0.690566926,0
101,54,2,1,2,1,295,557,802,368,1170,0,11,0.879341914,0
101,55,2,1,1,1,198,422,662,448,1110,0,12,0.81347178,0
101,56,2,1,2,1,450,725,952,392,1344,0,13,0.822650982,0
101,57,2,1,2,1,375,577,758,312,1070,0,14,0.726672074,0
101,58,2,1,1,0,NaN,NaN,NaN,NaN,NaN,0,0,NaN,0
101,59,2,1,2,1,206,380,610,312,922,0,0,0.629317214,0
101,60,2,1,2,0,NaN,NaN,NaN,NaN,NaN,0,0,NaN,0
101,61,2,1,1,1,180,405,646,368,1014,0,0,0.698518103,0
101,62,2,1,2,1,314,598,854,408,1262,0,1,0.853883104,0
101,63,2,1,1,1,205,441,638,360,998,0,2,0.721560038,0
101,64,2,1,2,1,222,477,778,352,1130,0,3,0.844687861,0
101,65,2,1,1,1,243,449,692,302,994,0,4,0.741782421,0
101,66,2,1,1,0,NaN,NaN,NaN,NaN,NaN,0,0,NaN,0
101,67,2,1,1,1,182,406,600,408,1008,0,0,0.698281809,0
101,68,2,1,1,0,NaN,NaN,NaN,NaN,NaN,0,0,NaN,0
101,69,2,1,1,0,NaN,NaN,NaN,NaN,NaN,0,0,NaN,0
101,70,2,1,1,1,221,441,678,448,1126,0,-1,0.702932946,0
101,71,2,1,1,1,244,488,700,408,1108,0,1,0.662892056,0
101,72,2,1,1,1,351,581,794,424,1218,0,2,0.671691282,0
101,73,2,1,1,0,NaN,NaN,NaN,NaN,NaN,0,0,NaN,0
101,74,2,1,2,1,437,697,992,432,1424,0,0,0.787797091,0
101,75,2,1,2,0,NaN,NaN,NaN,NaN,NaN,0,0,NaN,0
101,76,2,1,2,0,NaN,NaN,NaN,NaN,NaN,0,0,NaN,0
101,77,2,1,1,1,347,590,856,416,1272,0,-1,0.756746604,0
101,78,2,1,1,1,369,574,742,376,1118,0,1,0.671650741,0
101,79,2,1,1,1,373,591,764,408,1172,0,2,0.693969572,0
101,80,2,1,2,0,NaN,NaN,NaN,NaN,NaN,0,0,NaN,0
101,81,2,2,1,1,205,414,698,360,1058,0,0,0.739404322,0
101,82,2,2,1,0,NaN,NaN,NaN,NaN,NaN,0,0,NaN,0
101,83,2,2,1,1,NaN,NaN,NaN,NaN,NaN,1,0,NaN,1
101,84,2,2,1,0,NaN,NaN,NaN,NaN,NaN,0,0,NaN,0
101,85,2,2,1,0,NaN,NaN,NaN,NaN,NaN,0,0,NaN,0
101,86,2,2,1,1,331,599,848,384,1232,0,-1,0.70448436,0
101,87,2,2,1,0,NaN,NaN,NaN,NaN,NaN,0,0,NaN,0
101,88,2,2,2,0,NaN,NaN,NaN,NaN,NaN,0,0,NaN,0
101,89,2,2,1,0,NaN,NaN,NaN,NaN,NaN,0,0,NaN,0
101,90,2,2,2,0,NaN,NaN,NaN,NaN,NaN,0,0,NaN,0
101,91,2,2,2,0,NaN,NaN,NaN,NaN,NaN,0,0,NaN,0
101,92,2,2,2,1,354,606,992,464,1456,0,-4,0.702738897,0
101,93,2,2,1,0,NaN,NaN,NaN,NaN,NaN,0,0,NaN,0
101,94,2,2,2,0,NaN,NaN,NaN,NaN,NaN,0,0,NaN,0
101,95,2,2,2,0,NaN,NaN,NaN,NaN,NaN,0,0,NaN,0
101,96,2,2,2,0,NaN,NaN,NaN,NaN,NaN,0,0,NaN,0
101,97,2,2,2,0,NaN,NaN,NaN,NaN,NaN,0,0,NaN,0
101,98,2,2,2,0,NaN,NaN,NaN,NaN,NaN,0,0,NaN,0
101,99,2,2,2,1,434,679,1032,442,1474,0,-5,0.658055697,0
101,100,2,2,2,0,NaN,NaN,NaN,NaN,NaN,0,0,NaN,0
101,101,2,2,1,0,NaN,NaN,NaN,NaN,NaN,0,0,NaN,0
101,102,2,2,1,0,NaN,NaN,NaN,NaN,NaN,0,0,NaN,0
101,103,2,2,1,0,NaN,NaN,NaN,NaN,NaN,0,0,NaN,0
101,104,2,2,1,0,NaN,NaN,NaN,NaN,NaN,0,0,NaN,0
101,105,2,2,2,0,NaN,NaN,NaN,NaN,NaN,0,0,NaN,0
101,106,2,2,1,1,392,599,994,504,1498,0,-5,0.657407447,0
101,107,2,2,2,1,373,605,958,400,1358,0,1,0.760270951,0
101,108,2,2,2,0,NaN,NaN,NaN,NaN,NaN,0,0,NaN,0
101,109,2,2,1,0,NaN,NaN,NaN,NaN,NaN,0,0,NaN,0
101,110,2,2,2,1,450,691,1034,416,1450,0,-1,0.704207885,0
101,111,2,2,1,1,259,506,744,392,1136,0,1,0.663815645,0
101,112,2,2,1,0,NaN,NaN,NaN,NaN,NaN,0,0,NaN,0
101,113,2,2,2,0,NaN,NaN,NaN,NaN,NaN,0,0,NaN,0
101,114,2,2,1,0,NaN,NaN,NaN,NaN,NaN,0,0,NaN,0
101,115,2,2,2,0,NaN,NaN,NaN,NaN,NaN,0,0,NaN,0
101,116,2,2,2,1,362,626,952,368,1320,0,-3,0.774109461,0
101,117,2,2,2,0,NaN,NaN,NaN,NaN,NaN,0,0,NaN,0
101,118,2,2,2,0,NaN,NaN,NaN,NaN,NaN,0,0,NaN,0
101,119,2,2,1,0,NaN,NaN,NaN,NaN,NaN,0,0,NaN,0
101,120,2,2,1,0,NaN,NaN,NaN,NaN,NaN,0,0,NaN,0
101,121,2,2,2,0,NaN,NaN,NaN,NaN,NaN,0,0,NaN,0
101,122,2,2,2,0,NaN,NaN,NaN,NaN,NaN,0,0,NaN,0
101,123,2,2,2,1,354,597,908,424,1332,0,-5,0.6946882,0
101,124,2,2,2,0,NaN,NaN,NaN,NaN,NaN,0,0,NaN,0
101,125,2,2,1,0,NaN,NaN,NaN,NaN,NaN,0,0,NaN,0
101,126,2,2,2,0,NaN,NaN,NaN,NaN,NaN,0,0,NaN,0
101,127,2,2,1,0,NaN,NaN,NaN,NaN,NaN,0,0,NaN,0
101,128,2,2,2,0,NaN,NaN,NaN,NaN,NaN,0,0,NaN,0
101,129,2,2,2,0,NaN,NaN,NaN,NaN,NaN,0,0,NaN,0
101,130,2,2,1,0,NaN,NaN,NaN,NaN,NaN,0,0,NaN,0
101,131,2,2,2,0,NaN,NaN,NaN,NaN,NaN,0,0,NaN,0
101,132,2,2,1,0,NaN,NaN,NaN,NaN,NaN,0,0,NaN,0
101,133,2,2,1,0,NaN,NaN,NaN,NaN,NaN,0,0,NaN,0
101,134,2,2,2,0,NaN,NaN,NaN,NaN,NaN,0,0,NaN,0
101,135,2,2,1,0,NaN,NaN,NaN,NaN,NaN,0,0,NaN,0
101,136,2,2,2,1,361,614,946,472,1418,0,-11,0.713434654,0
101,137,2,2,1,1,305,534,816,424,1240,0,1,0.760008892,0
101,138,2,2,1,0,NaN,NaN,NaN,NaN,NaN,0,0,NaN,0
101,139,2,2,2,0,NaN,NaN,NaN,NaN,NaN,0,0,NaN,0
101,140,2,2,2,0,NaN,NaN,NaN,NaN,NaN,0,0,NaN,0
101,141,2,2,1,0,NaN,NaN,NaN,NaN,NaN,0,0,NaN,0
101,142,2,2,1,1,348,557,828,416,1244,0,-3,0.702418027,0
101,143,2,2,1,0,NaN,NaN,NaN,NaN,NaN,0,0,NaN,0
101,144,2,2,2,0,NaN,NaN,NaN,NaN,NaN,0,0,NaN,0
101,145,2,2,1,1,230,470,738,480,1218,0,-1,0.671241872,0
101,146,2,2,2,0,NaN,NaN,NaN,NaN,NaN,0,0,NaN,0
101,147,2,2,1,0,NaN,NaN,NaN,NaN,NaN,0,0,NaN,0
101,148,2,2,1,0,NaN,NaN,NaN,NaN,NaN,0,0,NaN,0
101,149,2,2,2,1,310,536,886,472,1358,0,-2,0.7530941,0
101,150,2,2,2,1,521,734,990,408,1398,0,1,0.733916087,0
101,151,2,2,1,0,NaN,NaN,NaN,NaN,NaN,0,0,NaN,0
101,152,2,2,2,1,354,604,882,520,1402,0,0,0.738592165,0
101,153,2,2,2,0,NaN,NaN,NaN,NaN,NaN,0,0,NaN,0
101,154,2,2,2,0,NaN,NaN,NaN,NaN,NaN,0,0,NaN,0
101,155,2,2,1,1,233,491,778,496,1274,0,-1,0.730505621,0
101,156,2,2,1,0,NaN,NaN,NaN,NaN,NaN,0,0,NaN,0
101,157,2,2,2,0,NaN,NaN,NaN,NaN,NaN,0,0,NaN,0
101,158,2,2,1,1,285,486,690,464,1154,0,-1,0.667366026,0
101,159,2,2,1,0,NaN,NaN,NaN,NaN,NaN,0,0,NaN,0
101,160,2,2,1,0,NaN,NaN,NaN,NaN,NaN,0,0,NaN,0
102,1,2,1,1,1,420,586,767,288,1055,0,0,0.74031949,0
102,2,2,1,1,1,331,575,722,328,1050,0,1,0.65032175,0
102,3,2,1,1,0,NaN,NaN,NaN,NaN,NaN,0,0,NaN,0
102,4,2,1,2,1,327,553,766,288,1054,0,0,0.896780735,0
102,5,2,1,1,0,NaN,NaN,NaN,NaN,NaN,0,0,NaN,0
102,6,2,1,1,1,357,561,743,280,1023,0,0,0.842245164,0
102,7,2,1,2,1,352,573,801,302,1103,0,1,0.932333515,0
102,8,2,1,1,1,443,662,833,312,1145,0,2,0.808723057,0
102,9,2,1,2,1,322,592,791,296,1087,0,3,0.853497575,0
102,10,2,1,1,1,333,539,689,320,1009,0,4,0.751470943,0
102,11,2,1,2,1,268,474,662,296,958,0,5,0.931786514,0
102,12,2,1,2,1,272,520,724,336,1060,0,6,0.882856426,0
102,13,2,1,1,0,NaN,NaN,NaN,NaN,NaN,0,0,NaN,0
102,14,2,1,1,1,295,449,740,352,1092,0,0,0.620826749,0
102,15,2,1,2,0,NaN,NaN,NaN,NaN,NaN,0,0,NaN,0
102,16,2,1,1,1,338,505,674,368,1042,0,0,0.812564192,0
102,17,2,1,1,1,440,644,825,408,1233,0,1,0.775442094,0
102,18,2,1,1,1,500,667,894,424,1318,0,2,0.780249568,0
102,19,2,1,2,1,289,549,786,400,1186,0,3,0.871042303,0
102,20,2,1,1,1,346,545,736,463,1199,0,4,0.804112048,0
102,21,2,1,1,0,NaN,NaN,NaN,NaN,NaN,0,0,NaN,0
102,22,2,1,2,1,262,488,706,328,1034,0,0,0.956746181,0
102,23,2,1,1,0,NaN,NaN,NaN,NaN,NaN,0,0,NaN,0
102,24,2,1,2,1,263,497,722,360,1082,0,0,0.852743409,0
102,25,2,1,2,0,NaN,NaN,NaN,NaN,NaN,0,0,NaN,0
102,26,2,1,2,1,501,714,915,376,1291,0,0,0.882004734,0
102,27,2,1,2,1,335,561,837,312,1149,0,1,0.88760231,0
102,28,2,1,2,0,NaN,NaN,NaN,NaN,NaN,0,0,NaN,0
102,29,2,1,2,1,315,564,816,352,1168,0,0,0.885342864,0
102,30,2,1,1,1,345,623,812,376,1188,0,1,0.742521739,0
102,31,2,1,2,1,239,611,812,352,1164,0,2,0.81389482,0
102,32,2,1,2,1,231,446,752,424,1176,0,3,0.824431005,0
102,33,2,1,1,1,304,500,730,339,1069,0,4,0.75740069,0
102,34,2,1,2,0,NaN,NaN,NaN,NaN,NaN,0,0,NaN,0
102,35,2,1,2,0,NaN,NaN,NaN,NaN,NaN,0,0,NaN,0
102,36,2,1,1,1,336,551,796,416,1212,0,-1,0.729559248,0
102,37,2,1,1,1,453,613,789,464,1253,0,1,0.758046542,0
102,38,2,1,2,1,399,665,920,432,1352,0,2,0.923759766,0
102,39,2,1,1,1,357,591,800,464,1264,0,3,0.799768703,0
102,40,2,1,2,1,366,582,831,376,1207,0,4,0.897367402,0
102,41,2,1,1,1,374,561,750,328,1078,0,5,0.798640861,0
102,42,2,1,2,0,NaN,NaN,NaN,NaN,NaN,0,0,NaN,0
102,43,2,1,2,1,331,568,803,416,1219,0,0,0.87754943,0
102,44,2,1,2,1,356,556,815,400,1215,0,1,0.862603299,0
102,45,2,1,1,1,395,574,808,416,1224,0,2,0.827382321,0
102,46,2,1,2,1,272,500,733,392,1125,0,3,0.875197587,0
102,47,2,1,1,1,411,617,818,320,1138,0,4,0.771717661,0
102,48,2,1,2,1,256,486,678,376,1054,0,5,0.883821058,0
102,49,2,1,2,1,367,540,749,312,1061,0,6,0.871497641,0
102,50,2,1,2,1,365,553,776,320,1096,0,7,0.934652874,0
102,51,2,1,2,1,216,402,623,312,935,0,8,0.916377821,0
102,52,2,1,2,1,188,447,676,296,972,0,9,0.906296319,0
102,53,2,1,1,1,351,527,727,344,1071,0,10,0.759161827,0
102,54,2,1,2,1,222,435,673,336,1009,0,11,0.887806561,0
102,55,2,1,1,1,299,497,690,384,1074,0,12,0.804910529,0
102,56,2,1,2,1,NaN,NaN,NaN,NaN,NaN,1,13,NaN,1
102,57,2,1,2,1,364,569,795,344,1139,0,14,0.863279414,0
102,58,2,1,1,0,NaN,NaN,NaN,NaN,NaN,0,0,NaN,0
102,59,2,1,2,1,352,578,834,352,1186,0,0,0.906139985,0
102,60,2,1,2,0,NaN,NaN,NaN,NaN,NaN,0,0,NaN,0
102,61,2,1,1,1,161,454,625,376,1001,0,0,0.732974909,0
102,62,2,1,2,1,341,555,766,344,1110,0,1,0.860307795,0
102,63,2,1,1,1,325,525,726,392,1118,0,2,0.811096703,0
102,64,2,1,2,1,216,475,745,368,1113,0,3,0.859877099,0
102,65,2,1,1,1,344,537,735,360,1095,0,4,0.760043995,0
102,66,2,1,1,0,NaN,NaN,NaN,NaN,NaN,0,0,NaN,0
102,67,2,1,1,1,263,495,680,312,992,0,0,0.776052605,0
102,68,2,1,1,0,NaN,NaN,NaN,NaN,NaN,0,0,NaN,0
102,69,2,1,1,0,NaN,NaN,NaN,NaN,NaN,0,0,NaN,0
102,70,2,1,1,1,367,554,726,344,1070,0,-1,0.794956667,0
102,71,2,1,1,1,347,534,696,344,1040,0,1,0.809095742,0
102,72,2,1,1,1,394,572,762,320,1082,0,2,0.770031187,0
102,73,2,1,1,0,NaN,NaN,NaN,NaN,NaN,0,0,NaN,0
102,74,2,1,2,1,286,495,721,336,1057,0,0,0.774563606,0
102,75,2,1,2,0,NaN,NaN,NaN,NaN,NaN,0,0,NaN,0
102,76,2,1,2,0,NaN,NaN,NaN,NaN,NaN,0,0,NaN,0
102,77,2,1,1,1,354,595,791,320,1111,0,-1,0.814822846,0
102,78,2,1,1,1,250,456,659,320,979,0,1,0.781541098,0
102,79,2,1,1,1,NaN,NaN,NaN,NaN,NaN,1,2,NaN,1
102,80,2,1,2,0,NaN,NaN,NaN,NaN,NaN,0,0,NaN,0
102,81,2,2,1,1,372,568,800,304,1104,0,0,0.770600266,0
102,82,2,2,1,0,NaN,NaN,NaN,NaN,NaN,0,0,NaN,0
102,83,2,2,1,1,273,507,707,312,1019,0,0,0.804430799,0
102,84,2,2,1,0,NaN,NaN,NaN,NaN,NaN,0,0,NaN,0
102,85,2,2,1,0,NaN,NaN,NaN,NaN,NaN,0,0,NaN,0
102,86,2,2,1,1,366,576,800,352,1152,0,-1,0.832045795,0
102,87,2,2,1,0,NaN,NaN,NaN,NaN,NaN,0,0,NaN,0
102,88,2,2,2,0,NaN,NaN,NaN,NaN,NaN,0,0,NaN,0
102,89,2,2,1,0,NaN,NaN,NaN,NaN,NaN,0,0,NaN,0
102,90,2,2,2,0,NaN,NaN,NaN,NaN,NaN,0,0,NaN,0
102,91,2,2,2,0,NaN,NaN,NaN,NaN,NaN,0,0,NaN,0
102,92,2,2,2,1,448,713,958,336,1294,0,-4,0.839864782,0
102,93,2,2,1,0,NaN,NaN,NaN,NaN,NaN,0,0,NaN,0
102,94,2,2,2,0,NaN,NaN,NaN,NaN,NaN,0,0,NaN,0
102,95,2,2,2,0,NaN,NaN,NaN,NaN,NaN,0,0,NaN,0
102,96,2,2,2,0,NaN,NaN,NaN,NaN,NaN,0,0,NaN,0
102,97,2,2,2,0,NaN,NaN,NaN,NaN,NaN,0,0,NaN,0
102,98,2,2,2,0,NaN,NaN,NaN,NaN,NaN,0,0,NaN,0
102,99,2,2,2,1,323,548,781,320,1101,0,-5,0.864687975,0
102,100,2,2,2,0,NaN,NaN,NaN,NaN,NaN,0,0,NaN,0
102,101,2,2,1,0,NaN,NaN,NaN,NaN,NaN,0,0,NaN,0
102,102,2,2,1,0,NaN,NaN,NaN,NaN,NaN,0,0,NaN,0
102,103,2,2,1,0,NaN,NaN,NaN,NaN,NaN,0,0,NaN,0
102,104,2,2,1,0,NaN,NaN,NaN,NaN,NaN,0,0,NaN,0
102,105,2,2,2,0,NaN,NaN,NaN,NaN,NaN,0,0,NaN,0
102,106,2,2,1,1,308,519,712,304,1016,0,-5,0.786269315,0
102,107,2,2,2,1,393,608,851,328,1179,0,1,0.857666136,0
102,108,2,2,2,0,NaN,NaN,NaN,NaN,NaN,0,0,NaN,0
102,109,2,2,1,0,NaN,NaN,NaN,NaN,NaN,0,0,NaN,0
102,110,2,2,2,1,356,545,779,360,1139,0,-1,0.832533728,0
102,111,2,2,1,1,283,476,695,400,1095,0,1,0.847980075,0
102,112,2,2,1,0,NaN,NaN,NaN,NaN,NaN,0,0,NaN,0
102,113,2,2,2,0,NaN,NaN,NaN,NaN,NaN,0,0,NaN,0
102,114,2,2,1,0,NaN,NaN,NaN,NaN,NaN,0,0,NaN,0
102,115,2,2,2,0,NaN,NaN,NaN,NaN,NaN,0,0,NaN,0
102,116,2,2,2,1,510,759,922,352,1274,0,-3,0.860648787,0
102,117,2,2,2,0,NaN,NaN,NaN,NaN,NaN,0,0,NaN,0
102,118,2,2,2,0,NaN,NaN,NaN,NaN,NaN,0,0,NaN,0
102,119,2,2,1,0,NaN,NaN,NaN,NaN,NaN,0,0,NaN,0
102,120,2,2,1,0,NaN,NaN,NaN,NaN,NaN,0,0,NaN,0
102,121,2,2,2,0,NaN,NaN,NaN,NaN,NaN,0,0,NaN,0
102,122,2,2,2,0,NaN,NaN,NaN,NaN,NaN,0,0,NaN,0
102,123,2,2,2,1,393,567,778,344,1122,0,-5,0.836810618,0
102,124,2,2,2,0,NaN,NaN,NaN,NaN,NaN,0,0,NaN,0
102,125,2,2,1,0,NaN,NaN,NaN,NaN,NaN,0,0,NaN,0
102,126,2,2,2,0,NaN,NaN,NaN,NaN,NaN,0,0,NaN,0
102,127,2,2,1,0,NaN,NaN,NaN,NaN,NaN,0,0,NaN,0
102,128,2,2,2,0,NaN,NaN,NaN,NaN,NaN,0,0,NaN,0
102,129,2,2,2,0,NaN,NaN,NaN,NaN,NaN,0,0,NaN,0
102,130,2,2,1,0,NaN,NaN,NaN,NaN,NaN,0,0,NaN,0
102,131,2,2,2,0,NaN,NaN,NaN,NaN,NaN,0,0,NaN,0
102,132,2,2,1,0,NaN,NaN,NaN,NaN,NaN,0,0,NaN,0
102,133,2,2,1,0,NaN,NaN,NaN,NaN,NaN,0,0,NaN,0
102,134,2,2,2,0,NaN,NaN,NaN,NaN,NaN,0,0,NaN,0
102,135,2,2,1,0,NaN,NaN,NaN,NaN,NaN,0,0,NaN,0
102,136,2,2,2,1,327,526,707,280,987,0,-11,0.853158537,0
102,137,2,2,1,1,294,503,684,296,980,0,1,0.834929387,0
102,138,2,2,1,0,NaN,NaN,NaN,NaN,NaN,0,0,NaN,0
102,139,2,2,2,0,NaN,NaN,NaN,NaN,NaN,0,0,NaN,0
102,140,2,2,2,0,NaN,NaN,NaN,NaN,NaN,0,0,NaN,0
102,141,2,2,1,0,NaN,NaN,NaN,NaN,NaN,0,0,NaN,0
102,142,2,2,1,1,NaN,NaN,NaN,NaN,NaN,1,-3,NaN,1
102,143,2,2,1,0,NaN,NaN,NaN,NaN,NaN,0,0,NaN,0
102,144,2,2,2,0,NaN,NaN,NaN,NaN,NaN,0,0,NaN,0
102,145,2,2,1,1,329,520,744,312,1056,0,-1,0.774291817,0
102,146,2,2,2,0,NaN,NaN,NaN,NaN,NaN,0,0,NaN,0
102,147,2,2,1,0,NaN,NaN,NaN,NaN,NaN,0,0,NaN,0
102,148,2,2,1,0,NaN,NaN,NaN,NaN,NaN,0,0,NaN,0
102,149,2,2,2,1,325,516,713,312,1025,0,-2,0.830336933,0
102,150,2,2,2,1,391,583,808,264,1072,0,1,0.828709255,0
102,151,2,2,1,0,NaN,NaN,NaN,NaN,NaN,0,0,NaN,0
102,152,2,2,2,1,299,496,706,296,1002,0,0,0.883961736,0
102,153,2,2,2,0,NaN,NaN,NaN,NaN,NaN,0,0,NaN,0
102,154,2,2,2,0,NaN,NaN,NaN,NaN,NaN,0,0,NaN,0
102,155,2,2,1,1,314,490,702,296,998,0,-1,0.767959508,0
102,156,2,2,1,0,NaN,NaN,NaN,NaN,NaN,0,0,NaN,0
102,157,2,2,2,0,NaN,NaN,NaN,NaN,NaN,0,0,NaN,0
102,158,2,2,1,1,335,474,649,264,913,0,-1,0.74638481,0
102,159,2,2,1,0,NaN,NaN,NaN,NaN,NaN,0,0,NaN,0
102,160,2,2,1,0,NaN,NaN,NaN,NaN,NaN,0,0,NaN,0
103,1,2,1,1,1,253,484,929,384,1313,0,0,0.757347609,0
103,2,2,1,1,1,377,593,860,360,1220,0,1,0.744969552,0
103,3,2,1,1,0,NaN,NaN,NaN,NaN,NaN,0,0,NaN,0
103,4,2,1,2,1,197,531,706,536,1242,0,0,0.743174577,0
103,5,2,1,1,0,NaN,NaN,NaN,NaN,NaN,0,0,NaN,0
103,6,2,1,1,1,226,508,748,488,1236,0,0,0.782616896,0
103,7,2,1,2,1,175,555,697,496,1193,0,1,0.736631913,0
103,8,2,1,1,1,248,530,748,536,1284,0,2,0.760336348,0
103,9,2,1,2,1,317,522,717,504,1221,0,3,0.744352345,0
103,10,2,1,1,1,351,501,681,528,1209,0,4,0.737362464,0
103,11,2,1,2,1,117,445,751,432,1183,0,5,0.790544151,0
103,12,2,1,2,1,170,415,733,536,1269,0,6,0.76137751,0
103,13,2,1,1,0,NaN,NaN,NaN,NaN,NaN,0,0,NaN,0
103,14,2,1,1,1,192,463,727,488,1215,0,0,0.817991162,0
103,15,2,1,2,0,NaN,NaN,NaN,NaN,NaN,0,0,NaN,0
103,16,2,1,1,1,210,526,749,456,1205,0,0,0.740998542,0
103,17,2,1,1,1,240,555,780,328,1108,0,1,0.79722896,0
103,18,2,1,1,1,152,460,660,400,1060,0,2,0.795515284,0
103,19,2,1,2,1,305,498,671,472,1143,0,3,0.66739665,0
103,20,2,1,1,1,199,512,692,464,1156,0,4,0.775298151,0
103,21,2,1,1,0,NaN,NaN,NaN,NaN,NaN,0,0,NaN,0
103,22,2,1,2,1,179,418,597,392,989,0,0,0.815306194,0
103,23,2,1,1,0,NaN,NaN,NaN,NaN,NaN,0,0,NaN,0
103,24,2,1,2,1,362,501,640,424,1064,0,0,0.759719684,0
103,25,2,1,2,0,NaN,NaN,NaN,NaN,NaN,0,0,NaN,0
103,26,2,1,2,1,268,444,587,432,1019,0,0,0.81409754,0
103,27,2,1,2,1,NaN,NaN,NaN,NaN,NaN,1,1,NaN,1
103,28,2,1,2,0,NaN,NaN,NaN,NaN,NaN,0,0,NaN,0
103,29,2,1,2,1,240,393,592,368,960,0,0,0.783063779,0
103,30,2,1,1,1,212,481,703,416,1119,0,1,0.806542609,0
103,31,2,1,2,1,227,456,713,504,1217,0,2,0.850202901,0
103,32,2,1,NaN,NaN,NaN,NaN,NaN,NaN,NaN,1,0,NaN,1
103,33,2,1,NaN,NaN,NaN,NaN,NaN,NaN,NaN,1,0,NaN,1
103,34,2,1,NaN,NaN,NaN,NaN,NaN,NaN,NaN,1,0,NaN,1
103,35,2,1,NaN,NaN,NaN,NaN,NaN,NaN,NaN,1,0,NaN,1
103,36,2,1,NaN,NaN,NaN,NaN,NaN,NaN,NaN,1,0,NaN,1
103,37,2,1,NaN,NaN,NaN,NaN,NaN,NaN,NaN,1,0,NaN,1
103,38,2,1,NaN,NaN,NaN,NaN,NaN,NaN,NaN,1,0,NaN,1
103,39,2,1,NaN,NaN,NaN,NaN,NaN,NaN,NaN,1,0,NaN,1
103,40,2,1,NaN,NaN,NaN,NaN,NaN,NaN,NaN,1,0,NaN,1
103,41,2,1,1,1,347,620,826,408,1234,0,0,0.781655152,0
103,42,2,1,2,0,NaN,NaN,NaN,NaN,NaN,0,0,NaN,0
103,43,2,1,2,1,256,482,649,424,1073,0,0,0.785185066,0
103,44,2,1,2,1,224,432,670,416,1086,0,1,0.836797655,0
103,45,2,1,1,1,139,433,613,416,1029,0,2,0.761157405,0
103,46,2,1,2,1,357,607,746,400,1146,0,3,0.81567603,0
103,47,2,1,1,1,251,443,615,424,1039,0,4,0.804922605,0
103,48,2,1,2,1,206,505,685,480,1165,0,5,0.838519617,0
103,49,2,1,2,1,185,458,642,511,1153,0,6,0.792410866,0
103,50,2,1,2,1,NaN,NaN,NaN,NaN,NaN,1,7,NaN,1
103,51,2,1,2,1,232,453,703,416,1119,0,8,0.825770466,0
103,52,2,1,2,1,179,402,598,408,1006,0,9,0.749481943,0
103,53,2,1,1,1,177,412,636,472,1108,0,10,0.775258424,0
103,54,2,1,2,1,177,410,661,488,1149,0,11,0.77977171,0
103,55,2,1,1,1,212,467,713,456,1169,0,12,0.812314574,0
103,56,2,1,2,1,203,415,593,440,1033,0,13,0.732436919,0
103,57,2,1,2,1,254,424,635,464,1099,0,14,0.733209047,0
103,58,2,1,1,0,NaN,NaN,NaN,NaN,NaN,0,0,NaN,0
103,59,2,1,2,1,176,425,613,456,1069,0,0,0.746622025,0
103,60,2,1,2,0,NaN,NaN,NaN,NaN,NaN,0,0,NaN,0
103,61,2,1,1,1,204,490,758,456,1214,0,0,0.753766574,0
103,62,2,1,2,1,219,378,541,440,981,0,1,0.706211825,0
103,63,2,1,1,1,160,533,786,424,1210,0,2,0.804013601,0
103,64,2,1,2,1,217,429,587,408,995,0,3,0.713656279,0
103,65,2,1,1,1,206,437,629,408,1037,0,4,0.742442367,0
103,66,2,1,1,0,NaN,NaN,NaN,NaN,NaN,0,0,NaN,0
103,67,2,1,1,1,193,466,662,400,1062,0,0,0.738998943,0
103,68,2,1,1,0,NaN,NaN,NaN,NaN,NaN,0,0,NaN,0
103,69,2,1,1,0,NaN,NaN,NaN,NaN,NaN,0,0,NaN,0
103,70,2,1,1,1,191,445,617,416,1033,0,-1,0.729894616,0
103,71,2,1,1,1,282,576,818,440,1258,0,1,0.763313202,0
103,72,2,1,1,1,214,548,747,480,1227,0,2,0.795786768,0
103,73,2,1,1,0,NaN,NaN,NaN,NaN,NaN,0,0,NaN,0
103,74,2,1,2,1,193,392,572,456,1028,0,0,0.752564406,0
103,75,2,1,2,0,NaN,NaN,NaN,NaN,NaN,0,0,NaN,0
103,76,2,1,2,0,NaN,NaN,NaN,NaN,NaN,0,0,NaN,0
103,77,2,1,1,1,208,457,636,472,1108,0,-1,0.725357058,0
103,78,2,1,1,1,192,475,679,440,1119,0,1,0.779167347,0
103,79,2,1,1,1,389,565,771,448,1219,0,2,0.802818069,0
103,80,2,1,2,0,NaN,NaN,NaN,NaN,NaN,0,0,NaN,0
103,81,2,2,1,1,422,681,981,376,1357,0,0,0.881442911,0
103,82,2,2,1,0,NaN,NaN,NaN,NaN,NaN,0,0,NaN,0
103,83,2,2,1,1,189,506,777,400,1177,0,0,0.737196251,0
103,84,2,2,1,0,NaN,NaN,NaN,NaN,NaN,0,0,NaN,0
103,85,2,2,1,0,NaN,NaN,NaN,NaN,NaN,0,0,NaN,0
103,86,2,2,1,1,NaN,NaN,NaN,NaN,NaN,1,-1,NaN,1
103,87,2,2,1,0,NaN,NaN,NaN,NaN,NaN,0,0,NaN,0
103,88,2,2,2,0,NaN,NaN,NaN,NaN,NaN,0,0,NaN,0
103,89,2,2,1,0,NaN,NaN,NaN,NaN,NaN,0,0,NaN,0
103,90,2,2,2,0,NaN,NaN,NaN,NaN,NaN,0,0,NaN,0
103,91,2,2,2,0,NaN,NaN,NaN,NaN,NaN,0,0,NaN,0
103,92,2,2,2,1,330,499,759,368,1127,0,-4,0.73451317,0
103,93,2,2,1,0,NaN,NaN,NaN,NaN,NaN,0,0,NaN,0
103,94,2,2,2,0,NaN,NaN,NaN,NaN,NaN,0,0,NaN,0
103,95,2,2,2,0,NaN,NaN,NaN,NaN,NaN,0,0,NaN,0
103,96,2,2,2,0,NaN,NaN,NaN,NaN,NaN,0,0,NaN,0
103,97,2,2,2,0,NaN,NaN,NaN,NaN,NaN,0,0,NaN,0
103,98,2,2,2,0,NaN,NaN,NaN,NaN,NaN,0,0,NaN,0
103,99,2,2,2,1,352,568,821,440,1261,0,-5,0.786136575,0
103,100,2,2,2,0,NaN,NaN,NaN,NaN,NaN,0,0,NaN,0
103,101,2,2,1,0,NaN,NaN,NaN,NaN,NaN,0,0,NaN,0
103,102,2,2,1,0,NaN,NaN,NaN,NaN,NaN,0,0,NaN,0
103,103,2,2,1,0,NaN,NaN,NaN,NaN,NaN,0,0,NaN,0
103,104,2,2,1,0,NaN,NaN,NaN,NaN,NaN,0,0,NaN,0
103,105,2,2,2,0,NaN,NaN,NaN,NaN,NaN,0,0,NaN,0
103,106,2,2,1,1,NaN,NaN,NaN,NaN,NaN,1,-5,NaN,1
103,107,2,2,2,1,276,542,806,432,1238,0,1,0.626812372,0
103,108,2,2,2,0,NaN,NaN,NaN,NaN,NaN,0,0,NaN,0
103,109,2,2,1,0,NaN,NaN,NaN,NaN,NaN,0,0,NaN,0
103,110,2,2,2,1,297,483,744,408,1152,0,-1,0.635701455,0
103,111,2,2,1,1,367,607,856,424,1280,0,1,0.823928734,0
103,112,2,2,1,0,NaN,NaN,NaN,NaN,NaN,0,0,NaN,0
103,113,2,2,2,0,NaN,NaN,NaN,NaN,NaN,0,0,NaN,0
103,114,2,2,1,0,NaN,NaN,NaN,NaN,NaN,0,0,NaN,0
103,115,2,2,2,0,NaN,NaN,NaN,NaN,NaN,0,0,NaN,0
103,116,2,2,2,1,226,478,760,400,1160,0,-3,0.755491455,0
103,117,2,2,2,0,NaN,NaN,NaN,NaN,NaN,0,0,NaN,0
103,118,2,2,2,0,NaN,NaN,NaN,NaN,NaN,0,0,NaN,0
103,119,2,2,1,0,NaN,NaN,NaN,NaN,NaN,0,0,NaN,0
103,120,2,2,1,0,NaN,NaN,NaN,NaN,NaN,0,0,NaN,0
103,121,2,2,2,0,NaN,NaN,NaN,NaN,NaN,0,0,NaN,0
103,122,2,2,2,0,NaN,NaN,NaN,NaN,NaN,0,0,NaN,0
103,123,2,2,2,1,358,549,821,480,1301,0,-5,0.700939005,0
103,124,2,2,2,0,NaN,NaN,NaN,NaN,NaN,0,0,NaN,0
103,125,2,2,1,0,NaN,NaN,NaN,NaN,NaN,0,0,NaN,0
103,126,2,2,2,0,NaN,NaN,NaN,NaN,NaN,0,0,NaN,0
103,127,2,2,1,0,NaN,NaN,NaN,NaN,NaN,0,0,NaN,0
103,128,2,2,2,0,NaN,NaN,NaN,NaN,NaN,0,0,NaN,0
103,129,2,2,2,0,NaN,NaN,NaN,NaN,NaN,0,0,NaN,0
103,130,2,2,1,0,NaN,NaN,NaN,NaN,NaN,0,0,NaN,0
103,131,2,2,2,0,NaN,NaN,NaN,NaN,NaN,0,0,NaN,0
103,132,2,2,1,0,NaN,NaN,NaN,NaN,NaN,0,0,NaN,0
103,133,2,2,1,0,NaN,NaN,NaN,NaN,NaN,0,0,NaN,0
103,134,2,2,2,0,NaN,NaN,NaN,NaN,NaN,0,0,NaN,0
103,135,2,2,1,0,NaN,NaN,NaN,NaN,NaN,0,0,NaN,0
103,136,2,2,2,1,277,544,762,416,1178,0,-11,0.780910486,0
103,137,2,2,1,1,197,497,740,488,1228,0,1,0.755922058,0
103,138,2,2,1,0,NaN,NaN,NaN,NaN,NaN,0,0,NaN,0
103,139,2,2,2,0,NaN,NaN,NaN,NaN,NaN,0,0,NaN,0
103,140,2,2,2,0,NaN,NaN,NaN,NaN,NaN,0,0,NaN,0
103,141,2,2,1,0,NaN,NaN,NaN,NaN,NaN,0,0,NaN,0
103,142,2,2,1,1,197,541,835,392,1227,0,-3,0.833375693,0
103,143,2,2,1,0,NaN,NaN,NaN,NaN,NaN,0,0,NaN,0
103,144,2,2,2,0,NaN,NaN,NaN,NaN,NaN,0,0,NaN,0
103,145,2,2,1,1,238,512,874,448,1322,0,-1,0.791190076,0
103,146,2,2,2,0,NaN,NaN,NaN,NaN,NaN,0,0,NaN,0
103,147,2,2,1,0,NaN,NaN,NaN,NaN,NaN,0,0,NaN,0
103,148,2,2,1,0,NaN,NaN,NaN,NaN,NaN,0,0,NaN,0
103,149,2,2,2,1,306,553,785,488,1273,0,-2,0.767544007,0
103,150,2,2,2,1,202,427,654,520,1174,0,1,0.775241832,0
103,151,2,2,1,0,NaN,NaN,NaN,NaN,NaN,0,0,NaN,0
103,152,2,2,2,1,332,579,884,456,1340,0,0,0.740189698,0
103,153,2,2,2,0,NaN,NaN,NaN,NaN,NaN,0,0,NaN,0
103,154,2,2,2,0,NaN,NaN,NaN,NaN,NaN,0,0,NaN,0
103,155,2,2,1,1,238,432,737,432,1169,0,-1,0.749502147,0
103,156,2,2,1,0,NaN,NaN,NaN,NaN,NaN,0,0,NaN,0
103,157,2,2,2,0,NaN,NaN,NaN,NaN,NaN,0,0,NaN,0
103,158,2,2,1,1,236,506,808,448,1256,0,-1,0.778746753,0
103,159,2,2,1,0,NaN,NaN,NaN,NaN,NaN,0,0,NaN,0
103,160,2,2,1,0,NaN,NaN,NaN,NaN,NaN,0,0,NaN,0
104,1,2,1,1,1,415,635,994,464,1458,0,0,0.729643208,0
104,2,2,1,1,1,389,607,862,544,1406,0,1,0.653579393,0
104,3,2,1,1,0,NaN,NaN,NaN,NaN,NaN,0,0,NaN,0
104,4,2,1,2,1,219,475,760,568,1328,0,0,0.659434804,0
104,5,2,1,1,0,NaN,NaN,NaN,NaN,NaN,0,0,NaN,0
104,6,2,1,1,1,NaN,NaN,NaN,NaN,NaN,1,0,NaN,1
104,7,2,1,2,1,179,435,656,640,1296,0,1,0.683473833,0
104,8,2,1,1,1,210,509,877,258,1135,0,2,0.815607778,0
104,9,2,1,2,1,339,574,882,367,1249,0,3,0.741399898,0
104,10,2,1,1,1,305,549,833,475,1308,0,4,0.784968579,0
104,11,2,1,2,1,210,457,692,496,1188,0,5,0.852808087,0
104,12,2,1,2,1,310,583,826,480,1306,0,6,0.859511155,0
104,13,2,1,1,0,NaN,NaN,NaN,NaN,NaN,0,0,NaN,0
104,14,2,1,1,1,190,488,718,520,1238,0,0,1,0
104,15,2,1,2,0,NaN,NaN,NaN,NaN,NaN,0,0,NaN,0
104,16,2,1,1,1,205,454,738,528,1266,0,0,0.828934582,0
104,17,2,1,1,1,224,459,642,496,1138,0,1,0.770946161,0
104,18,2,1,1,1,256,520,720,440,1160,0,2,1,0
104,19,2,1,2,1,290,577,800,544,1344,0,3,0.635212939,0
104,20,2,1,1,1,327,560,768,408,1176,0,4,0.925454705,0
104,21,2,1,1,0,NaN,NaN,NaN,NaN,NaN,0,0,NaN,0
104,22,2,1,2,1,218,489,748,528,1276,0,0,0.944325601,0
104,23,2,1,1,0,NaN,NaN,NaN,NaN,NaN,0,0,NaN,0
104,24,2,1,2,1,288,573,794,400,1194,0,0,0.897714527,0
104,25,2,1,2,0,NaN,NaN,NaN,NaN,NaN,0,0,NaN,0
104,26,2,1,2,1,276,569,788,544,1332,0,0,0.915582322,0
104,27,2,1,2,1,225,502,652,416,1068,0,1,0.885285866,0
104,28,2,1,2,0,NaN,NaN,NaN,NaN,NaN,0,0,NaN,0
104,29,2,1,2,1,193,546,714,448,1162,0,0,0.920581141,0
104,30,2,1,1,1,401,670,826,424,1250,0,1,1,0
104,31,2,1,2,1,283,571,776,544,1320,0,2,0.957546745,0
104,32,2,1,2,1,299,505,656,392,1048,0,3,0.795249297,0
104,33,2,1,1,1,281,595,744,416,1160,0,4,1,0
104,34,2,1,2,0,NaN,NaN,NaN,NaN,NaN,0,0,NaN,0
104,35,2,1,2,0,NaN,NaN,NaN,NaN,NaN,0,0,NaN,0
104,36,2,1,1,1,264,561,710,352,1062,0,-1,1,0
104,37,2,1,1,1,371,671,840,336,1176,0,1,1,0
104,38,2,1,2,1,234,522,702,320,1022,0,2,1,0
104,39,2,1,1,1,211,424,562,328,890,0,3,1,0
104,40,2,1,2,1,256,532,712,360,1072,0,4,0.959906167,0
104,41,2,1,1,1,263,537,702,312,1014,0,5,1,0
104,42,2,1,2,0,NaN,NaN,NaN,NaN,NaN,0,0,NaN,0
104,43,2,1,2,1,221,465,656,432,1088,0,0,0.958970649,0
104,44,2,1,2,1,179,418,588,424,1012,0,1,0.968587391,0
104,45,2,1,1,1,333,615,746,328,1074,0,2,1,0
104,46,2,1,2,1,277,515,666,360,1026,0,3,1,0
104,47,2,1,1,1,315,516,644,320,964,0,4,1,0
104,48,2,1,2,1,294,584,748,352,1100,0,5,0.944831224,0
104,49,2,1,2,1,149,419,558,344,902,0,6,0.945942968,0
104,50,2,1,2,1,303,612,770,464,1234,0,7,0.938626518,0
104,51,2,1,2,1,338,569,784,448,1232,0,8,0.972462323,0
104,52,2,1,2,1,295,582,722,352,1074,0,9,1,0
104,53,2,1,1,1,298,557,708,360,1068,0,10,1,0
104,54,2,1,2,1,230,544,686,328,1014,0,11,1,0
104,55,2,1,1,1,305,552,686,328,1014,0,12,1,0
104,56,2,1,2,1,181,457,670,360,1030,0,13,0.870189357,0
104,57,2,1,2,1,170,440,616,328,944,0,14,0.885345833,0
104,58,2,1,1,0,NaN,NaN,NaN,NaN,NaN,0,0,NaN,0
104,59,2,1,2,1,305,588,760,352,1112,0,0,0.967989557,0
104,60,2,1,2,0,NaN,NaN,NaN,NaN,NaN,0,0,NaN,0
104,61,2,1,1,1,429,633,772,368,1140,0,0,1,0
104,62,2,1,2,1,207,507,666,368,1034,0,1,0.945415944,0
104,63,2,1,1,1,236,485,614,312,926,0,2,1,0
104,64,2,1,2,1,264,554,698,360,1058,0,3,0.952266565,0
104,65,2,1,1,1,218,552,712,288,1000,0,4,1,0
104,66,2,1,1,0,NaN,NaN,NaN,NaN,NaN,0,0,NaN,0
104,67,2,1,1,1,250,538,682,240,922,0,0,1,0
104,68,2,1,1,0,NaN,NaN,NaN,NaN,NaN,0,0,NaN,0
104,69,2,1,1,0,NaN,NaN,NaN,NaN,NaN,0,0,NaN,0
104,70,2,1,1,1,369,532,688,272,960,0,-1,1,0
104,71,2,1,1,1,364,610,870,312,1182,0,1,0.914768799,0
104,72,2,1,1,1,351,595,792,376,1168,0,2,0.776261985,0
104,73,2,1,1,0,NaN,NaN,NaN,NaN,NaN,0,0,NaN,0
104,74,2,1,2,1,383,624,828,402,1230,0,0,0.888034213,0
104,75,2,1,2,0,NaN,NaN,NaN,NaN,NaN,0,0,NaN,0
104,76,2,1,2,0,NaN,NaN,NaN,NaN,NaN,0,0,NaN,0
104,77,2,1,1,1,245,545,744,312,1056,0,-1,1,0
104,78,2,1,1,1,231,505,694,352,1046,0,1,0.819101612,0
104,79,2,1,1,1,298,561,722,296,1018,0,2,0.910346979,0
104,80,2,1,2,0,NaN,NaN,NaN,NaN,NaN,0,0,NaN,0
104,81,2,2,1,1,314,632,794,296,1090,0,0,1,0
104,82,2,2,1,0,NaN,NaN,NaN,NaN,NaN,0,0,NaN,0
104,83,2,2,1,1,214,497,710,328,1038,0,0,1,0
104,84,2,2,1,0,NaN,NaN,NaN,NaN,NaN,0,0,NaN,0
104,85,2,2,1,0,NaN,NaN,NaN,NaN,NaN,0,0,NaN,0
104,86,2,2,1,1,191,478,682,360,1042,0,-1,0.897740464,0
104,87,2,2,1,0,NaN,NaN,NaN,NaN,NaN,0,0,NaN,0
104,88,2,2,2,0,NaN,NaN,NaN,NaN,NaN,0,0,NaN,0
104,89,2,2,1,0,NaN,NaN,NaN,NaN,NaN,0,0,NaN,0
104,90,2,2,2,0,NaN,NaN,NaN,NaN,NaN,0,0,NaN,0
104,91,2,2,2,0,NaN,NaN,NaN,NaN,NaN,0,0,NaN,0
104,92,2,2,2,1,248,535,734,416,1150,0,-4,0.937422504,0
104,93,2,2,1,0,NaN,NaN,NaN,NaN,NaN,0,0,NaN,0
104,94,2,2,2,0,NaN,NaN,NaN,NaN,NaN,0,0,NaN,0
104,95,2,2,2,0,NaN,NaN,NaN,NaN,NaN,0,0,NaN,0
104,96,2,2,2,0,NaN,NaN,NaN,NaN,NaN,0,0,NaN,0
104,97,2,2,2,0,NaN,NaN,NaN,NaN,NaN,0,0,NaN,0
104,98,2,2,2,0,NaN,NaN,NaN,NaN,NaN,0,0,NaN,0
104,99,2,2,2,1,305,595,804,376,1180,0,-5,0.98954787,0
104,100,2,2,2,0,NaN,NaN,NaN,NaN,NaN,0,0,NaN,0
104,101,2,2,1,0,NaN,NaN,NaN,NaN,NaN,0,0,NaN,0
104,102,2,2,1,0,NaN,NaN,NaN,NaN,NaN,0,0,NaN,0
104,103,2,2,1,0,NaN,NaN,NaN,NaN,NaN,0,0,NaN,0
104,104,2,2,1,0,NaN,NaN,NaN,NaN,NaN,0,0,NaN,0
104,105,2,2,2,0,NaN,NaN,NaN,NaN,NaN,0,0,NaN,0
104,106,2,2,1,1,371,721,898,360,1258,0,-5,0.915389105,0
104,107,2,2,2,1,382,668,882,448,1330,0,1,0.971892706,0
104,108,2,2,2,0,NaN,NaN,NaN,NaN,NaN,0,0,NaN,0
104,109,2,2,1,0,NaN,NaN,NaN,NaN,NaN,0,0,NaN,0
104,110,2,2,2,1,229,527,698,360,1058,0,-1,0.96476847,0
104,111,2,2,1,1,409,675,844,352,1196,0,1,1,0
104,112,2,2,1,0,NaN,NaN,NaN,NaN,NaN,0,0,NaN,0
104,113,2,2,2,0,NaN,NaN,NaN,NaN,NaN,0,0,NaN,0
104,114,2,2,1,0,NaN,NaN,NaN,NaN,NaN,0,0,NaN,0
104,115,2,2,2,0,NaN,NaN,NaN,NaN,NaN,0,0,NaN,0
104,116,2,2,2,1,282,580,766,424,1190,0,-3,0.990052836,0
104,117,2,2,2,0,NaN,NaN,NaN,NaN,NaN,0,0,NaN,0
104,118,2,2,2,0,NaN,NaN,NaN,NaN,NaN,0,0,NaN,0
104,119,2,2,1,0,NaN,NaN,NaN,NaN,NaN,0,0,NaN,0
104,120,2,2,1,0,NaN,NaN,NaN,NaN,NaN,0,0,NaN,0
104,121,2,2,2,0,NaN,NaN,NaN,NaN,NaN,0,0,NaN,0
104,122,2,2,2,0,NaN,NaN,NaN,NaN,NaN,0,0,NaN,0
104,123,2,2,2,1,323,643,816,464,1280,0,-5,0.994465766,0
104,124,2,2,2,0,NaN,NaN,NaN,NaN,NaN,0,0,NaN,0
104,125,2,2,1,0,NaN,NaN,NaN,NaN,NaN,0,0,NaN,0
104,126,2,2,2,0,NaN,NaN,NaN,NaN,NaN,0,0,NaN,0
104,127,2,2,1,0,NaN,NaN,NaN,NaN,NaN,0,0,NaN,0
104,128,2,2,2,0,NaN,NaN,NaN,NaN,NaN,0,0,NaN,0
104,129,2,2,2,0,NaN,NaN,NaN,NaN,NaN,0,0,NaN,0
104,130,2,2,1,0,NaN,NaN,NaN,NaN,NaN,0,0,NaN,0
104,131,2,2,2,0,NaN,NaN,NaN,NaN,NaN,0,0,NaN,0
104,132,2,2,1,0,NaN,NaN,NaN,NaN,NaN,0,0,NaN,0
104,133,2,2,1,0,NaN,NaN,NaN,NaN,NaN,0,0,NaN,0
104,134,2,2,2,0,NaN,NaN,NaN,NaN,NaN,0,0,NaN,0
104,135,2,2,1,0,NaN,NaN,NaN,NaN,NaN,0,0,NaN,0
104,136,2,2,2,1,286,573,760,488,1248,0,-11,0.980305024,0
104,137,2,2,1,1,301,605,794,336,1130,0,1,0.922507126,0
104,138,2,2,1,0,NaN,NaN,NaN,NaN,NaN,0,0,NaN,0
104,139,2,2,2,0,NaN,NaN,NaN,NaN,NaN,0,0,NaN,0
104,140,2,2,2,0,NaN,NaN,NaN,NaN,NaN,0,0,NaN,0
104,141,2,2,1,0,NaN,NaN,NaN,NaN,NaN,0,0,NaN,0
104,142,2,2,1,1,314,596,794,328,1122,0,-3,0.895182431,0
104,143,2,2,1,0,NaN,NaN,NaN,NaN,NaN,0,0,NaN,0
104,144,2,2,2,0,NaN,NaN,NaN,NaN,NaN,0,0,NaN,0
104,145,2,2,1,1,259,545,760,312,1072,0,-1,0.879436553,0
104,146,2,2,2,0,NaN,NaN,NaN,NaN,NaN,0,0,NaN,0
104,147,2,2,1,0,NaN,NaN,NaN,NaN,NaN,0,0,NaN,0
104,148,2,2,1,0,NaN,NaN,NaN,NaN,NaN,0,0,NaN,0
104,149,2,2,2,1,252,498,686,480,1166,0,-2,0.936548153,0
104,150,2,2,2,1,266,519,688,384,1072,0,1,0.873024862,0
104,151,2,2,1,0,NaN,NaN,NaN,NaN,NaN,0,0,NaN,0
104,152,2,2,2,1,267,557,730,400,1130,0,0,1,0
104,153,2,2,2,0,NaN,NaN,NaN,NaN,NaN,0,0,NaN,0
104,154,2,2,2,0,NaN,NaN,NaN,NaN,NaN,0,0,NaN,0
104,155,2,2,1,1,307,570,726,328,1054,0,-1,1,0
104,156,2,2,1,0,NaN,NaN,NaN,NaN,NaN,0,0,NaN,0
104,157,2,2,2,0,NaN,NaN,NaN,NaN,NaN,0,0,NaN,0
104,158,2,2,1,1,269,572,760,320,1080,0,-1,1,0
104,159,2,2,1,0,NaN,NaN,NaN,NaN,NaN,0,0,NaN,0
104,160,2,2,1,0,NaN,NaN,NaN,NaN,NaN,0,0,NaN,0
105,1,2,1,1,1,425,671,960,480,1440,0,0,0.79891578,0
105,2,2,1,1,1,292,542,780,400,1180,0,1,0.833942837,0
105,3,2,1,1,0,NaN,NaN,NaN,NaN,NaN,0,0,NaN,0
105,4,2,1,2,1,372,615,888,528,1416,0,0,0.817298874,0
105,5,2,1,1,0,NaN,NaN,NaN,NaN,NaN,0,0,NaN,0
105,6,2,1,1,1,336,649,800,480,1280,0,0,0.843762108,0
105,7,2,1,2,1,NaN,NaN,900,485,1385,0,1,NaN,1
105,8,2,1,1,1,795,981,1312,504,1816,0,2,0.760235571,0
105,9,2,1,2,1,346,559,754,544,1298,0,3,0.455064402,0
105,10,2,1,1,1,272,529,796,496,1292,0,4,0.857181172,0
105,11,2,1,2,1,372,591,934,584,1518,0,5,0.631384813,0
105,12,2,1,2,1,400,619,828,504,1332,0,6,0.722433941,0
105,13,2,1,1,0,NaN,NaN,NaN,NaN,NaN,0,0,NaN,0
105,14,2,1,1,1,491,717,990,448,1438,0,0,0.743661892,0
105,15,2,1,2,0,NaN,NaN,NaN,NaN,NaN,0,0,NaN,0
105,16,2,1,1,1,362,606,920,576,1496,0,0,0.878979268,0
105,17,2,1,1,1,444,830,990,432,1422,0,1,0.835832509,0
105,18,2,1,1,1,402,632,888,440,1328,0,2,0.713605309,0
105,19,2,1,2,1,210,548,738,568,1306,0,3,0.670831184,0
105,20,2,1,1,1,239,461,690,488,1178,0,4,0.82768016,0
105,21,2,1,1,0,NaN,NaN,NaN,NaN,NaN,0,0,NaN,0
105,22,2,1,2,1,NaN,NaN,824,534,1358,0,0,NaN,1
105,23,2,1,1,0,NaN,NaN,NaN,NaN,NaN,0,0,NaN,0
105,24,2,1,2,1,250,478,795,398,1193,0,0,0.629162189,0
105,25,2,1,2,0,NaN,NaN,NaN,NaN,NaN,0,0,NaN,0
105,26,2,1,NaN,NaN,NaN,NaN,NaN,NaN,NaN,1,0,NaN,1
105,27,2,1,2,1,336,635,904,462,1366,0,0,0.659461614,0
105,28,2,1,2,0,NaN,NaN,NaN,NaN,NaN,0,0,NaN,0
105,29,2,1,2,1,277,445,600,552,1152,0,0,0.365307762,0
105,30,2,1,1,1,748,954,1198,544,1742,0,1,0.777122025,0
105,31,2,1,2,1,NaN,NaN,NaN,NaN,NaN,1,2,NaN,1
105,32,2,1,2,1,278,513,762,544,1306,0,3,0.450783278,0
105,33,2,1,1,1,NaN,NaN,NaN,NaN,NaN,1,4,NaN,1
105,34,2,1,2,0,NaN,NaN,NaN,NaN,NaN,0,0,NaN,0
105,35,2,1,2,0,NaN,NaN,NaN,NaN,NaN,0,0,NaN,0
105,36,2,1,1,1,265,408,606,448,1054,0,-1,0.510299816,0
105,37,2,1,1,1,309,637,824,432,1256,0,1,0.775156979,0
105,38,2,1,2,1,575,804,972,464,1436,0,2,0.686298037,0
105,39,2,1,1,1,343,545,776,432,1208,0,3,0.623541924,0
105,40,2,1,2,1,NaN,NaN,NaN,NaN,NaN,1,4,NaN,1
105,41,2,1,1,1,1503,1732,2026,448,2474,0,5,0.762526016,0
105,42,2,1,2,0,NaN,NaN,NaN,NaN,NaN,0,0,NaN,0
105,43,2,1,2,1,305,490,678,496,1174,0,0,0.452348282,0
105,44,2,1,2,1,354,620,814,464,1278,0,1,0.687093328,0
105,45,2,1,1,1,251,452,704,408,1112,0,2,0.855531392,0
105,46,2,1,2,1,207,497,674,480,1154,0,3,0.7185147,0
105,47,2,1,1,1,231,444,668,432,1100,0,4,0.668540369,0
105,48,2,1,2,1,NaN,NaN,NaN,NaN,NaN,1,5,NaN,1
105,49,2,1,2,1,241,396,588,346,934,0,6,0.603166945,0
105,50,2,1,2,1,169,374,612,448,1060,0,7,0.536658967,0
105,51,2,1,2,1,1111,1862,2758,544,3302,0,8,0.121776092,0
105,52,2,1,2,1,NaN,NaN,638,309,947,0,9,NaN,1
105,53,2,1,1,1,NaN,NaN,NaN,NaN,NaN,1,10,NaN,1
105,54,2,1,2,1,164,337,504,520,1024,0,11,0.409200971,0
105,55,2,1,1,1,NaN,NaN,NaN,NaN,NaN,1,12,NaN,1
105,56,2,1,2,1,176,357,510,528,1038,0,13,0.425416434,0
105,57,2,1,2,1,151,398,620,456,1076,0,14,0.700683028,0
105,58,2,1,1,0,NaN,NaN,NaN,NaN,NaN,0,0,NaN,0
105,59,2,1,2,1,166,347,590,416,1006,0,0,0.754491609,0
105,60,2,1,2,0,NaN,NaN,NaN,NaN,NaN,0,0,NaN,0
105,61,2,1,1,1,278,592,850,560,1410,0,0,0.51563666,0
105,62,2,1,2,1,NaN,NaN,NaN,NaN,NaN,1,1,NaN,1
105,63,2,1,1,1,277,512,748,384,1132,0,2,0.538356952,0
105,64,2,1,2,1,251,418,826,460,1286,0,3,0.602637818,0
105,65,2,1,1,1,254,519,744,408,1152,0,4,0.794033641,0
105,66,2,1,1,0,NaN,NaN,NaN,NaN,NaN,0,0,NaN,0
105,67,2,1,1,1,392,621,884,384,1268,0,0,0.799099284,0
105,68,2,1,1,0,NaN,NaN,NaN,NaN,NaN,0,0,NaN,0
105,69,2,1,1,0,NaN,NaN,NaN,NaN,NaN,0,0,NaN,0
105,70,2,1,1,1,195,304,432,472,904,0,-1,NaN,0
105,71,2,1,1,1,644,959,1260,424,1684,0,1,0.76808487,0
105,72,2,1,1,1,253,600,884,408,1292,0,2,0.824273447,0
105,73,2,1,1,0,NaN,NaN,NaN,NaN,NaN,0,0,NaN,0
105,74,2,1,2,1,NaN,NaN,NaN,NaN,NaN,1,0,NaN,1
105,75,2,1,2,0,NaN,NaN,NaN,NaN,NaN,0,0,NaN,0
105,76,2,1,2,0,NaN,NaN,NaN,NaN,NaN,0,0,NaN,0
105,77,2,1,1,1,217,342,478,512,990,0,-1,0.266214799,0
105,78,2,1,1,1,246,380,500,424,924,0,1,0.242410572,0
105,79,2,1,1,1,NaN,NaN,NaN,NaN,NaN,1,2,NaN,1
105,80,2,1,2,0,NaN,NaN,NaN,NaN,NaN,0,0,NaN,0
105,81,2,2,1,1,NaN,NaN,NaN,NaN,NaN,1,0,NaN,1
105,82,2,2,1,0,NaN,NaN,NaN,NaN,NaN,0,0,NaN,0
105,83,2,2,1,1,349,557,798,512,1310,0,0,0.658872973,0
105,84,2,2,1,0,NaN,NaN,NaN,NaN,NaN,0,0,NaN,0
105,85,2,2,1,0,NaN,NaN,NaN,NaN,NaN,0,0,NaN,0
105,86,2,2,1,1,NaN,NaN,NaN,NaN,NaN,1,-1,NaN,1
105,87,2,2,1,0,NaN,NaN,NaN,NaN,NaN,0,0,NaN,0
105,88,2,2,2,0,NaN,NaN,NaN,NaN,NaN,0,0,NaN,0
105,89,2,2,1,0,NaN,NaN,NaN,NaN,NaN,0,0,NaN,0
105,90,2,2,2,0,NaN,NaN,NaN,NaN,NaN,0,0,NaN,0
105,91,2,2,2,0,NaN,NaN,NaN,NaN,NaN,0,0,NaN,0
105,92,2,2,2,1,412,628,846,432,1278,0,-4,0.678433205,0
105,93,2,2,1,0,NaN,NaN,NaN,NaN,NaN,0,0,NaN,0
105,94,2,2,2,0,NaN,NaN,NaN,NaN,NaN,0,0,NaN,0
105,95,2,2,2,0,NaN,NaN,NaN,NaN,NaN,0,0,NaN,0
105,96,2,2,2,0,NaN,NaN,NaN,NaN,NaN,0,0,NaN,0
105,97,2,2,2,0,NaN,NaN,NaN,NaN,NaN,0,0,NaN,0
105,98,2,2,2,0,NaN,NaN,NaN,NaN,NaN,0,0,NaN,0
105,99,2,2,2,1,NaN,NaN,NaN,NaN,NaN,1,-5,NaN,1
105,100,2,2,2,0,NaN,NaN,NaN,NaN,NaN,0,0,NaN,0
105,101,2,2,1,0,NaN,NaN,NaN,NaN,NaN,0,0,NaN,0
105,102,2,2,1,0,NaN,NaN,NaN,NaN,NaN,0,0,NaN,0
105,103,2,2,1,0,NaN,NaN,NaN,NaN,NaN,0,0,NaN,0
105,104,2,2,1,0,NaN,NaN,NaN,NaN,NaN,0,0,NaN,0
105,105,2,2,2,0,NaN,NaN,NaN,NaN,NaN,0,0,NaN,0
105,106,2,2,1,1,427,719,990,440,1430,0,-5,0.651877948,0
105,107,2,2,2,1,NaN,NaN,NaN,NaN,NaN,1,1,NaN,1
105,108,2,2,2,0,NaN,NaN,NaN,NaN,NaN,0,0,NaN,0
105,109,2,2,1,0,NaN,NaN,NaN,NaN,NaN,0,0,NaN,0
105,110,2,2,2,1,224,426,614,384,998,0,-1,0.528540395,0
105,111,2,2,1,1,NaN,NaN,NaN,NaN,NaN,1,1,NaN,1
105,112,2,2,1,0,NaN,NaN,NaN,NaN,NaN,0,0,NaN,0
105,113,2,2,2,0,NaN,NaN,NaN,NaN,NaN,0,0,NaN,0
105,114,2,2,1,0,NaN,NaN,NaN,NaN,NaN,0,0,NaN,0
105,115,2,2,2,0,NaN,NaN,NaN,NaN,NaN,0,0,NaN,0
105,116,2,2,2,1,NaN,NaN,NaN,NaN,NaN,1,-3,NaN,1
105,117,2,2,2,0,NaN,NaN,NaN,NaN,NaN,0,0,NaN,0
105,118,2,2,2,0,NaN,NaN,NaN,NaN,NaN,0,0,NaN,0
105,119,2,2,1,0,NaN,NaN,NaN,NaN,NaN,0,0,NaN,0
105,120,2,2,1,0,NaN,NaN,NaN,NaN,NaN,0,0,NaN,0
105,121,2,2,2,0,NaN,NaN,NaN,NaN,NaN,0,0,NaN,0
105,122,2,2,2,0,NaN,NaN,NaN,NaN,NaN,0,0,NaN,0
105,123,2,2,2,1,405,692,908,432,1340,0,-5,0.707085507,0
105,124,2,2,2,0,NaN,NaN,NaN,NaN,NaN,0,0,NaN,0
105,125,2,2,1,0,NaN,NaN,NaN,NaN,NaN,0,0,NaN,0
105,126,2,2,2,0,NaN,NaN,NaN,NaN,NaN,0,0,NaN,0
105,127,2,2,1,0,NaN,NaN,NaN,NaN,NaN,0,0,NaN,0
105,128,2,2,2,0,NaN,NaN,NaN,NaN,NaN,0,0,NaN,0
105,129,2,2,2,0,NaN,NaN,NaN,NaN,NaN,0,0,NaN,0
105,130,2,2,1,0,NaN,NaN,NaN,NaN,NaN,0,0,NaN,0
105,131,2,2,2,0,NaN,NaN,NaN,NaN,NaN,0,0,NaN,0
105,132,2,2,1,0,NaN,NaN,NaN,NaN,NaN,0,0,NaN,0
105,133,2,2,1,0,NaN,NaN,NaN,NaN,NaN,0,0,NaN,0
105,134,2,2,2,0,NaN,NaN,NaN,NaN,NaN,0,0,NaN,0
105,135,2,2,1,0,NaN,NaN,NaN,NaN,NaN,0,0,NaN,0
105,136,2,2,2,1,313,541,808,448,1256,0,-11,0.712637746,0
105,137,2,2,1,1,332,550,816,344,1160,0,1,0.715837687,0
105,138,2,2,1,0,NaN,NaN,NaN,NaN,NaN,0,0,NaN,0
105,139,2,2,2,0,NaN,NaN,NaN,NaN,NaN,0,0,NaN,0
105,140,2,2,2,0,NaN,NaN,NaN,NaN,NaN,0,0,NaN,0
105,141,2,2,1,0,NaN,NaN,NaN,NaN,NaN,0,0,NaN,0
105,142,2,2,1,1,321,524,774,368,1142,0,-3,0.65376903,0
105,143,2,2,1,0,NaN,NaN,NaN,NaN,NaN,0,0,NaN,0
105,144,2,2,2,0,NaN,NaN,NaN,NaN,NaN,0,0,NaN,0
105,145,2,2,1,1,440,660,918,312,1230,0,-1,0.530782844,0
105,146,2,2,2,0,NaN,NaN,NaN,NaN,NaN,0,0,NaN,0
105,147,2,2,1,0,NaN,NaN,NaN,NaN,NaN,0,0,NaN,0
105,148,2,2,1,0,NaN,NaN,NaN,NaN,NaN,0,0,NaN,0
105,149,2,2,2,1,475,699,1016,456,1472,0,-2,0.827818197,0
105,150,2,2,2,1,311,490,630,512,1142,0,1,0.347953825,0
105,151,2,2,1,0,NaN,NaN,NaN,NaN,NaN,0,0,NaN,0
105,152,2,2,2,1,321,549,726,464,1190,0,0,0.300352302,0
105,153,2,2,2,0,NaN,NaN,NaN,NaN,NaN,0,0,NaN,0
105,154,2,2,2,0,NaN,NaN,NaN,NaN,NaN,0,0,NaN,0
105,155,2,2,1,1,328,485,734,408,1142,0,-1,0.420836179,0
105,156,2,2,1,0,NaN,NaN,NaN,NaN,NaN,0,0,NaN,0
105,157,2,2,2,0,NaN,NaN,NaN,NaN,NaN,0,0,NaN,0
105,158,2,2,1,1,415,616,880,560,1440,0,-1,0.652352576,0
105,159,2,2,1,0,NaN,NaN,NaN,NaN,NaN,0,0,NaN,0
105,160,2,2,1,0,NaN,NaN,NaN,NaN,NaN,0,0,NaN,0
106,1,2,1,1,1,361,649,836,368,1204,0,0,0.834625015,0
106,2,2,1,1,1,372,567,805,384,1189,0,1,0.718522122,0
106,3,2,1,1,0,NaN,NaN,NaN,NaN,NaN,0,0,NaN,0
106,4,2,1,2,1,506,717,943,390,1333,0,0,0.712568629,0
106,5,2,1,1,0,NaN,NaN,NaN,NaN,NaN,0,0,NaN,0
106,6,2,1,1,1,NaN,NaN,NaN,NaN,NaN,1,0,NaN,1
106,7,2,1,2,1,NaN,NaN,NaN,NaN,NaN,1,1,NaN,1
106,8,2,1,1,1,NaN,NaN,NaN,NaN,NaN,1,2,NaN,1
106,9,2,1,2,1,183,403,626,420,1046,0,3,0.74491428,0
106,10,2,1,1,1,NaN,NaN,NaN,NaN,NaN,1,4,NaN,1
106,11,2,1,2,1,216,477,690,344,1034,0,5,0.713680165,0
106,12,2,1,2,1,247,402,1017,242,1259,0,6,0.704529949,0
106,13,2,1,1,0,NaN,NaN,NaN,NaN,NaN,0,0,NaN,0
106,14,2,1,1,1,206,456,671,336,1007,0,0,0.70790638,0
106,15,2,1,2,0,NaN,NaN,NaN,NaN,NaN,0,0,NaN,0
106,16,2,1,1,1,235,550,746,344,1090,0,0,0.698491219,0
106,17,2,1,1,1,350,577,720,376,1096,0,1,0.738733883,0
106,18,2,1,1,1,359,591,736,320,1056,0,2,0.727443435,0
106,19,2,1,2,1,310,586,790,320,1110,0,3,0.672300939,0
106,20,2,1,1,1,177,425,601,368,969,0,4,0.764988359,0
106,21,2,1,1,0,NaN,NaN,NaN,NaN,NaN,0,0,NaN,0
106,22,2,1,2,1,201,527,744,352,1096,0,0,0.798692844,0
106,23,2,1,1,0,NaN,NaN,NaN,NaN,NaN,0,0,NaN,0
106,24,2,1,2,1,223,481,739,320,1059,0,0,0.794951376,0
106,25,2,1,2,0,NaN,NaN,NaN,NaN,NaN,0,0,NaN,0
106,26,2,1,2,1,289,519,771,336,1107,0,0,0.694396682,0
106,27,2,1,2,1,432,631,842,464,1306,0,1,0.685944466,0
106,28,2,1,2,0,NaN,NaN,NaN,NaN,NaN,0,0,NaN,0
106,29,2,1,2,1,227,479,721,342,1063,0,0,0.700826525,0
106,30,2,1,1,1,300,563,765,392,1157,0,1,0.71611086,0
106,31,2,1,2,1,236,518,652,376,1028,0,2,0.775800933,0
106,32,2,1,2,1,393,661,830,384,1214,0,3,0.742002985,0
106,33,2,1,1,1,232,481,713,376,1089,0,4,0.759429925,0
106,34,2,1,2,0,NaN,NaN,NaN,NaN,NaN,0,0,NaN,0
106,35,2,1,2,0,NaN,NaN,NaN,NaN,NaN,0,0,NaN,0
106,36,2,1,1,1,363,599,834,352,1186,0,-1,0.719031129,0
106,37,2,1,1,1,521,654,870,226,1096,0,1,0.685777234,0
106,38,2,1,2,1,216,451,703,424,1127,0,2,0.727916193,0
106,39,2,1,1,1,302,524,714,392,1106,0,3,0.827249704,0
106,40,2,1,2,1,234,550,735,392,1127,0,4,0.716442541,0
106,41,2,1,1,1,316,554,744,280,1024,0,5,0.836484953,0
106,42,2,1,2,0,NaN,NaN,NaN,NaN,NaN,0,0,NaN,0
106,43,2,1,2,1,274,479,724,472,1196,0,0,0.691363995,0
106,44,2,1,2,1,430,619,776,480,1256,0,1,0.660552125,0
106,45,2,1,1,1,109,412,600,272,872,0,2,0.647404772,0
106,46,2,1,2,1,218,516,733,392,1125,0,3,0.690303995,0
106,47,2,1,1,1,206,453,648,464,1112,0,4,0.680508589,0
106,48,2,1,2,1,NaN,NaN,NaN,NaN,NaN,1,5,NaN,1
106,49,2,1,2,1,356,574,781,379,1160,0,6,0.7296502,0
106,50,2,1,2,1,165,379,623,528,1151,0,7,0.684479776,0
106,51,2,1,2,1,232,496,686,368,1054,0,8,0.723022916,0
106,52,2,1,2,1,233,464,642,344,986,0,9,0.69348136,0
106,53,2,1,1,1,172,369,536,296,832,0,10,0.725472468,0
106,54,2,1,2,1,212,443,662,408,1070,0,11,0.75226285,0
106,55,2,1,1,1,247,442,640,352,992,0,12,0.658610594,0
106,56,2,1,2,1,183,458,665,328,993,0,13,0.840997075,0
106,57,2,1,2,1,NaN,NaN,NaN,NaN,NaN,1,14,NaN,1
106,58,2,1,1,0,NaN,NaN,NaN,NaN,NaN,0,0,NaN,0
106,59,2,1,2,1,NaN,NaN,NaN,NaN,NaN,1,0,NaN,1
106,60,2,1,2,0,NaN,NaN,NaN,NaN,NaN,0,0,NaN,0
106,61,2,1,1,1,340,579,743,224,967,0,0,0.85281192,0
106,62,2,1,2,1,269,510,668,304,972,0,1,0.664194093,0
106,63,2,1,1,1,228,447,618,190,808,0,2,0.852400394,0
106,64,2,1,2,1,208,440,616,256,872,0,3,0.732042517,0
106,65,2,1,1,1,256,438,620,240,860,0,4,0.647961482,0
106,66,2,1,1,0,NaN,NaN,NaN,NaN,NaN,0,0,NaN,0
106,67,2,1,1,1,337,576,772,264,1036,0,0,0.668774838,0
106,68,2,1,1,0,NaN,NaN,NaN,NaN,NaN,0,0,NaN,0
106,69,2,1,1,0,NaN,NaN,NaN,NaN,NaN,0,0,NaN,0
106,70,2,1,1,1,288,491,685,193,878,0,-1,0.601164076,0
106,71,2,1,1,1,219,463,644,248,892,0,1,0.819957218,0
106,72,2,1,1,1,219,381,583,264,847,0,2,0.69467252,0
106,73,2,1,1,0,NaN,NaN,NaN,NaN,NaN,0,0,NaN,0
106,74,2,1,2,1,205,484,704,280,984,0,0,0.835502005,0
106,75,2,1,2,0,NaN,NaN,NaN,NaN,NaN,0,0,NaN,0
106,76,2,1,2,0,NaN,NaN,NaN,NaN,NaN,0,0,NaN,0
106,77,2,1,1,1,233,457,648,256,904,0,-1,0.651762847,0
106,78,2,1,1,1,236,425,620,224,844,0,1,0.729587967,0
106,79,2,1,1,1,361,490,676,320,996,0,2,0.683836059,0
106,80,2,1,2,0,NaN,NaN,NaN,NaN,NaN,0,0,NaN,0
106,81,2,2,1,1,361,541,759,232,991,0,0,0.765473525,0
106,82,2,2,1,0,NaN,NaN,NaN,NaN,NaN,0,0,NaN,0
106,83,2,2,1,1,215,471,671,272,943,0,0,0.706209999,0
106,84,2,2,1,0,NaN,NaN,NaN,NaN,NaN,0,0,NaN,0
106,85,2,2,1,0,NaN,NaN,NaN,NaN,NaN,0,0,NaN,0
106,86,2,2,1,1,249,431,636,224,860,0,-1,0.618339902,0
106,87,2,2,1,0,NaN,NaN,NaN,NaN,NaN,0,0,NaN,0
106,88,2,2,2,0,NaN,NaN,NaN,NaN,NaN,0,0,NaN,0
106,89,2,2,1,0,NaN,NaN,NaN,NaN,NaN,0,0,NaN,0
106,90,2,2,2,0,NaN,NaN,NaN,NaN,NaN,0,0,NaN,0
106,91,2,2,2,0,NaN,NaN,NaN,NaN,NaN,0,0,NaN,0
106,92,2,2,2,1,285,488,671,280,951,0,-4,0.69060207,0
106,93,2,2,1,0,NaN,NaN,NaN,NaN,NaN,0,0,NaN,0
106,94,2,2,2,0,NaN,NaN,NaN,NaN,NaN,0,0,NaN,0
106,95,2,2,2,0,NaN,NaN,NaN,NaN,NaN,0,0,NaN,0
106,96,2,2,2,0,NaN,NaN,NaN,NaN,NaN,0,0,NaN,0
106,97,2,2,2,0,NaN,NaN,NaN,NaN,NaN,0,0,NaN,0
106,98,2,2,2,0,NaN,NaN,NaN,NaN,NaN,0,0,NaN,0
106,99,2,2,2,1,361,638,830,296,1126,0,-5,0.734685313,0
106,100,2,2,2,0,NaN,NaN,NaN,NaN,NaN,0,0,NaN,0
106,101,2,2,1,0,NaN,NaN,NaN,NaN,NaN,0,0,NaN,0
106,102,2,2,1,0,NaN,NaN,NaN,NaN,NaN,0,0,NaN,0
106,103,2,2,1,0,NaN,NaN,NaN,NaN,NaN,0,0,NaN,0
106,104,2,2,1,0,NaN,NaN,NaN,NaN,NaN,0,0,NaN,0
106,105,2,2,2,0,NaN,NaN,NaN,NaN,NaN,0,0,NaN,0
106,106,2,2,1,1,331,533,759,272,1031,0,-5,0.688617683,0
106,107,2,2,2,1,257,496,718,360,1078,0,1,0.720977685,0
106,108,2,2,2,0,NaN,NaN,NaN,NaN,NaN,0,0,NaN,0
106,109,2,2,1,0,NaN,NaN,NaN,NaN,NaN,0,0,NaN,0
106,110,2,2,2,1,268,466,688,360,1048,0,-1,0.779703646,0
106,111,2,2,1,1,378,567,778,248,1026,0,1,0.830157957,0
106,112,2,2,1,0,NaN,NaN,NaN,NaN,NaN,0,0,NaN,0
106,113,2,2,2,0,NaN,NaN,NaN,NaN,NaN,0,0,NaN,0
106,114,2,2,1,0,NaN,NaN,NaN,NaN,NaN,0,0,NaN,0
106,115,2,2,2,0,NaN,NaN,NaN,NaN,NaN,0,0,NaN,0
106,116,2,2,2,1,287,474,681,288,969,0,-3,0.695114558,0
106,117,2,2,2,0,NaN,NaN,NaN,NaN,NaN,0,0,NaN,0
106,118,2,2,2,0,NaN,NaN,NaN,NaN,NaN,0,0,NaN,0
106,119,2,2,1,0,NaN,NaN,NaN,NaN,NaN,0,0,NaN,0
106,120,2,2,1,0,NaN,NaN,NaN,NaN,NaN,0,0,NaN,0
106,121,2,2,2,0,NaN,NaN,NaN,NaN,NaN,0,0,NaN,0
106,122,2,2,2,0,NaN,NaN,NaN,NaN,NaN,0,0,NaN,0
106,123,2,2,2,1,291,475,688,271,959,0,-5,0.722106668,0
106,124,2,2,2,0,NaN,NaN,NaN,NaN,NaN,0,0,NaN,0
106,125,2,2,1,0,NaN,NaN,NaN,NaN,NaN,0,0,NaN,0
106,126,2,2,2,0,NaN,NaN,NaN,NaN,NaN,0,0,NaN,0
106,127,2,2,1,0,NaN,NaN,NaN,NaN,NaN,0,0,NaN,0
106,128,2,2,2,0,NaN,NaN,NaN,NaN,NaN,0,0,NaN,0
106,129,2,2,2,0,NaN,NaN,NaN,NaN,NaN,0,0,NaN,0
106,130,2,2,1,0,NaN,NaN,NaN,NaN,NaN,0,0,NaN,0
106,131,2,2,2,0,NaN,NaN,NaN,NaN,NaN,0,0,NaN,0
106,132,2,2,1,0,NaN,NaN,NaN,NaN,NaN,0,0,NaN,0
106,133,2,2,1,0,NaN,NaN,NaN,NaN,NaN,0,0,NaN,0
106,134,2,2,2,0,NaN,NaN,NaN,NaN,NaN,0,0,NaN,0
106,135,2,2,1,0,NaN,NaN,NaN,NaN,NaN,0,0,NaN,0
106,136,2,2,2,1,360,570,804,352,1156,0,-11,0.715024115,0
106,137,2,2,1,1,282,508,756,280,1036,0,1,0.717369421,0
106,138,2,2,1,0,NaN,NaN,NaN,NaN,NaN,0,0,NaN,0
106,139,2,2,2,0,NaN,NaN,NaN,NaN,NaN,0,0,NaN,0
106,140,2,2,2,0,NaN,NaN,NaN,NaN,NaN,0,0,NaN,0
106,141,2,2,1,0,NaN,NaN,NaN,NaN,NaN,0,0,NaN,0
106,142,2,2,1,1,353,521,746,248,994,0,-3,0.696531659,0
106,143,2,2,1,0,NaN,NaN,NaN,NaN,NaN,0,0,NaN,0
106,144,2,2,2,0,NaN,NaN,NaN,NaN,NaN,0,0,NaN,0
106,145,2,2,1,1,309,505,724,264,988,0,-1,0.664748151,0
106,146,2,2,2,0,NaN,NaN,NaN,NaN,NaN,0,0,NaN,0
106,147,2,2,1,0,NaN,NaN,NaN,NaN,NaN,0,0,NaN,0
106,148,2,2,1,0,NaN,NaN,NaN,NaN,NaN,0,0,NaN,0
106,149,2,2,2,1,282,504,723,344,1067,0,-2,0.772531338,0
106,150,2,2,2,1,NaN,NaN,NaN,NaN,NaN,1,1,NaN,1
106,151,2,2,1,0,NaN,NaN,NaN,NaN,NaN,0,0,NaN,0
106,152,2,2,2,1,300,497,742,408,1150,0,0,0.755215068,0
106,153,2,2,2,0,NaN,NaN,NaN,NaN,NaN,0,0,NaN,0
106,154,2,2,2,0,NaN,NaN,NaN,NaN,NaN,0,0,NaN,0
106,155,2,2,1,1,NaN,NaN,NaN,NaN,NaN,1,-1,NaN,1
106,156,2,2,1,0,NaN,NaN,NaN,NaN,NaN,0,0,NaN,0
106,157,2,2,2,0,NaN,NaN,NaN,NaN,NaN,0,0,NaN,0
106,158,2,2,1,1,398,569,739,496,1235,0,-1,0.634120401,0
106,159,2,2,1,0,NaN,NaN,NaN,NaN,NaN,0,0,NaN,0
106,160,2,2,1,0,NaN,NaN,NaN,NaN,NaN,0,0,NaN,0
107,1,2,1,1,1,258,489,817,400,1217,0,0,0.797927168,0
107,2,2,1,1,1,185,425,650,280,930,0,1,0.751405191,0
107,3,2,1,1,0,NaN,NaN,NaN,NaN,NaN,0,0,NaN,0
107,4,2,1,2,1,257,515,771,344,1115,0,0,0.690026744,0
107,5,2,1,1,0,NaN,NaN,NaN,NaN,NaN,0,0,NaN,0
107,6,2,1,1,1,248,494,718,377,1095,0,0,0.796838929,0
107,7,2,1,2,1,369,611,855,344,1199,0,1,0.712540342,0
107,8,2,1,1,1,265,485,721,360,1081,0,2,0.772333108,0
107,9,2,1,2,1,280,495,731,328,1059,0,3,0.720414994,0
107,10,2,1,1,1,330,530,749,312,1061,0,4,0.771929571,0
107,11,2,1,2,1,231,454,702,336,1038,0,5,0.754545833,0
107,12,2,1,2,1,289,503,745,344,1089,0,6,0.739293143,0
107,13,2,1,1,0,NaN,NaN,NaN,NaN,NaN,0,0,NaN,0
107,14,2,1,1,1,176,409,672,304,976,0,0,0.7612491,0
107,15,2,1,2,0,NaN,NaN,NaN,NaN,NaN,0,0,NaN,0
107,16,2,1,1,1,226,427,636,344,980,0,0,0.7974148,0
107,17,2,1,1,1,238,423,643,280,923,0,1,0.832504205,0
107,18,2,1,1,1,327,518,719,328,1047,0,2,0.816468794,0
107,19,2,1,2,1,308,504,722,328,1050,0,3,0.666392152,0
107,20,2,1,1,1,318,529,760,304,1064,0,4,0.788044598,0
107,21,2,1,1,0,NaN,NaN,NaN,NaN,NaN,0,0,NaN,0
107,22,2,1,2,1,152,400,626,328,954,0,0,0.717326064,0
107,23,2,1,1,0,NaN,NaN,NaN,NaN,NaN,0,0,NaN,0
107,24,2,1,2,1,227,463,704,280,984,0,0,0.725690215,0
107,25,2,1,2,0,NaN,NaN,NaN,NaN,NaN,0,0,NaN,0
107,26,2,1,2,1,226,481,730,336,1066,0,0,0.71928426,0
107,27,2,1,2,1,285,513,717,312,1029,0,1,0.760679885,0
107,28,2,1,2,0,NaN,NaN,NaN,NaN,NaN,0,0,NaN,0
107,29,2,1,2,1,161,399,632,312,944,0,0,0.73962769,0
107,30,2,1,1,1,281,495,717,312,1029,0,1,0.826301118,0
107,31,2,1,2,1,429,678,888,264,1152,0,2,0.73804281,0
107,32,2,1,2,1,382,576,781,280,1061,0,3,0.723544898,0
107,33,2,1,1,1,254,457,670,280,950,0,4,0.797961972,0
107,34,2,1,2,0,NaN,NaN,NaN,NaN,NaN,0,0,NaN,0
107,35,2,1,2,0,NaN,NaN,NaN,NaN,NaN,0,0,NaN,0
107,36,2,1,1,1,309,525,748,280,1028,0,-1,0.774586702,0
107,37,2,1,1,1,303,500,704,280,984,0,1,0.750455681,0
107,38,2,1,2,1,248,484,720,280,1000,0,2,0.793779546,0
107,39,2,1,1,1,271,495,712,264,976,0,3,0.83944353,0
107,40,2,1,2,1,253,472,722,296,1018,0,4,0.711808179,0
107,41,2,1,1,1,199,412,633,216,849,0,5,0.776739384,0
107,42,2,1,2,0,NaN,NaN,NaN,NaN,NaN,0,0,NaN,0
107,43,2,1,2,1,424,622,842,320,1162,0,0,0.72653481,0
107,44,2,1,2,1,314,525,779,280,1059,0,1,0.760039521,0
107,45,2,1,1,1,420,596,818,248,1066,0,2,0.801941666,0
107,46,2,1,2,1,299,550,775,296,1071,0,3,0.771457299,0
107,47,2,1,1,1,306,497,719,264,983,0,4,0.809572741,0
107,48,2,1,2,1,292,514,749,312,1061,0,5,0.740113051,0
107,49,2,1,2,1,251,498,716,320,1036,0,6,0.756808643,0
107,50,2,1,2,1,188,424,660,296,956,0,7,0.741775766,0
107,51,2,1,2,1,440,697,946,232,1178,0,8,0.715752502,0
107,52,2,1,2,1,290,518,725,320,1045,0,9,0.743237966,0
107,53,2,1,1,1,255,475,691,304,995,0,10,0.875749606,0
107,54,2,1,2,1,260,463,694,312,1006,0,11,0.75130405,0
107,55,2,1,1,1,222,438,647,312,959,0,12,0.814232784,0
107,56,2,1,2,1,246,466,693,312,1005,0,13,0.713938048,0
107,57,2,1,2,1,261,445,650,328,978,0,14,0.723571665,0
107,58,2,1,1,0,NaN,NaN,NaN,NaN,NaN,0,0,NaN,0
107,59,2,1,2,1,228,450,651,344,995,0,0,0.73638735,0
107,60,2,1,2,0,NaN,NaN,NaN,NaN,NaN,0,0,NaN,0
107,61,2,1,1,1,367,555,768,296,1064,0,0,0.779728181,0
107,62,2,1,2,1,245,465,715,304,1019,0,1,0.71656732,0
107,63,2,1,1,1,267,485,715,312,1027,0,2,0.804362579,0
107,64,2,1,2,1,181,425,671,280,951,0,3,0.705429724,0
107,65,2,1,1,1,282,513,733,328,1061,0,4,0.801931453,0
107,66,2,1,1,0,NaN,NaN,NaN,NaN,NaN,0,0,NaN,0
107,67,2,1,1,1,511,705,919,280,1199,0,0,0.797891006,0
107,68,2,1,1,0,NaN,NaN,NaN,NaN,NaN,0,0,NaN,0
107,69,2,1,1,0,NaN,NaN,NaN,NaN,NaN,0,0,NaN,0
107,70,2,1,1,1,441,658,914,264,1178,0,-1,0.799506245,0
107,71,2,1,1,1,240,517,746,264,1010,0,1,0.792330165,0
107,72,2,1,1,1,195,422,650,288,938,0,2,0.741803348,0
107,73,2,1,1,0,NaN,NaN,NaN,NaN,NaN,0,0,NaN,0
107,74,2,1,2,1,334,547,800,296,1096,0,0,0.683551008,0
107,75,2,1,2,0,NaN,NaN,NaN,NaN,NaN,0,0,NaN,0
107,76,2,1,2,0,NaN,NaN,NaN,NaN,NaN,0,0,NaN,0
107,77,2,1,1,1,241,470,750,312,1062,0,-1,0.765267989,0
107,78,2,1,1,1,250,456,701,320,1021,0,1,0.779881761,0
107,79,2,1,1,1,232,463,726,344,1070,0,2,0.752681922,0
107,80,2,1,2,0,NaN,NaN,NaN,NaN,NaN,0,0,NaN,0
107,81,2,2,1,1,306,515,736,240,976,0,0,0.791010401,0
107,82,2,2,1,0,NaN,NaN,NaN,NaN,NaN,0,0,NaN,0
107,83,2,2,1,1,NaN,NaN,NaN,NaN,NaN,1,0,NaN,1
107,84,2,2,1,0,NaN,NaN,NaN,NaN,NaN,0,0,NaN,0
107,85,2,2,1,0,NaN,NaN,NaN,NaN,NaN,0,0,NaN,0
107,86,2,2,1,1,209,467,727,264,991,0,-1,0.775944403,0
107,87,2,2,1,0,NaN,NaN,NaN,NaN,NaN,0,0,NaN,0
107,88,2,2,2,0,NaN,NaN,NaN,NaN,NaN,0,0,NaN,0
107,89,2,2,1,0,NaN,NaN,NaN,NaN,NaN,0,0,NaN,0
107,90,2,2,2,0,NaN,NaN,NaN,NaN,NaN,0,0,NaN,0
107,91,2,2,2,0,NaN,NaN,NaN,NaN,NaN,0,0,NaN,0
107,92,2,2,2,1,317,595,882,360,1242,0,-4,0.664007766,0
107,93,2,2,1,0,NaN,NaN,NaN,NaN,NaN,0,0,NaN,0
107,94,2,2,2,0,NaN,NaN,NaN,NaN,NaN,0,0,NaN,0
107,95,2,2,2,0,NaN,NaN,NaN,NaN,NaN,0,0,NaN,0
107,96,2,2,2,0,NaN,NaN,NaN,NaN,NaN,0,0,NaN,0
107,97,2,2,2,0,NaN,NaN,NaN,NaN,NaN,0,0,NaN,0
107,98,2,2,2,0,NaN,NaN,NaN,NaN,NaN,0,0,NaN,0
107,99,2,2,2,1,359,587,886,392,1278,0,-5,0.628528998,0
107,100,2,2,2,0,NaN,NaN,NaN,NaN,NaN,0,0,NaN,0
107,101,2,2,1,0,NaN,NaN,NaN,NaN,NaN,0,0,NaN,0
107,102,2,2,1,0,NaN,NaN,NaN,NaN,NaN,0,0,NaN,0
107,103,2,2,1,0,NaN,NaN,NaN,NaN,NaN,0,0,NaN,0
107,104,2,2,1,0,NaN,NaN,NaN,NaN,NaN,0,0,NaN,0
107,105,2,2,2,0,NaN,NaN,NaN,NaN,NaN,0,0,NaN,0
107,106,2,2,1,1,287,525,794,280,1074,0,-5,0.75325566,0
107,107,2,2,2,1,469,681,968,344,1312,0,1,0.687515739,0
107,108,2,2,2,0,NaN,NaN,NaN,NaN,NaN,0,0,NaN,0
107,109,2,2,1,0,NaN,NaN,NaN,NaN,NaN,0,0,NaN,0
107,110,2,2,2,1,579,840,1128,336,1464,0,-1,0.722093943,0
107,111,2,2,1,1,378,558,770,296,1066,0,1,0.723552264,0
107,112,2,2,1,0,NaN,NaN,NaN,NaN,NaN,0,0,NaN,0
107,113,2,2,2,0,NaN,NaN,NaN,NaN,NaN,0,0,NaN,0
107,114,2,2,1,0,NaN,NaN,NaN,NaN,NaN,0,0,NaN,0
107,115,2,2,2,0,NaN,NaN,NaN,NaN,NaN,0,0,NaN,0
107,116,2,2,2,1,363,603,872,304,1176,0,-3,0.716283667,0
107,117,2,2,2,0,NaN,NaN,NaN,NaN,NaN,0,0,NaN,0
107,118,2,2,2,0,NaN,NaN,NaN,NaN,NaN,0,0,NaN,0
107,119,2,2,1,0,NaN,NaN,NaN,NaN,NaN,0,0,NaN,0
107,120,2,2,1,0,NaN,NaN,NaN,NaN,NaN,0,0,NaN,0
107,121,2,2,2,0,NaN,NaN,NaN,NaN,NaN,0,0,NaN,0
107,122,2,2,2,0,NaN,NaN,NaN,NaN,NaN,0,0,NaN,0
107,123,2,2,2,1,413,658,891,296,1187,0,-5,0.714947567,0
107,124,2,2,2,0,NaN,NaN,NaN,NaN,NaN,0,0,NaN,0
107,125,2,2,1,0,NaN,NaN,NaN,NaN,NaN,0,0,NaN,0
107,126,2,2,2,0,NaN,NaN,NaN,NaN,NaN,0,0,NaN,0
107,127,2,2,1,0,NaN,NaN,NaN,NaN,NaN,0,0,NaN,0
107,128,2,2,2,0,NaN,NaN,NaN,NaN,NaN,0,0,NaN,0
107,129,2,2,2,0,NaN,NaN,NaN,NaN,NaN,0,0,NaN,0
107,130,2,2,1,0,NaN,NaN,NaN,NaN,NaN,0,0,NaN,0
107,131,2,2,2,0,NaN,NaN,NaN,NaN,NaN,0,0,NaN,0
107,132,2,2,1,0,NaN,NaN,NaN,NaN,NaN,0,0,NaN,0
107,133,2,2,1,0,NaN,NaN,NaN,NaN,NaN,0,0,NaN,0
107,134,2,2,2,0,NaN,NaN,NaN,NaN,NaN,0,0,NaN,0
107,135,2,2,1,0,NaN,NaN,NaN,NaN,NaN,0,0,NaN,0
107,136,2,2,2,1,336,577,824,272,1096,0,-11,0.689137521,0
107,137,2,2,1,1,353,533,770,328,1098,0,1,0.762707325,0
107,138,2,2,1,0,NaN,NaN,NaN,NaN,NaN,0,0,NaN,0
107,139,2,2,2,0,NaN,NaN,NaN,NaN,NaN,0,0,NaN,0
107,140,2,2,2,0,NaN,NaN,NaN,NaN,NaN,0,0,NaN,0
107,141,2,2,1,0,NaN,NaN,NaN,NaN,NaN,0,0,NaN,0
107,142,2,2,1,1,473,657,879,312,1191,0,-3,0.731610932,0
107,143,2,2,1,0,NaN,NaN,NaN,NaN,NaN,0,0,NaN,0
107,144,2,2,2,0,NaN,NaN,NaN,NaN,NaN,0,0,NaN,0
107,145,2,2,1,1,231,450,687,280,967,0,-1,0.789497188,0
107,146,2,2,2,0,NaN,NaN,NaN,NaN,NaN,0,0,NaN,0
107,147,2,2,1,0,NaN,NaN,NaN,NaN,NaN,0,0,NaN,0
107,148,2,2,1,0,NaN,NaN,NaN,NaN,NaN,0,0,NaN,0
107,149,2,2,2,1,242,462,753,336,1089,0,-2,0.705864899,0
107,150,2,2,2,1,308,546,815,288,1103,0,1,0.751667,0
107,151,2,2,1,0,NaN,NaN,NaN,NaN,NaN,0,0,NaN,0
107,152,2,2,2,1,426,651,886,336,1222,0,0,0.755900331,0
107,153,2,2,2,0,NaN,NaN,NaN,NaN,NaN,0,0,NaN,0
107,154,2,2,2,0,NaN,NaN,NaN,NaN,NaN,0,0,NaN,0
107,155,2,2,1,1,259,474,728,296,1024,0,-1,0.768675868,0
107,156,2,2,1,0,NaN,NaN,NaN,NaN,NaN,0,0,NaN,0
107,157,2,2,2,0,NaN,NaN,NaN,NaN,NaN,0,0,NaN,0
107,158,2,2,1,1,483,685,917,296,1213,0,-1,0.78407357,0
107,159,2,2,1,0,NaN,NaN,NaN,NaN,NaN,0,0,NaN,0
107,160,2,2,1,0,NaN,NaN,NaN,NaN,NaN,0,0,NaN,0
108,1,2,1,1,1,340,605,1005,544,1549,0,0,0.723896664,0
108,2,2,1,1,1,349,608,1039,496,1535,0,1,0.749996023,0
108,3,2,1,1,0,NaN,NaN,NaN,NaN,NaN,0,0,NaN,0
108,4,2,1,2,1,250,514,982,656,1638,0,0,0.724233684,0
108,5,2,1,1,0,NaN,NaN,NaN,NaN,NaN,0,0,NaN,0
108,6,2,1,1,1,242,549,1036,600,1636,0,0,0.672718902,0
108,7,2,1,2,1,469,738,1104,640,1744,0,1,0.72853188,0
108,8,2,1,1,1,323,567,997,632,1629,0,2,0.750279252,0
108,9,2,1,2,1,297,539,994,712,1706,0,3,0.640847604,0
108,10,2,1,1,1,323,593,1010,648,1658,0,4,0.69830732,0
108,11,2,1,2,1,346,654,1228,488,1716,0,5,0.642257384,0
108,12,2,1,2,1,300,561,964,680,1644,0,6,0.660016994,0
108,13,2,1,1,0,NaN,NaN,NaN,NaN,NaN,0,0,NaN,0
108,14,2,1,1,1,294,557,972,464,1436,0,0,0.668520534,0
108,15,2,1,2,0,NaN,NaN,NaN,NaN,NaN,0,0,NaN,0
108,16,2,1,1,1,294,520,940,608,1548,0,0,0.680536339,0
108,17,2,1,1,1,299,521,885,504,1389,0,1,0.682053986,0
108,18,2,1,1,1,348,584,949,368,1317,0,2,0.681519985,0
108,19,2,1,2,1,289,554,984,816,1800,0,3,0.626701944,0
108,20,2,1,1,1,298,562,962,736,1698,0,4,0.658153101,0
108,21,2,1,1,0,NaN,NaN,NaN,NaN,NaN,0,0,NaN,0
108,22,2,1,2,1,448,704,1074,520,1594,0,0,0.80720095,0
108,23,2,1,1,0,NaN,NaN,NaN,NaN,NaN,0,0,NaN,0
108,24,2,1,2,1,381,623,1127,448,1575,0,0,0.651811838,0
108,25,2,1,2,0,NaN,NaN,NaN,NaN,NaN,0,0,NaN,0
108,26,2,1,2,1,323,596,1064,472,1536,0,0,0.684404453,0
108,27,2,1,2,1,275,614,993,472,1465,0,1,0.699480775,0
108,28,2,1,2,0,NaN,NaN,NaN,NaN,NaN,0,0,NaN,0
108,29,2,1,2,1,321,599,1027,528,1555,0,0,0.679016656,0
108,30,2,1,1,1,298,609,1022,448,1470,0,1,0.655193651,0
108,31,2,1,2,1,324,631,1044,432,1476,0,2,0.669825298,0
108,32,2,1,2,1,319,611,1018,432,1450,0,3,0.726946751,0
108,33,2,1,1,1,320,577,937,400,1337,0,4,0.690288914,0
108,34,2,1,2,0,NaN,NaN,NaN,NaN,NaN,0,0,NaN,0
108,35,2,1,2,0,NaN,NaN,NaN,NaN,NaN,0,0,NaN,0
108,36,2,1,1,1,333,614,1058,432,1490,0,-1,0.620959439,0
108,37,2,1,1,1,284,521,925,392,1317,0,1,0.656622679,0
108,38,2,1,2,1,474,742,1161,552,1713,0,2,0.863249603,0
108,39,2,1,1,1,361,591,946,560,1506,0,3,0.646906352,0
108,40,2,1,2,1,509,797,1225,448,1673,0,4,0.681329087,0
108,41,2,1,1,1,356,643,1016,336,1352,0,5,0.717626987,0
108,42,2,1,2,0,NaN,NaN,NaN,NaN,NaN,0,0,NaN,0
108,43,2,1,2,1,209,480,891,464,1355,0,0,0.65202854,0
108,44,2,1,2,1,313,610,1039,528,1567,0,1,0.642567965,0
108,45,2,1,1,1,380,624,965,440,1405,0,2,0.682238146,0
108,46,2,1,2,1,366,594,954,536,1490,0,3,0.685772386,0
108,47,2,1,1,1,340,587,982,368,1350,0,4,0.637801638,0
108,48,2,1,2,1,243,513,862,544,1406,0,5,0.626937402,0
108,49,2,1,2,1,368,622,993,688,1681,0,6,0.764354037,0
108,50,2,1,2,1,267,516,965,680,1645,0,7,0.643162719,0
108,51,2,1,2,1,357,677,1013,664,1677,0,8,0.687859547,0
108,52,2,1,2,1,NaN,NaN,NaN,NaN,NaN,1,9,NaN,1
108,53,2,1,1,1,358,593,970,552,1522,0,10,0.660033939,0
108,54,2,1,2,1,253,594,1001,600,1601,0,11,0.707274754,0
108,55,2,1,1,1,241,550,878,400,1278,0,12,0.610162188,0
108,56,2,1,2,1,319,608,994,640,1634,0,13,0.652778518,0
108,57,2,1,2,1,477,747,1116,552,1668,0,14,0.77046574,0
108,58,2,1,1,0,NaN,NaN,NaN,NaN,NaN,0,0,NaN,0
108,59,2,1,2,1,322,620,1063,584,1647,0,0,0.666147761,0
108,60,2,1,2,0,NaN,NaN,NaN,NaN,NaN,0,0,NaN,0
108,61,2,1,1,1,412,729,1063,449,1512,0,0,0.625655313,0
108,62,2,1,2,1,301,645,991,527,1518,0,1,0.698430835,0
108,63,2,1,1,1,308,633,966,431,1397,0,2,0.637010178,0
108,64,2,1,2,1,353,624,997,408,1405,0,3,0.68222969,0
108,65,2,1,1,1,381,644,957,384,1341,0,4,0.606788039,0
108,66,2,1,1,0,NaN,NaN,NaN,NaN,NaN,0,0,NaN,0
108,67,2,1,1,1,329,641,1085,384,1469,0,0,0.647255984,0
108,68,2,1,1,0,NaN,NaN,NaN,NaN,NaN,0,0,NaN,0
108,69,2,1,1,0,NaN,NaN,NaN,NaN,NaN,0,0,NaN,0
108,70,2,1,1,1,269,554,929,480,1409,0,-1,0.599245305,0
108,71,2,1,1,1,360,603,948,376,1324,0,1,0.626052669,0
108,72,2,1,1,1,320,547,946,392,1338,0,2,0.603031818,0
108,73,2,1,1,0,NaN,NaN,NaN,NaN,NaN,0,0,NaN,0
108,74,2,1,2,1,363,661,1149,480,1629,0,0,0.683745584,0
108,75,2,1,2,0,NaN,NaN,NaN,NaN,NaN,0,0,NaN,0
108,76,2,1,2,0,NaN,NaN,NaN,NaN,NaN,0,0,NaN,0
108,77,2,1,1,1,372,682,1063,416,1479,0,-1,0.631426529,0
108,78,2,1,1,1,361,620,1019,400,1419,0,1,0.626914939,0
108,79,2,1,1,1,289,559,922,408,1330,0,2,0.656580586,0
108,80,2,1,2,0,NaN,NaN,NaN,NaN,NaN,0,0,NaN,0
108,81,2,2,1,1,390,651,1050,384,1434,0,0,0.669148977,0
108,82,2,2,1,0,NaN,NaN,NaN,NaN,NaN,0,0,NaN,0
108,83,2,2,1,1,416,704,1077,392,1469,0,0,0.6358743,0
108,84,2,2,1,0,NaN,NaN,NaN,NaN,NaN,0,0,NaN,0
108,85,2,2,1,0,NaN,NaN,NaN,NaN,NaN,0,0,NaN,0
108,86,2,2,1,1,362,626,980,384,1364,0,-1,0.639487427,0
108,87,2,2,1,0,NaN,NaN,NaN,NaN,NaN,0,0,NaN,0
108,88,2,2,2,0,NaN,NaN,NaN,NaN,NaN,0,0,NaN,0
108,89,2,2,1,0,NaN,NaN,NaN,NaN,NaN,0,0,NaN,0
108,90,2,2,2,0,NaN,NaN,NaN,NaN,NaN,0,0,NaN,0
108,91,2,2,2,0,NaN,NaN,NaN,NaN,NaN,0,0,NaN,0
108,92,2,2,2,1,461,759,1145,456,1601,0,-4,0.779186075,0
108,93,2,2,1,0,NaN,NaN,NaN,NaN,NaN,0,0,NaN,0
108,94,2,2,2,0,NaN,NaN,NaN,NaN,NaN,0,0,NaN,0
108,95,2,2,2,0,NaN,NaN,NaN,NaN,NaN,0,0,NaN,0
108,96,2,2,2,0,NaN,NaN,NaN,NaN,NaN,0,0,NaN,0
108,97,2,2,2,0,NaN,NaN,NaN,NaN,NaN,0,0,NaN,0
108,98,2,2,2,0,NaN,NaN,NaN,NaN,NaN,0,0,NaN,0
108,99,2,2,2,1,540,805,1260,384,1644,0,-5,0.652430404,0
108,100,2,2,2,0,NaN,NaN,NaN,NaN,NaN,0,0,NaN,0
108,101,2,2,1,0,NaN,NaN,NaN,NaN,NaN,0,0,NaN,0
108,102,2,2,1,0,NaN,NaN,NaN,NaN,NaN,0,0,NaN,0
108,103,2,2,1,0,NaN,NaN,NaN,NaN,NaN,0,0,NaN,0
108,104,2,2,1,0,NaN,NaN,NaN,NaN,NaN,0,0,NaN,0
108,105,2,2,2,0,NaN,NaN,NaN,NaN,NaN,0,0,NaN,0
108,106,2,2,1,1,442,711,1139,488,1627,0,-5,0.596246166,0
108,107,2,2,2,1,361,648,1092,536,1628,0,1,0.658727095,0
108,108,2,2,2,0,NaN,NaN,NaN,NaN,NaN,0,0,NaN,0
108,109,2,2,1,0,NaN,NaN,NaN,NaN,NaN,0,0,NaN,0
108,110,2,2,2,1,358,679,1188,495,1683,0,-1,0.640294115,0
108,111,2,2,1,1,467,690,995,360,1355,0,1,0.729519704,0
108,112,2,2,1,0,NaN,NaN,NaN,NaN,NaN,0,0,NaN,0
108,113,2,2,2,0,NaN,NaN,NaN,NaN,NaN,0,0,NaN,0
108,114,2,2,1,0,NaN,NaN,NaN,NaN,NaN,0,0,NaN,0
108,115,2,2,2,0,NaN,NaN,NaN,NaN,NaN,0,0,NaN,0
108,116,2,2,2,1,592,867,1284,432,1716,0,-3,0.720054628,0
108,117,2,2,2,0,NaN,NaN,NaN,NaN,NaN,0,0,NaN,0
108,118,2,2,2,0,NaN,NaN,NaN,NaN,NaN,0,0,NaN,0
108,119,2,2,1,0,NaN,NaN,NaN,NaN,NaN,0,0,NaN,0
108,120,2,2,1,0,NaN,NaN,NaN,NaN,NaN,0,0,NaN,0
108,121,2,2,2,0,NaN,NaN,NaN,NaN,NaN,0,0,NaN,0
108,122,2,2,2,0,NaN,NaN,NaN,NaN,NaN,0,0,NaN,0
108,123,2,2,2,1,514,769,1226,376,1602,0,-5,0.669270352,0
108,124,2,2,2,0,NaN,NaN,NaN,NaN,NaN,0,0,NaN,0
108,125,2,2,1,0,NaN,NaN,NaN,NaN,NaN,0,0,NaN,0
108,126,2,2,2,0,NaN,NaN,NaN,NaN,NaN,0,0,NaN,0
108,127,2,2,1,0,NaN,NaN,NaN,NaN,NaN,0,0,NaN,0
108,128,2,2,2,0,NaN,NaN,NaN,NaN,NaN,0,0,NaN,0
108,129,2,2,2,0,NaN,NaN,NaN,NaN,NaN,0,0,NaN,0
108,130,2,2,1,0,NaN,NaN,NaN,NaN,NaN,0,0,NaN,0
108,131,2,2,2,0,NaN,NaN,NaN,NaN,NaN,0,0,NaN,0
108,132,2,2,1,0,NaN,NaN,NaN,NaN,NaN,0,0,NaN,0
108,133,2,2,1,0,NaN,NaN,NaN,NaN,NaN,0,0,NaN,0
108,134,2,2,2,0,NaN,NaN,NaN,NaN,NaN,0,0,NaN,0
108,135,2,2,1,0,NaN,NaN,NaN,NaN,NaN,0,0,NaN,0
108,136,2,2,2,1,442,780,1234,456,1690,0,-11,0.670229457,0
108,137,2,2,1,1,480,761,1152,448,1600,0,1,0.643188283,0
108,138,2,2,1,0,NaN,NaN,NaN,NaN,NaN,0,0,NaN,0
108,139,2,2,2,0,NaN,NaN,NaN,NaN,NaN,0,0,NaN,0
108,140,2,2,2,0,NaN,NaN,NaN,NaN,NaN,0,0,NaN,0
108,141,2,2,1,0,NaN,NaN,NaN,NaN,NaN,0,0,NaN,0
108,142,2,2,1,1,670,908,1258,360,1618,0,-3,0.655601309,0
108,143,2,2,1,0,NaN,NaN,NaN,NaN,NaN,0,0,NaN,0
108,144,2,2,2,0,NaN,NaN,NaN,NaN,NaN,0,0,NaN,0
108,145,2,2,1,1,470,629,1052,368,1420,0,-1,0.578506626,0
108,146,2,2,2,0,NaN,NaN,NaN,NaN,NaN,0,0,NaN,0
108,147,2,2,1,0,NaN,NaN,NaN,NaN,NaN,0,0,NaN,0
108,148,2,2,1,0,NaN,NaN,NaN,NaN,NaN,0,0,NaN,0
108,149,2,2,2,1,327,571,1062,552,1614,0,-2,0.62729234,0
108,150,2,2,2,1,348,634,1046,552,1598,0,1,0.603579612,0
108,151,2,2,1,0,NaN,NaN,NaN,NaN,NaN,0,0,NaN,0
108,152,2,2,2,1,412,694,1166,520,1686,0,0,0.647925045,0
108,153,2,2,2,0,NaN,NaN,NaN,NaN,NaN,0,0,NaN,0
108,154,2,2,2,0,NaN,NaN,NaN,NaN,NaN,0,0,NaN,0
108,155,2,2,1,1,303,550,976,488,1464,0,-1,0.605102352,0
108,156,2,2,1,0,NaN,NaN,NaN,NaN,NaN,0,0,NaN,0
108,157,2,2,2,0,NaN,NaN,NaN,NaN,NaN,0,0,NaN,0
108,158,2,2,1,1,387,709,1075,408,1483,0,-1,0.590814203,0
108,159,2,2,1,0,NaN,NaN,NaN,NaN,NaN,0,0,NaN,0
108,160,2,2,1,0,NaN,NaN,NaN,NaN,NaN,0,0,NaN,0
109,1,2,1,1,1,310,539,874,392,1266,0,0,0.703344532,0
109,2,2,1,1,1,322,537,864,416,1280,0,1,0.664632711,0
109,3,2,1,1,0,NaN,NaN,NaN,NaN,NaN,0,0,NaN,0
109,4,2,1,2,1,291,506,780,424,1204,0,0,0.698165636,0
109,5,2,1,1,0,NaN,NaN,NaN,NaN,NaN,0,0,NaN,0
109,6,2,1,1,1,296,541,882,448,1330,0,0,0.715670772,0
109,7,2,1,2,1,593,809,1092,592,1684,0,1,0.717325562,0
109,8,2,1,1,1,334,698,1030,480,1510,0,2,0.683475072,0
109,9,2,1,2,1,321,527,838,544,1382,0,3,0.587497279,0
109,10,2,1,1,1,289,562,914,480,1394,0,4,0.726569278,0
109,11,2,1,2,1,326,563,804,496,1300,0,5,0.665420482,0
109,12,2,1,2,1,489,688,1048,560,1608,0,6,0.54018089,0
109,13,2,1,1,0,NaN,NaN,NaN,NaN,NaN,0,0,NaN,0
109,14,2,1,1,1,251,480,826,480,1306,0,0,0.696731006,0
109,15,2,1,2,0,NaN,NaN,NaN,NaN,NaN,0,0,NaN,0
109,16,2,1,1,1,234,558,802,480,1282,0,0,0.755821527,0
109,17,2,1,1,1,600,795,1078,648,1726,0,1,0.703317354,0
109,18,2,1,1,1,447,800,992,496,1488,0,2,0.74725809,0
109,19,2,1,2,1,NaN,NaN,NaN,NaN,NaN,1,3,NaN,1
109,20,2,1,1,1,346,633,936,544,1480,0,4,0.749173098,0
109,21,2,1,1,0,NaN,NaN,NaN,NaN,NaN,0,0,NaN,0
109,22,2,1,2,1,262,470,756,528,1284,0,0,0.612939978,0
109,23,2,1,1,0,NaN,NaN,NaN,NaN,NaN,0,0,NaN,0
109,24,2,1,2,1,372,656,894,480,1374,0,0,0.578039468,0
109,25,2,1,2,0,NaN,NaN,NaN,NaN,NaN,0,0,NaN,0
109,26,2,1,2,1,388,621,858,464,1322,0,0,0.565942279,0
109,27,2,1,2,1,285,547,798,440,1238,0,1,0.557042625,0
109,28,2,1,2,0,NaN,NaN,NaN,NaN,NaN,0,0,NaN,0
109,29,2,1,2,1,287,534,772,480,1252,0,0,0.568011718,0
109,30,2,1,1,1,306,501,882,424,1306,0,1,0.744156449,0
109,31,2,1,2,1,231,442,704,432,1136,0,2,0.666422225,0
109,32,2,1,2,1,241,493,742,544,1286,0,3,0.588487118,0
109,33,2,1,1,1,198,498,886,480,1366,0,4,0.720479843,0
109,34,2,1,2,0,NaN,NaN,NaN,NaN,NaN,0,0,NaN,0
109,35,2,1,2,0,NaN,NaN,NaN,NaN,NaN,0,0,NaN,0
109,36,2,1,1,1,255,511,942,496,1438,0,-1,0.710916312,0
109,37,2,1,1,1,334,546,968,544,1512,0,1,0.679028397,0
109,38,2,1,2,1,356,574,956,464,1420,0,2,0.59908923,0
109,39,2,1,1,1,233,488,1010,448,1458,0,3,0.67728527,0
109,40,2,1,2,1,NaN,NaN,NaN,NaN,NaN,1,4,NaN,1
109,41,2,1,1,1,NaN,NaN,NaN,NaN,NaN,1,5,NaN,1
109,42,2,1,2,0,NaN,NaN,NaN,NaN,NaN,0,0,NaN,0
109,43,2,1,2,1,340,572,772,400,1172,0,0,0.741203756,0
109,44,2,1,2,1,533,769,992,528,1520,0,1,0.582187019,0
109,45,2,1,1,1,247,547,932,616,1548,0,2,0.701923621,0
109,46,2,1,2,1,336,557,837,464,1301,0,3,0.660278082,0
109,47,2,1,1,1,318,564,920,576,1496,0,4,0.69013241,0
109,48,2,1,2,1,681,897,1146,528,1674,0,5,0.65223702,0
109,49,2,1,2,1,160,423,706,512,1218,0,6,0.600483451,0
109,50,2,1,2,1,261,482,720,496,1216,0,7,0.595321936,0
109,51,2,1,2,1,NaN,NaN,650,528,1178,0,8,NaN,1
109,52,2,1,2,1,412,618,794,472,1266,0,9,0.80070529,0
109,53,2,1,1,1,203,455,820,504,1324,0,10,0.790627381,0
109,54,2,1,2,1,314,498,776,688,1464,0,11,0.552037255,0
109,55,2,1,1,1,316,649,1014,408,1422,0,12,0.727935077,0
109,56,2,1,2,1,306,513,744,560,1304,0,13,0.69344101,0
109,57,2,1,2,1,453,647,1014,425,1439,0,14,0.377703491,0
109,58,2,1,1,0,NaN,NaN,NaN,NaN,NaN,0,0,NaN,0
109,59,2,1,2,1,272,455,660,424,1084,0,0,0.573801953,0
109,60,2,1,2,0,NaN,NaN,NaN,NaN,NaN,0,0,NaN,0
109,61,2,1,1,1,173,426,776,528,1304,0,0,0.69858795,0
109,62,2,1,2,1,407,593,808,480,1288,0,1,0.617162172,0
109,63,2,1,1,1,237,526,888,512,1400,0,2,0.747250799,0
109,64,2,1,2,1,355,596,826,512,1338,0,3,0.661682183,0
109,65,2,1,1,1,391,613,978,512,1490,0,4,0.738328332,0
109,66,2,1,1,0,NaN,NaN,NaN,NaN,NaN,0,0,NaN,0
109,67,2,1,1,1,403,743,1016,408,1424,0,0,0.717347759,0
109,68,2,1,1,0,NaN,NaN,NaN,NaN,NaN,0,0,NaN,0
109,69,2,1,1,0,NaN,NaN,NaN,NaN,NaN,0,0,NaN,0
109,70,2,1,1,1,352,687,882,440,1322,0,-1,0.754093627,0
109,71,2,1,1,1,204,442,772,496,1268,0,1,0.725833298,0
109,72,2,1,1,1,251,473,826,512,1338,0,2,0.717119444,0
109,73,2,1,1,0,NaN,NaN,NaN,NaN,NaN,0,0,NaN,0
109,74,2,1,2,1,328,527,756,488,1244,0,0,0.562455133,0
109,75,2,1,2,0,NaN,NaN,NaN,NaN,NaN,0,0,NaN,0
109,76,2,1,2,0,NaN,NaN,NaN,NaN,NaN,0,0,NaN,0
109,77,2,1,1,1,259,521,898,440,1338,0,-1,0.757273111,0
109,78,2,1,1,1,194,495,802,544,1346,0,1,0.778470934,0
109,79,2,1,1,1,252,534,812,448,1260,0,2,0.798640769,0
109,80,2,1,2,0,NaN,NaN,NaN,NaN,NaN,0,0,NaN,0
109,81,2,2,1,1,187,460,740,400,1140,0,0,0.741188149,0
109,82,2,2,1,0,NaN,NaN,NaN,NaN,NaN,0,0,NaN,0
109,83,2,2,1,1,301,524,896,512,1408,0,0,0.668837362,0
109,84,2,2,1,0,NaN,NaN,NaN,NaN,NaN,0,0,NaN,0
109,85,2,2,1,0,NaN,NaN,NaN,NaN,NaN,0,0,NaN,0
109,86,2,2,1,1,216,431,752,336,1088,0,-1,0.735241758,0
109,87,2,2,1,0,NaN,NaN,NaN,NaN,NaN,0,0,NaN,0
109,88,2,2,2,0,NaN,NaN,NaN,NaN,NaN,0,0,NaN,0
109,89,2,2,1,0,NaN,NaN,NaN,NaN,NaN,0,0,NaN,0
109,90,2,2,2,0,NaN,NaN,NaN,NaN,NaN,0,0,NaN,0
109,91,2,2,2,0,NaN,NaN,NaN,NaN,NaN,0,0,NaN,0
109,92,2,2,2,1,308,530,788,456,1244,0,-4,0.591867546,0
109,93,2,2,1,0,NaN,NaN,NaN,NaN,NaN,0,0,NaN,0
109,94,2,2,2,0,NaN,NaN,NaN,NaN,NaN,0,0,NaN,0
109,95,2,2,2,0,NaN,NaN,NaN,NaN,NaN,0,0,NaN,0
109,96,2,2,2,0,NaN,NaN,NaN,NaN,NaN,0,0,NaN,0
109,97,2,2,2,0,NaN,NaN,NaN,NaN,NaN,0,0,NaN,0
109,98,2,2,2,0,NaN,NaN,NaN,NaN,NaN,0,0,NaN,0
109,99,2,2,2,1,254,444,698,424,1122,0,-5,0.595024535,0
109,100,2,2,2,0,NaN,NaN,NaN,NaN,NaN,0,0,NaN,0
109,101,2,2,1,0,NaN,NaN,NaN,NaN,NaN,0,0,NaN,0
109,102,2,2,1,0,NaN,NaN,NaN,NaN,NaN,0,0,NaN,0
109,103,2,2,1,0,NaN,NaN,NaN,NaN,NaN,0,0,NaN,0
109,104,2,2,1,0,NaN,NaN,NaN,NaN,NaN,0,0,NaN,0
109,105,2,2,2,0,NaN,NaN,NaN,NaN,NaN,0,0,NaN,0
109,106,2,2,1,1,358,576,896,320,1216,0,-5,0.709146393,0
109,107,2,2,2,1,218,468,704,464,1168,0,1,0.630804117,0
109,108,2,2,2,0,NaN,NaN,NaN,NaN,NaN,0,0,NaN,0
109,109,2,2,1,0,NaN,NaN,NaN,NaN,NaN,0,0,NaN,0
109,110,2,2,2,1,364,601,836,456,1292,0,-1,0.654220255,0
109,111,2,2,1,1,398,713,948,400,1348,0,1,0.804115884,0
109,112,2,2,1,0,NaN,NaN,NaN,NaN,NaN,0,0,NaN,0
109,113,2,2,2,0,NaN,NaN,NaN,NaN,NaN,0,0,NaN,0
109,114,2,2,1,0,NaN,NaN,NaN,NaN,NaN,0,0,NaN,0
109,115,2,2,2,0,NaN,NaN,NaN,NaN,NaN,0,0,NaN,0
109,116,2,2,2,1,280,476,694,416,1110,0,-3,0.585162427,0
109,117,2,2,2,0,NaN,NaN,NaN,NaN,NaN,0,0,NaN,0
109,118,2,2,2,0,NaN,NaN,NaN,NaN,NaN,0,0,NaN,0
109,119,2,2,1,0,NaN,NaN,NaN,NaN,NaN,0,0,NaN,0
109,120,2,2,1,0,NaN,NaN,NaN,NaN,NaN,0,0,NaN,0
109,121,2,2,2,0,NaN,NaN,NaN,NaN,NaN,0,0,NaN,0
109,122,2,2,2,0,NaN,NaN,NaN,NaN,NaN,0,0,NaN,0
109,123,2,2,2,1,241,500,752,352,1104,0,-5,0.616289278,0
109,124,2,2,2,0,NaN,NaN,NaN,NaN,NaN,0,0,NaN,0
109,125,2,2,1,0,NaN,NaN,NaN,NaN,NaN,0,0,NaN,0
109,126,2,2,2,0,NaN,NaN,NaN,NaN,NaN,0,0,NaN,0
109,127,2,2,1,0,NaN,NaN,NaN,NaN,NaN,0,0,NaN,0
109,128,2,2,2,0,NaN,NaN,NaN,NaN,NaN,0,0,NaN,0
109,129,2,2,2,0,NaN,NaN,NaN,NaN,NaN,0,0,NaN,0
109,130,2,2,1,0,NaN,NaN,NaN,NaN,NaN,0,0,NaN,0
109,131,2,2,2,0,NaN,NaN,NaN,NaN,NaN,0,0,NaN,0
109,132,2,2,1,0,NaN,NaN,NaN,NaN,NaN,0,0,NaN,0
109,133,2,2,1,0,NaN,NaN,NaN,NaN,NaN,0,0,NaN,0
109,134,2,2,2,0,NaN,NaN,NaN,NaN,NaN,0,0,NaN,0
109,135,2,2,1,0,NaN,NaN,NaN,NaN,NaN,0,0,NaN,0
109,136,2,2,2,1,325,579,868,496,1364,0,-11,0.554206465,0
109,137,2,2,1,1,226,475,794,488,1282,0,1,0.701654171,0
109,138,2,2,1,0,NaN,NaN,NaN,NaN,NaN,0,0,NaN,0
109,139,2,2,2,0,NaN,NaN,NaN,NaN,NaN,0,0,NaN,0
109,140,2,2,2,0,NaN,NaN,NaN,NaN,NaN,0,0,NaN,0
109,141,2,2,1,0,NaN,NaN,NaN,NaN,NaN,0,0,NaN,0
109,142,2,2,1,1,261,526,748,344,1092,0,-3,0.754017356,0
109,143,2,2,1,0,NaN,NaN,NaN,NaN,NaN,0,0,NaN,0
109,144,2,2,2,0,NaN,NaN,NaN,NaN,NaN,0,0,NaN,0
109,145,2,2,1,1,359,588,936,448,1384,0,-1,0.689906814,0
109,146,2,2,2,0,NaN,NaN,NaN,NaN,NaN,0,0,NaN,0
109,147,2,2,1,0,NaN,NaN,NaN,NaN,NaN,0,0,NaN,0
109,148,2,2,1,0,NaN,NaN,NaN,NaN,NaN,0,0,NaN,0
109,149,2,2,2,1,192,407,630,392,1022,0,-2,0.575895764,0
109,150,2,2,2,1,250,487,738,386,1124,0,1,0.583015059,0
109,151,2,2,1,0,NaN,NaN,NaN,NaN,NaN,0,0,NaN,0
109,152,2,2,2,1,172,434,626,344,970,0,0,0.68096978,0
109,153,2,2,2,0,NaN,NaN,NaN,NaN,NaN,0,0,NaN,0
109,154,2,2,2,0,NaN,NaN,NaN,NaN,NaN,0,0,NaN,0
109,155,2,2,1,1,236,461,678,392,1070,0,-1,0.740948169,0
109,156,2,2,1,0,NaN,NaN,NaN,NaN,NaN,0,0,NaN,0
109,157,2,2,2,0,NaN,NaN,NaN,NaN,NaN,0,0,NaN,0
109,158,2,2,1,1,295,537,746,384,1130,0,-1,0.763194001,0
109,159,2,2,1,0,NaN,NaN,NaN,NaN,NaN,0,0,NaN,0
109,160,2,2,1,0,NaN,NaN,NaN,NaN,NaN,0,0,NaN,0
110,1,2,1,1,1,222,530,829,392,1221,0,0,0.764149688,0
110,2,2,1,1,1,313,545,831,400,1231,0,1,0.818050506,0
110,3,2,1,1,0,NaN,NaN,NaN,NaN,NaN,0,0,NaN,0
110,4,2,1,2,1,257,521,797,496,1293,0,0,0.808872983,0
110,5,2,1,1,0,NaN,NaN,NaN,NaN,NaN,0,0,NaN,0
110,6,2,1,1,1,225,514,824,600,1424,0,0,0.754629803,0
110,7,2,1,2,1,397,662,941,576,1517,0,1,0.747603142,0
110,8,2,1,1,1,231,483,650,640,1290,0,2,0.764296679,0
110,9,2,1,2,1,296,590,860,624,1484,0,3,0.672119374,0
110,10,2,1,1,1,202,463,754,597,1351,0,4,0.732864803,0
110,11,2,1,2,1,221,523,850,641,1491,0,5,0.766949192,0
110,12,2,1,2,1,219,502,738,656,1394,0,6,0.702164651,0
110,13,2,1,1,0,NaN,NaN,NaN,NaN,NaN,0,0,NaN,0
110,14,2,1,1,1,209,472,738,464,1202,0,0,0.793895706,0
110,15,2,1,2,0,NaN,NaN,NaN,NaN,NaN,0,0,NaN,0
110,16,2,1,1,1,210,523,818,576,1394,0,0,0.862160453,0
110,17,2,1,1,1,300,551,845,496,1341,0,1,0.84291384,0
110,18,2,1,1,1,281,533,800,576,1376,0,2,0.850235487,0
110,19,2,1,2,1,337,623,849,576,1425,0,3,0.749977645,0
110,20,2,1,1,1,158,410,652,488,1140,0,4,0.747422233,0
110,21,2,1,1,0,NaN,NaN,NaN,NaN,NaN,0,0,NaN,0
110,22,2,1,2,1,213,450,718,544,1262,0,0,0.727993261,0
110,23,2,1,1,0,NaN,NaN,NaN,NaN,NaN,0,0,NaN,0
110,24,2,1,2,1,194,443,706,672,1378,0,0,0.686457099,0
110,25,2,1,2,0,NaN,NaN,NaN,NaN,NaN,0,0,NaN,0
110,26,2,1,2,1,229,517,806,616,1422,0,0,0.706627295,0
110,27,2,1,2,1,335,585,831,640,1471,0,1,0.56935938,0
110,28,2,1,2,0,NaN,NaN,NaN,NaN,NaN,0,0,NaN,0
110,29,2,1,2,1,258,513,788,464,1252,0,0,0.713056026,0
110,30,2,1,1,1,225,503,833,480,1313,0,1,0.815018687,0
110,31,2,1,2,1,404,684,966,512,1478,0,2,0.740466382,0
110,32,2,1,2,1,205,449,681,496,1177,0,3,0.66344697,0
110,33,2,1,1,1,233,522,811,440,1251,0,4,0.803742692,0
110,34,2,1,2,0,NaN,NaN,NaN,NaN,NaN,0,0,NaN,0
110,35,2,1,2,0,NaN,NaN,NaN,NaN,NaN,0,0,NaN,0
110,36,2,1,1,1,209,507,830,480,1310,0,-1,0.782224947,0
110,37,2,1,1,1,259,511,776,464,1240,0,1,0.777528495,0
110,38,2,1,2,1,200,489,732,544,1276,0,2,0.646591802,0
110,39,2,1,1,1,197,447,712,432,1144,0,3,0.759330272,0
110,40,2,1,2,1,168,444,695,640,1335,0,4,0.702984544,0
110,41,2,1,1,1,153,424,725,512,1237,0,5,0.768191136,0
110,42,2,1,2,0,NaN,NaN,NaN,NaN,NaN,0,0,NaN,0
110,43,2,1,2,1,304,561,853,480,1333,0,0,0.693089392,0
110,44,2,1,2,1,372,645,941,472,1413,0,1,0.643425844,0
110,45,2,1,1,1,233,543,848,456,1304,0,2,0.705532951,0
110,46,2,1,2,1,183,452,729,456,1185,0,3,0.647813397,0
110,47,2,1,1,1,195,512,793,416,1209,0,4,0.789978722,0
110,48,2,1,2,1,262,530,792,464,1256,0,5,0.638958855,0
110,49,2,1,2,1,218,473,735,464,1199,0,6,0.72729945,0
110,50,2,1,2,1,148,438,741,448,1189,0,7,0.650096236,0
110,51,2,1,2,1,411,664,939,432,1371,0,8,0.64729859,0
110,52,2,1,2,1,199,470,756,448,1204,0,9,0.645520906,0
110,53,2,1,1,1,189,488,813,520,1333,0,10,0.831067836,0
110,54,2,1,2,1,174,433,697,464,1161,0,11,0.63211936,0
110,55,2,1,1,1,270,535,776,360,1136,0,12,0.796351569,0
110,56,2,1,2,1,257,521,766,512,1278,0,13,0.673066327,0
110,57,2,1,2,1,235,519,796,544,1340,0,14,0.625038126,0
110,58,2,1,1,0,NaN,NaN,NaN,NaN,NaN,0,0,NaN,0
110,59,2,1,2,1,179,454,720,528,1248,0,0,0.595011135,0
110,60,2,1,2,0,NaN,NaN,NaN,NaN,NaN,0,0,NaN,0
110,61,2,1,1,1,218,562,893,512,1405,0,0,0.812595541,0
110,62,2,1,2,1,173,451,758,496,1254,0,1,0.681971537,0
110,63,2,1,1,1,165,482,767,360,1127,0,2,0.811951206,0
110,64,2,1,2,1,189,429,675,448,1123,0,3,0.495564085,0
110,65,2,1,1,1,279,581,869,440,1309,0,4,0.83884212,0
110,66,2,1,1,0,NaN,NaN,NaN,NaN,NaN,0,0,NaN,0
110,67,2,1,1,1,219,503,818,392,1210,0,0,0.824668534,0
110,68,2,1,1,0,NaN,NaN,NaN,NaN,NaN,0,0,NaN,0
110,69,2,1,1,0,NaN,NaN,NaN,NaN,NaN,0,0,NaN,0
110,70,2,1,1,1,329,579,907,376,1283,0,-1,0.784850444,0
110,71,2,1,1,1,405,626,945,440,1385,0,1,0.749666183,0
110,72,2,1,1,1,184,446,745,432,1177,0,2,0.721081216,0
110,73,2,1,1,0,NaN,NaN,NaN,NaN,NaN,0,0,NaN,0
110,74,2,1,2,1,229,486,767,496,1263,0,0,0.670899076,0
110,75,2,1,2,0,NaN,NaN,NaN,NaN,NaN,0,0,NaN,0
110,76,2,1,2,0,NaN,NaN,NaN,NaN,NaN,0,0,NaN,0
110,77,2,1,1,1,358,649,986,600,1586,0,-1,0.832594102,0
110,78,2,1,1,1,375,668,953,464,1417,0,1,0.773919768,0
110,79,2,1,1,1,385,658,908,392,1300,0,2,0.783878636,0
110,80,2,1,2,0,NaN,NaN,NaN,NaN,NaN,0,0,NaN,0
110,81,2,2,1,1,196,482,767,320,1087,0,0,0.811958544,0
110,82,2,2,1,0,NaN,NaN,NaN,NaN,NaN,0,0,NaN,0
110,83,2,2,1,1,221,500,863,328,1191,0,0,0.787170568,0
110,84,2,2,1,0,NaN,NaN,NaN,NaN,NaN,0,0,NaN,0
110,85,2,2,1,0,NaN,NaN,NaN,NaN,NaN,0,0,NaN,0
110,86,2,2,1,1,473,774,1185,420,1605,0,-1,0.737498449,0
110,87,2,2,1,0,NaN,NaN,NaN,NaN,NaN,0,0,NaN,0
110,88,2,2,2,0,NaN,NaN,NaN,NaN,NaN,0,0,NaN,0
110,89,2,2,1,0,NaN,NaN,NaN,NaN,NaN,0,0,NaN,0
110,90,2,2,2,0,NaN,NaN,NaN,NaN,NaN,0,0,NaN,0
110,91,2,2,2,0,NaN,NaN,NaN,NaN,NaN,0,0,NaN,0
110,92,2,2,2,1,318,581,879,424,1303,0,-4,0.707972239,0
110,93,2,2,1,0,NaN,NaN,NaN,NaN,NaN,0,0,NaN,0
110,94,2,2,2,0,NaN,NaN,NaN,NaN,NaN,0,0,NaN,0
110,95,2,2,2,0,NaN,NaN,NaN,NaN,NaN,0,0,NaN,0
110,96,2,2,2,0,NaN,NaN,NaN,NaN,NaN,0,0,NaN,0
110,97,2,2,2,0,NaN,NaN,NaN,NaN,NaN,0,0,NaN,0
110,98,2,2,2,0,NaN,NaN,NaN,NaN,NaN,0,0,NaN,0
110,99,2,2,2,1,429,736,1038,544,1582,0,-5,0.658063901,0
110,100,2,2,2,0,NaN,NaN,NaN,NaN,NaN,0,0,NaN,0
110,101,2,2,1,0,NaN,NaN,NaN,NaN,NaN,0,0,NaN,0
110,102,2,2,1,0,NaN,NaN,NaN,NaN,NaN,0,0,NaN,0
110,103,2,2,1,0,NaN,NaN,NaN,NaN,NaN,0,0,NaN,0
110,104,2,2,1,0,NaN,NaN,NaN,NaN,NaN,0,0,NaN,0
110,105,2,2,2,0,NaN,NaN,NaN,NaN,NaN,0,0,NaN,0
110,106,2,2,1,1,421,685,1016,320,1336,0,-5,0.791291437,0
110,107,2,2,2,1,385,697,988,480,1468,0,1,0.723499964,0
110,108,2,2,2,0,NaN,NaN,NaN,NaN,NaN,0,0,NaN,0
110,109,2,2,1,0,NaN,NaN,NaN,NaN,NaN,0,0,NaN,0
110,110,2,2,2,1,427,664,1012,440,1452,0,-1,0.648766439,0
110,111,2,2,1,1,212,503,812,400,1212,0,1,0.837044961,0
110,112,2,2,1,0,NaN,NaN,NaN,NaN,NaN,0,0,NaN,0
110,113,2,2,2,0,NaN,NaN,NaN,NaN,NaN,0,0,NaN,0
110,114,2,2,1,0,NaN,NaN,NaN,NaN,NaN,0,0,NaN,0
110,115,2,2,2,0,NaN,NaN,NaN,NaN,NaN,0,0,NaN,0
110,116,2,2,2,1,484,727,1022,480,1502,0,-3,0.701265865,0
110,117,2,2,2,0,NaN,NaN,NaN,NaN,NaN,0,0,NaN,0
110,118,2,2,2,0,NaN,NaN,NaN,NaN,NaN,0,0,NaN,0
110,119,2,2,1,0,NaN,NaN,NaN,NaN,NaN,0,0,NaN,0
110,120,2,2,1,0,NaN,NaN,NaN,NaN,NaN,0,0,NaN,0
110,121,2,2,2,0,NaN,NaN,NaN,NaN,NaN,0,0,NaN,0
110,122,2,2,2,0,NaN,NaN,NaN,NaN,NaN,0,0,NaN,0
110,123,2,2,2,1,218,558,829,416,1245,0,-5,0.694252103,0
110,124,2,2,2,0,NaN,NaN,NaN,NaN,NaN,0,0,NaN,0
110,125,2,2,1,0,NaN,NaN,NaN,NaN,NaN,0,0,NaN,0
110,126,2,2,2,0,NaN,NaN,NaN,NaN,NaN,0,0,NaN,0
110,127,2,2,1,0,NaN,NaN,NaN,NaN,NaN,0,0,NaN,0
110,128,2,2,2,0,NaN,NaN,NaN,NaN,NaN,0,0,NaN,0
110,129,2,2,2,0,NaN,NaN,NaN,NaN,NaN,0,0,NaN,0
110,130,2,2,1,0,NaN,NaN,NaN,NaN,NaN,0,0,NaN,0
110,131,2,2,2,0,NaN,NaN,NaN,NaN,NaN,0,0,NaN,0
110,132,2,2,1,0,NaN,NaN,NaN,NaN,NaN,0,0,NaN,0
110,133,2,2,1,0,NaN,NaN,NaN,NaN,NaN,0,0,NaN,0
110,134,2,2,2,0,NaN,NaN,NaN,NaN,NaN,0,0,NaN,0
110,135,2,2,1,0,NaN,NaN,NaN,NaN,NaN,0,0,NaN,0
110,136,2,2,2,1,296,519,797,504,1301,0,-11,0.658636266,0
110,137,2,2,1,1,248,533,871,416,1287,0,1,0.795275798,0
110,138,2,2,1,0,NaN,NaN,NaN,NaN,NaN,0,0,NaN,0
110,139,2,2,2,0,NaN,NaN,NaN,NaN,NaN,0,0,NaN,0
110,140,2,2,2,0,NaN,NaN,NaN,NaN,NaN,0,0,NaN,0
110,141,2,2,1,0,NaN,NaN,NaN,NaN,NaN,0,0,NaN,0
110,142,2,2,1,1,276,574,888,416,1304,0,-3,0.783523746,0
110,143,2,2,1,0,NaN,NaN,NaN,NaN,NaN,0,0,NaN,0
110,144,2,2,2,0,NaN,NaN,NaN,NaN,NaN,0,0,NaN,0
110,145,2,2,1,1,303,585,887,416,1303,0,-1,0.80502985,0
110,146,2,2,2,0,NaN,NaN,NaN,NaN,NaN,0,0,NaN,0
110,147,2,2,1,0,NaN,NaN,NaN,NaN,NaN,0,0,NaN,0
110,148,2,2,1,0,NaN,NaN,NaN,NaN,NaN,0,0,NaN,0
110,149,2,2,2,1,373,641,921,464,1385,0,-2,0.68102212,0
110,150,2,2,2,1,331,562,854,424,1278,0,1,0.656910659,0
110,151,2,2,1,0,NaN,NaN,NaN,NaN,NaN,0,0,NaN,0
110,152,2,2,2,1,258,541,814,432,1246,0,0,0.669876345,0
110,153,2,2,2,0,NaN,NaN,NaN,NaN,NaN,0,0,NaN,0
110,154,2,2,2,0,NaN,NaN,NaN,NaN,NaN,0,0,NaN,0
110,155,2,2,1,1,292,601,894,400,1294,0,-1,0.814505877,0
110,156,2,2,1,0,NaN,NaN,NaN,NaN,NaN,0,0,NaN,0
110,157,2,2,2,0,NaN,NaN,NaN,NaN,NaN,0,0,NaN,0
110,158,2,2,1,1,292,569,862,432,1294,0,-1,0.794055704,0
110,159,2,2,1,0,NaN,NaN,NaN,NaN,NaN,0,0,NaN,0
110,160,2,2,1,0,NaN,NaN,NaN,NaN,NaN,0,0,NaN,0
111,1,2,1,1,1,298,514,734,296,1030,0,0,0.696757538,0
111,2,2,1,1,1,288,511,682,360,1042,0,1,0.681037683,0
111,3,2,1,1,0,NaN,NaN,NaN,NaN,NaN,0,0,NaN,0
111,4,2,1,2,1,235,488,746,488,1234,0,0,0.795057331,0
111,5,2,1,1,0,NaN,NaN,NaN,NaN,NaN,0,0,NaN,0
111,6,2,1,1,1,201,414,744,432,1176,0,0,0.614504358,0
111,7,2,1,2,1,374,622,870,440,1310,0,1,0.807511953,0
111,8,2,1,1,1,395,554,786,432,1218,0,2,0.715302964,0
111,9,2,1,2,1,275,469,700,432,1132,0,3,0.70346514,0
111,10,2,1,1,1,259,472,700,400,1100,0,4,0.732934031,0
111,11,2,1,2,1,234,433,704,368,1072,0,5,0.778185741,0
111,12,2,1,2,1,242,467,696,448,1144,0,6,0.77428478,0
111,13,2,1,1,0,NaN,NaN,NaN,NaN,NaN,0,0,NaN,0
111,14,2,1,1,1,208,476,792,400,1192,0,0,0.73066765,0
111,15,2,1,2,0,NaN,NaN,NaN,NaN,NaN,0,0,NaN,0
111,16,2,1,1,1,175,434,688,376,1064,0,0,0.744782108,0
111,17,2,1,1,1,189,438,674,344,1018,0,1,0.7221126,0
111,18,2,1,1,1,241,457,728,408,1136,0,2,0.695560144,0
111,19,2,1,2,1,185,424,666,400,1066,0,3,0.864235853,0
111,20,2,1,1,1,280,514,746,376,1122,0,4,0.724850979,0
111,21,2,1,1,0,NaN,NaN,NaN,NaN,NaN,0,0,NaN,0
111,22,2,1,2,1,345,502,697,299,996,0,0,0.786827451,0
111,23,2,1,1,0,NaN,NaN,NaN,NaN,NaN,0,0,NaN,0
111,24,2,1,2,1,307,552,734,448,1182,0,0,0.91574656,0
111,25,2,1,2,0,NaN,NaN,NaN,NaN,NaN,0,0,NaN,0
111,26,2,1,2,1,342,568,730,432,1162,0,0,0.917620679,0
111,27,2,1,2,1,346,533,694,448,1142,0,1,0.803165427,0
111,28,2,1,2,0,NaN,NaN,NaN,NaN,NaN,0,0,NaN,0
111,29,2,1,2,1,242,460,706,464,1170,0,0,0.753853209,0
111,30,2,1,1,1,432,652,858,352,1210,0,1,0.733361095,0
111,31,2,1,2,1,158,406,602,528,1130,0,2,0.800557946,0
111,32,2,1,2,1,207,420,628,424,1052,0,3,0.740839475,0
111,33,2,1,1,1,349,579,756,496,1252,0,4,0.749583151,0
111,34,2,1,2,0,NaN,NaN,NaN,NaN,NaN,0,0,NaN,0
111,35,2,1,2,0,NaN,NaN,NaN,NaN,NaN,0,0,NaN,0
111,36,2,1,1,1,163,403,646,472,1118,0,-1,0.723567974,0
111,37,2,1,1,1,352,551,798,354,1152,0,1,0.665737728,0
111,38,2,1,2,1,175,414,604,544,1148,0,2,0.834709112,0
111,39,2,1,1,1,186,420,616,528,1144,0,3,0.744825487,0
111,40,2,1,2,1,217,435,752,364,1116,0,4,0.811206928,0
111,41,2,1,1,1,173,418,706,280,986,0,5,0.695131865,0
111,42,2,1,2,0,NaN,NaN,NaN,NaN,NaN,0,0,NaN,0
111,43,2,1,2,1,215,448,736,488,1224,0,0,0.782451604,0
111,44,2,1,2,1,421,656,894,424,1318,0,1,0.748470736,0
111,45,2,1,1,1,NaN,NaN,NaN,NaN,NaN,1,2,NaN,1
111,46,2,1,2,1,276,490,784,448,1232,0,3,0.748283948,0
111,47,2,1,1,1,327,553,868,336,1204,0,4,0.679345816,0
111,48,2,1,2,1,187,428,704,472,1176,0,5,0.803099014,0
111,49,2,1,2,1,178,459,742,416,1158,0,6,0.740864103,0
111,50,2,1,2,1,470,736,976,536,1512,0,7,0.961893451,0
111,51,2,1,2,1,172,418,672,416,1088,0,8,0.667684725,0
111,52,2,1,2,1,230,477,702,496,1198,0,9,0.701171649,0
111,53,2,1,1,1,281,539,782,352,1134,0,10,0.749001804,0
111,54,2,1,2,1,165,398,648,472,1120,0,11,0.773656294,0
111,55,2,1,1,1,206,451,734,432,1166,0,12,0.756218459,0
111,56,2,1,2,1,179,408,652,480,1132,0,13,0.746583633,0
111,57,2,1,2,1,132,387,628,520,1148,0,14,0.711841934,0
111,58,2,1,1,0,NaN,NaN,NaN,NaN,NaN,0,0,NaN,0
111,59,2,1,2,1,176,395,594,560,1154,0,0,0.656896567,0
111,60,2,1,2,0,NaN,NaN,NaN,NaN,NaN,0,0,NaN,0
111,61,2,1,1,1,150,441,716,472,1188,0,0,0.691953509,0
111,62,2,1,2,1,162,426,658,528,1186,0,1,0.746038512,0
111,63,2,1,1,1,210,486,708,480,1188,0,2,0.685900491,0
111,64,2,1,2,1,228,460,674,560,1234,0,3,0.712913396,0
111,65,2,1,1,1,212,471,768,320,1088,0,4,0.645378164,0
111,66,2,1,1,0,NaN,NaN,NaN,NaN,NaN,0,0,NaN,0
111,67,2,1,1,1,363,554,829,299,1128,0,0,0.665817705,0
111,68,2,1,1,0,NaN,NaN,NaN,NaN,NaN,0,0,NaN,0
111,69,2,1,1,0,NaN,NaN,NaN,NaN,NaN,0,0,NaN,0
111,70,2,1,1,1,170,393,790,516,1306,0,-1,0.713542592,0
111,71,2,1,1,1,181,427,796,352,1148,0,1,0.624667754,0
111,72,2,1,1,1,330,576,884,400,1284,0,2,0.67519454,0
111,73,2,1,1,0,NaN,NaN,NaN,NaN,NaN,0,0,NaN,0
111,74,2,1,2,1,363,583,892,304,1196,0,0,0.804559729,0
111,75,2,1,2,0,NaN,NaN,NaN,NaN,NaN,0,0,NaN,0
111,76,2,1,2,0,NaN,NaN,NaN,NaN,NaN,0,0,NaN,0
111,77,2,1,1,1,267,523,814,344,1158,0,-1,0.674419832,0
111,78,2,1,1,1,328,497,744,464,1208,0,1,0.628880416,0
111,79,2,1,1,1,323,539,812,432,1244,0,2,0.717411684,0
111,80,2,1,2,0,NaN,NaN,NaN,NaN,NaN,0,0,NaN,0
111,81,2,2,1,1,252,451,718,320,1038,0,0,0.661836962,0
111,82,2,2,1,0,NaN,NaN,NaN,NaN,NaN,0,0,NaN,0
111,83,2,2,1,1,248,522,800,376,1176,0,0,0.657189086,0
111,84,2,2,1,0,NaN,NaN,NaN,NaN,NaN,0,0,NaN,0
111,85,2,2,1,0,NaN,NaN,NaN,NaN,NaN,0,0,NaN,0
111,86,2,2,1,1,266,487,774,400,1174,0,-1,0.64570887,0
111,87,2,2,1,0,NaN,NaN,NaN,NaN,NaN,0,0,NaN,0
111,88,2,2,2,0,NaN,NaN,NaN,NaN,NaN,0,0,NaN,0
111,89,2,2,1,0,NaN,NaN,NaN,NaN,NaN,0,0,NaN,0
111,90,2,2,2,0,NaN,NaN,NaN,NaN,NaN,0,0,NaN,0
111,91,2,2,2,0,NaN,NaN,NaN,NaN,NaN,0,0,NaN,0
111,92,2,2,2,1,341,561,970,640,1610,0,-4,0.691324113,0
111,93,2,2,1,0,NaN,NaN,NaN,NaN,NaN,0,0,NaN,0
111,94,2,2,2,0,NaN,NaN,NaN,NaN,NaN,0,0,NaN,0
111,95,2,2,2,0,NaN,NaN,NaN,NaN,NaN,0,0,NaN,0
111,96,2,2,2,0,NaN,NaN,NaN,NaN,NaN,0,0,NaN,0
111,97,2,2,2,0,NaN,NaN,NaN,NaN,NaN,0,0,NaN,0
111,98,2,2,2,0,NaN,NaN,NaN,NaN,NaN,0,0,NaN,0
111,99,2,2,2,1,351,585,908,544,1452,0,-5,0.727240412,0
111,100,2,2,2,0,NaN,NaN,NaN,NaN,NaN,0,0,NaN,0
111,101,2,2,1,0,NaN,NaN,NaN,NaN,NaN,0,0,NaN,0
111,102,2,2,1,0,NaN,NaN,NaN,NaN,NaN,0,0,NaN,0
111,103,2,2,1,0,NaN,NaN,NaN,NaN,NaN,0,0,NaN,0
111,104,2,2,1,0,NaN,NaN,NaN,NaN,NaN,0,0,NaN,0
111,105,2,2,2,0,NaN,NaN,NaN,NaN,NaN,0,0,NaN,0
111,106,2,2,1,1,285,535,910,384,1294,0,-5,0.662764254,0
111,107,2,2,2,1,191,477,774,448,1222,0,1,0.72105782,0
111,108,2,2,2,0,NaN,NaN,NaN,NaN,NaN,0,0,NaN,0
111,109,2,2,1,0,NaN,NaN,NaN,NaN,NaN,0,0,NaN,0
111,110,2,2,2,1,339,534,876,520,1396,0,-1,0.713355864,0
111,111,2,2,1,1,191,481,838,391,1229,0,1,0.619781089,0
111,112,2,2,1,0,NaN,NaN,NaN,NaN,NaN,0,0,NaN,0
111,113,2,2,2,0,NaN,NaN,NaN,NaN,NaN,0,0,NaN,0
111,114,2,2,1,0,NaN,NaN,NaN,NaN,NaN,0,0,NaN,0
111,115,2,2,2,0,NaN,NaN,NaN,NaN,NaN,0,0,NaN,0
111,116,2,2,2,1,383,644,938,324,1262,0,-3,0.708815024,0
111,117,2,2,2,0,NaN,NaN,NaN,NaN,NaN,0,0,NaN,0
111,118,2,2,2,0,NaN,NaN,NaN,NaN,NaN,0,0,NaN,0
111,119,2,2,1,0,NaN,NaN,NaN,NaN,NaN,0,0,NaN,0
111,120,2,2,1,0,NaN,NaN,NaN,NaN,NaN,0,0,NaN,0
111,121,2,2,2,0,NaN,NaN,NaN,NaN,NaN,0,0,NaN,0
111,122,2,2,2,0,NaN,NaN,NaN,NaN,NaN,0,0,NaN,0
111,123,2,2,2,1,202,448,910,672,1582,0,-5,0.703748041,0
111,124,2,2,2,0,NaN,NaN,NaN,NaN,NaN,0,0,NaN,0
111,125,2,2,1,0,NaN,NaN,NaN,NaN,NaN,0,0,NaN,0
111,126,2,2,2,0,NaN,NaN,NaN,NaN,NaN,0,0,NaN,0
111,127,2,2,1,0,NaN,NaN,NaN,NaN,NaN,0,0,NaN,0
111,128,2,2,2,0,NaN,NaN,NaN,NaN,NaN,0,0,NaN,0
111,129,2,2,2,0,NaN,NaN,NaN,NaN,NaN,0,0,NaN,0
111,130,2,2,1,0,NaN,NaN,NaN,NaN,NaN,0,0,NaN,0
111,131,2,2,2,0,NaN,NaN,NaN,NaN,NaN,0,0,NaN,0
111,132,2,2,1,0,NaN,NaN,NaN,NaN,NaN,0,0,NaN,0
111,133,2,2,1,0,NaN,NaN,NaN,NaN,NaN,0,0,NaN,0
111,134,2,2,2,0,NaN,NaN,NaN,NaN,NaN,0,0,NaN,0
111,135,2,2,1,0,NaN,NaN,NaN,NaN,NaN,0,0,NaN,0
111,136,2,2,2,1,NaN,NaN,NaN,NaN,NaN,1,-11,NaN,1
111,137,2,2,1,1,NaN,NaN,NaN,NaN,NaN,1,1,NaN,1
111,138,2,2,1,0,NaN,NaN,NaN,NaN,NaN,0,0,NaN,0
111,139,2,2,2,0,NaN,NaN,NaN,NaN,NaN,0,0,NaN,0
111,140,2,2,2,0,NaN,NaN,NaN,NaN,NaN,0,0,NaN,0
111,141,2,2,1,0,NaN,NaN,NaN,NaN,NaN,0,0,NaN,0
111,142,2,2,1,1,412,627,930,352,1282,0,-3,0.685372078,0
111,143,2,2,1,0,NaN,NaN,NaN,NaN,NaN,0,0,NaN,0
111,144,2,2,2,0,NaN,NaN,NaN,NaN,NaN,0,0,NaN,0
111,145,2,2,1,1,NaN,NaN,NaN,NaN,NaN,1,-1,NaN,1
111,146,2,2,2,0,NaN,NaN,NaN,NaN,NaN,0,0,NaN,0
111,147,2,2,1,0,NaN,NaN,NaN,NaN,NaN,0,0,NaN,0
111,148,2,2,1,0,NaN,NaN,NaN,NaN,NaN,0,0,NaN,0
111,149,2,2,2,1,319,527,836,433,1269,0,-2,0.709453776,0
111,150,2,2,2,1,512,761,1096,496,1592,0,1,0.941150354,0
111,151,2,2,1,0,NaN,NaN,NaN,NaN,NaN,0,0,NaN,0
111,152,2,2,2,1,318,541,848,416,1264,0,0,0.764459674,0
111,153,2,2,2,0,NaN,NaN,NaN,NaN,NaN,0,0,NaN,0
111,154,2,2,2,0,NaN,NaN,NaN,NaN,NaN,0,0,NaN,0
111,155,2,2,1,1,315,545,854,352,1206,0,-1,0.664573151,0
111,156,2,2,1,0,NaN,NaN,NaN,NaN,NaN,0,0,NaN,0
111,157,2,2,2,0,NaN,NaN,NaN,NaN,NaN,0,0,NaN,0
111,158,2,2,1,1,284,506,856,296,1152,0,-1,0.688375465,0
111,159,2,2,1,0,NaN,NaN,NaN,NaN,NaN,0,0,NaN,0
111,160,2,2,1,0,NaN,NaN,NaN,NaN,NaN,0,0,NaN,0
112,1,2,1,1,1,366,723,986,368,1354,0,0,0.663391583,0
112,2,2,1,1,1,NaN,NaN,NaN,NaN,NaN,1,1,NaN,1
112,3,2,1,1,0,NaN,NaN,NaN,NaN,NaN,0,0,NaN,0
112,4,2,1,2,1,294,543,800,392,1192,0,0,0.676529244,0
112,5,2,1,1,0,NaN,NaN,NaN,NaN,NaN,0,0,NaN,0
112,6,2,1,1,1,474,687,907,416,1323,0,0,0.761407585,0
112,7,2,1,2,1,426,605,823,376,1199,0,1,0.743517449,0
112,8,2,1,1,1,399,664,874,400,1274,0,2,0.763417307,0
112,9,2,1,2,1,448,672,806,456,1262,0,3,0.755629497,0
112,10,2,1,1,1,381,550,683,528,1211,0,4,0.657201588,0
112,11,2,1,2,1,315,505,712,344,1056,0,5,0.599805569,0
112,12,2,1,2,1,325,529,781,344,1125,0,6,0.652811795,0
112,13,2,1,1,0,NaN,NaN,NaN,NaN,NaN,0,0,NaN,0
112,14,2,1,1,1,454,678,908,296,1204,0,0,0.736835602,0
112,15,2,1,2,0,NaN,NaN,NaN,NaN,NaN,0,0,NaN,0
112,16,2,1,1,1,492,691,879,296,1175,0,0,0.712070781,0
112,17,2,1,1,1,215,408,606,448,1054,0,1,0.770960088,0
112,18,2,1,1,1,226,454,626,392,1018,0,2,0.728315236,0
112,19,2,1,2,1,265,449,656,324,980,0,3,0.631224012,0
112,20,2,1,1,1,NaN,NaN,NaN,NaN,NaN,1,4,NaN,1
112,21,2,1,1,0,NaN,NaN,NaN,NaN,NaN,0,0,NaN,0
112,22,2,1,2,1,229,438,646,328,974,0,0,0.707915274,0
112,23,2,1,1,0,NaN,NaN,NaN,NaN,NaN,0,0,NaN,0
112,24,2,1,2,1,210,418,633,288,921,0,0,0.711917153,0
112,25,2,1,2,0,NaN,NaN,NaN,NaN,NaN,0,0,NaN,0
112,26,2,1,2,1,223,394,622,264,886,0,0,0.669147942,0
112,27,2,1,2,1,326,500,704,280,984,0,1,0.607118354,0
112,28,2,1,2,0,NaN,NaN,NaN,NaN,NaN,0,0,NaN,0
112,29,2,1,2,1,617,782,981,256,1237,0,0,0.567239411,0
112,30,2,1,1,1,342,554,767,296,1063,0,1,0.768960644,0
112,31,2,1,2,1,278,438,661,296,957,0,2,0.571564357,0
112,32,2,1,2,1,285,584,725,360,1085,0,3,0.501664721,0
112,33,2,1,1,1,428,622,818,296,1114,0,4,0.800839687,0
112,34,2,1,2,0,NaN,NaN,NaN,NaN,NaN,0,0,NaN,0
112,35,2,1,2,0,NaN,NaN,NaN,NaN,NaN,0,0,NaN,0
112,36,2,1,1,1,490,666,863,280,1143,0,-1,0.753951025,0
112,37,2,1,1,1,192,421,634,328,962,0,1,0.736632128,0
112,38,2,1,2,1,379,620,761,312,1073,0,2,0.699431517,0
112,39,2,1,1,1,542,698,852,280,1132,0,3,0.720059623,0
112,40,2,1,2,1,496,604,765,248,1013,0,4,0.608550559,0
112,41,2,1,1,1,377,546,760,232,992,0,5,0.785189877,0
112,42,2,1,2,0,NaN,NaN,NaN,NaN,NaN,0,0,NaN,0
112,43,2,1,2,1,251,412,788,272,1060,0,0,0.563928937,0
112,44,2,1,2,1,357,523,736,248,984,0,1,0.656904065,0
112,45,2,1,1,1,208,437,646,251,897,0,2,0.715532607,0
112,46,2,1,2,1,511,673,842,280,1122,0,3,0.721677158,0
112,47,2,1,1,1,595,737,913,256,1169,0,4,0.75345979,0
112,48,2,1,2,1,402,579,731,264,995,0,5,0.671698059,0
112,49,2,1,2,1,309,475,645,232,877,0,6,0.653540433,0
112,50,2,1,2,1,236,409,586,248,834,0,7,0.616247984,0
112,51,2,1,2,1,307,487,687,328,1015,0,8,0.629742674,0
112,52,2,1,2,1,619,705,857,288,1145,0,9,0.492606399,0
112,53,2,1,1,1,412,655,861,264,1125,0,10,0.715389119,0
112,54,2,1,2,1,387,546,711,296,1007,0,11,0.720100361,0
112,55,2,1,1,1,511,627,801,312,1113,0,12,0.636498372,0
112,56,2,1,2,1,379,554,754,280,1034,0,13,0.678645344,0
112,57,2,1,2,1,167,357,584,280,864,0,14,0.571028874,0
112,58,2,1,1,0,NaN,NaN,NaN,NaN,NaN,0,0,NaN,0
112,59,2,1,2,1,282,477,643,296,939,0,0,0.629139797,0
112,60,2,1,2,0,NaN,NaN,NaN,NaN,NaN,0,0,NaN,0
112,61,2,1,1,1,387,572,836,352,1188,0,0,0.764073546,0
112,62,2,1,2,1,498,673,865,320,1185,0,1,0.649585984,0
112,63,2,1,1,1,524,684,897,344,1241,0,2,0.7508238,0
112,64,2,1,2,1,502,632,811,280,1091,0,3,0.583452778,0
112,65,2,1,1,1,220,460,681,272,953,0,4,0.779126194,0
112,66,2,1,1,0,NaN,NaN,NaN,NaN,NaN,0,0,NaN,0
112,67,2,1,1,1,279,483,687,312,999,0,0,0.780685389,0
112,68,2,1,1,0,NaN,NaN,NaN,NaN,NaN,0,0,NaN,0
112,69,2,1,1,0,NaN,NaN,NaN,NaN,NaN,0,0,NaN,0
112,70,2,1,1,1,551,774,983,328,1311,0,-1,0.835814899,0
112,71,2,1,1,1,NaN,NaN,NaN,NaN,NaN,1,1,NaN,1
112,72,2,1,1,1,NaN,NaN,NaN,NaN,NaN,1,2,NaN,1
112,73,2,1,1,0,NaN,NaN,NaN,NaN,NaN,0,0,NaN,0
112,74,2,1,2,1,245,389,759,280,1039,0,0,0.647222655,0
112,75,2,1,2,0,NaN,NaN,NaN,NaN,NaN,0,0,NaN,0
112,76,2,1,2,0,NaN,NaN,NaN,NaN,NaN,0,0,NaN,0
112,77,2,1,1,1,351,585,769,328,1097,0,-1,0.83732237,0
112,78,2,1,1,1,256,452,636,280,916,0,1,0.724209844,0
112,79,2,1,1,1,407,550,710,296,1006,0,2,0.705182929,0
112,80,2,1,2,0,NaN,NaN,NaN,NaN,NaN,0,0,NaN,0
112,81,2,2,1,1,347,585,797,272,1069,0,0,0.703615039,0
112,82,2,2,1,0,NaN,NaN,NaN,NaN,NaN,0,0,NaN,0
112,83,2,2,1,1,286,564,769,344,1113,0,0,0.758974378,0
112,84,2,2,1,0,NaN,NaN,NaN,NaN,NaN,0,0,NaN,0
112,85,2,2,1,0,NaN,NaN,NaN,NaN,NaN,0,0,NaN,0
112,86,2,2,1,1,320,523,736,327,1063,0,-1,0.808328055,0
112,87,2,2,1,0,NaN,NaN,NaN,NaN,NaN,0,0,NaN,0
112,88,2,2,2,0,NaN,NaN,NaN,NaN,NaN,0,0,NaN,0
112,89,2,2,1,0,NaN,NaN,NaN,NaN,NaN,0,0,NaN,0
112,90,2,2,2,0,NaN,NaN,NaN,NaN,NaN,0,0,NaN,0
112,91,2,2,2,0,NaN,NaN,NaN,NaN,NaN,0,0,NaN,0
112,92,2,2,2,1,468,717,879,264,1143,0,-4,0.693152969,0
112,93,2,2,1,0,NaN,NaN,NaN,NaN,NaN,0,0,NaN,0
112,94,2,2,2,0,NaN,NaN,NaN,NaN,NaN,0,0,NaN,0
112,95,2,2,2,0,NaN,NaN,NaN,NaN,NaN,0,0,NaN,0
112,96,2,2,2,0,NaN,NaN,NaN,NaN,NaN,0,0,NaN,0
112,97,2,2,2,0,NaN,NaN,NaN,NaN,NaN,0,0,NaN,0
112,98,2,2,2,0,NaN,NaN,NaN,NaN,NaN,0,0,NaN,0
112,99,2,2,2,1,329,513,707,328,1035,0,-5,0.772808612,0
112,100,2,2,2,0,NaN,NaN,NaN,NaN,NaN,0,0,NaN,0
112,101,2,2,1,0,NaN,NaN,NaN,NaN,NaN,0,0,NaN,0
112,102,2,2,1,0,NaN,NaN,NaN,NaN,NaN,0,0,NaN,0
112,103,2,2,1,0,NaN,NaN,NaN,NaN,NaN,0,0,NaN,0
112,104,2,2,1,0,NaN,NaN,NaN,NaN,NaN,0,0,NaN,0
112,105,2,2,2,0,NaN,NaN,NaN,NaN,NaN,0,0,NaN,0
112,106,2,2,1,1,438,637,836,320,1156,0,-5,0.852541397,0
112,107,2,2,2,1,298,530,735,304,1039,0,1,0.719969169,0
112,108,2,2,2,0,NaN,NaN,NaN,NaN,NaN,0,0,NaN,0
112,109,2,2,1,0,NaN,NaN,NaN,NaN,NaN,0,0,NaN,0
112,110,2,2,2,1,406,606,760,320,1080,0,-1,0.717321615,0
112,111,2,2,1,1,295,496,688,280,968,0,1,0.837749595,0
112,112,2,2,1,0,NaN,NaN,NaN,NaN,NaN,0,0,NaN,0
112,113,2,2,2,0,NaN,NaN,NaN,NaN,NaN,0,0,NaN,0
112,114,2,2,1,0,NaN,NaN,NaN,NaN,NaN,0,0,NaN,0
112,115,2,2,2,0,NaN,NaN,NaN,NaN,NaN,0,0,NaN,0
112,116,2,2,2,1,318,540,708,344,1052,0,-3,0.820902625,0
112,117,2,2,2,0,NaN,NaN,NaN,NaN,NaN,0,0,NaN,0
112,118,2,2,2,0,NaN,NaN,NaN,NaN,NaN,0,0,NaN,0
112,119,2,2,1,0,NaN,NaN,NaN,NaN,NaN,0,0,NaN,0
112,120,2,2,1,0,NaN,NaN,NaN,NaN,NaN,0,0,NaN,0
112,121,2,2,2,0,NaN,NaN,NaN,NaN,NaN,0,0,NaN,0
112,122,2,2,2,0,NaN,NaN,NaN,NaN,NaN,0,0,NaN,0
112,123,2,2,2,1,538,714,986,288,1274,0,-5,0.688504562,0
112,124,2,2,2,0,NaN,NaN,NaN,NaN,NaN,0,0,NaN,0
112,125,2,2,1,0,NaN,NaN,NaN,NaN,NaN,0,0,NaN,0
112,126,2,2,2,0,NaN,NaN,NaN,NaN,NaN,0,0,NaN,0
112,127,2,2,1,0,NaN,NaN,NaN,NaN,NaN,0,0,NaN,0
112,128,2,2,2,0,NaN,NaN,NaN,NaN,NaN,0,0,NaN,0
112,129,2,2,2,0,NaN,NaN,NaN,NaN,NaN,0,0,NaN,0
112,130,2,2,1,0,NaN,NaN,NaN,NaN,NaN,0,0,NaN,0
112,131,2,2,2,0,NaN,NaN,NaN,NaN,NaN,0,0,NaN,0
112,132,2,2,1,0,NaN,NaN,NaN,NaN,NaN,0,0,NaN,0
112,133,2,2,1,0,NaN,NaN,NaN,NaN,NaN,0,0,NaN,0
112,134,2,2,2,0,NaN,NaN,NaN,NaN,NaN,0,0,NaN,0
112,135,2,2,1,0,NaN,NaN,NaN,NaN,NaN,0,0,NaN,0
112,136,2,2,2,1,407,621,795,328,1123,0,-11,0.702198469,0
112,137,2,2,1,1,452,650,859,264,1123,0,1,0.82510027,0
112,138,2,2,1,0,NaN,NaN,NaN,NaN,NaN,0,0,NaN,0
112,139,2,2,2,0,NaN,NaN,NaN,NaN,NaN,0,0,NaN,0
112,140,2,2,2,0,NaN,NaN,NaN,NaN,NaN,0,0,NaN,0
112,141,2,2,1,0,NaN,NaN,NaN,NaN,NaN,0,0,NaN,0
112,142,2,2,1,1,303,509,739,312,1051,0,-3,0.829384097,0
112,143,2,2,1,0,NaN,NaN,NaN,NaN,NaN,0,0,NaN,0
112,144,2,2,2,0,NaN,NaN,NaN,NaN,NaN,0,0,NaN,0
112,145,2,2,1,1,286,511,743,328,1071,0,-1,0.83012211,0
112,146,2,2,2,0,NaN,NaN,NaN,NaN,NaN,0,0,NaN,0
112,147,2,2,1,0,NaN,NaN,NaN,NaN,NaN,0,0,NaN,0
112,148,2,2,1,0,NaN,NaN,NaN,NaN,NaN,0,0,NaN,0
112,149,2,2,2,1,NaN,NaN,NaN,NaN,NaN,1,-2,NaN,1
112,150,2,2,2,1,390,632,825,320,1145,0,1,0.654534005,0
112,151,2,2,1,0,NaN,NaN,NaN,NaN,NaN,0,0,NaN,0
112,152,2,2,2,1,262,434,601,264,865,0,0,0.655996503,0
112,153,2,2,2,0,NaN,NaN,NaN,NaN,NaN,0,0,NaN,0
112,154,2,2,2,0,NaN,NaN,NaN,NaN,NaN,0,0,NaN,0
112,155,2,2,1,1,285,513,728,320,1048,0,-1,0.807048757,0
112,156,2,2,1,0,NaN,NaN,NaN,NaN,NaN,0,0,NaN,0
112,157,2,2,2,0,NaN,NaN,NaN,NaN,NaN,0,0,NaN,0
112,158,2,2,1,1,271,439,654,368,1022,0,-1,0.777194854,0
112,159,2,2,1,0,NaN,NaN,NaN,NaN,NaN,0,0,NaN,0
112,160,2,2,1,0,NaN,NaN,NaN,NaN,NaN,0,0,NaN,0
113,1,2,1,1,1,189,411,654,400,1054,0,0,0.564193179,0
113,2,2,1,1,1,349,519,826,376,1202,0,1,0.558067044,0
113,3,2,1,1,0,NaN,NaN,NaN,NaN,NaN,0,0,NaN,0
113,4,2,1,2,1,211,440,752,432,1184,0,0,0.709182397,0
113,5,2,1,1,0,NaN,NaN,NaN,NaN,NaN,0,0,NaN,0
113,6,2,1,1,1,327,599,824,384,1208,0,0,0.574614981,0
113,7,2,1,2,1,271,508,836,448,1284,0,1,0.798653873,0
113,8,2,1,1,1,307,524,772,384,1156,0,2,0.637079085,0
113,9,2,1,2,1,248,475,744,456,1200,0,3,0.758933279,0
113,10,2,1,1,1,195,435,698,448,1146,0,4,0.628184561,0
113,11,2,1,2,1,251,498,798,368,1166,0,5,0.75087423,0
113,12,2,1,2,1,358,571,848,344,1192,0,6,0.839445394,0
113,13,2,1,1,0,NaN,NaN,NaN,NaN,NaN,0,0,NaN,0
113,14,2,1,1,1,196,418,716,320,1036,0,0,0.566103773,0
113,15,2,1,2,0,NaN,NaN,NaN,NaN,NaN,0,0,NaN,0
113,16,2,1,1,1,273,513,748,496,1244,0,0,0.591092795,0
113,17,2,1,1,1,264,480,766,344,1110,0,1,0.594230195,0
113,18,2,1,1,1,285,487,708,328,1036,0,2,0.607931599,0
113,19,2,1,2,1,229,463,706,410,1116,0,3,0.762116153,0
113,20,2,1,1,1,360,541,776,360,1136,0,4,0.62109512,0
113,21,2,1,1,0,NaN,NaN,NaN,NaN,NaN,0,0,NaN,0
113,22,2,1,2,1,311,554,852,376,1228,0,0,0.790485799,0
113,23,2,1,1,0,NaN,NaN,NaN,NaN,NaN,0,0,NaN,0
113,24,2,1,2,1,238,453,770,424,1194,0,0,0.703079497,0
113,25,2,1,2,0,NaN,NaN,NaN,NaN,NaN,0,0,NaN,0
113,26,2,1,2,1,195,420,742,424,1166,0,0,0.723459819,0
113,27,2,1,2,1,350,555,824,376,1200,0,1,0.756846669,0
113,28,2,1,2,0,NaN,NaN,NaN,NaN,NaN,0,0,NaN,0
113,29,2,1,2,1,235,487,746,376,1122,0,0,0.702429482,0
113,30,2,1,1,1,333,554,824,416,1240,0,1,0.653468338,0
113,31,2,1,2,1,233,432,686,344,1030,0,2,0.710467277,0
113,32,2,1,2,1,194,377,600,312,912,0,3,0.754491001,0
113,33,2,1,1,1,191,366,588,328,916,0,4,0.633287125,0
113,34,2,1,2,0,NaN,NaN,NaN,NaN,NaN,0,0,NaN,0
113,35,2,1,2,0,NaN,NaN,NaN,NaN,NaN,0,0,NaN,0
113,36,2,1,1,1,209,411,688,320,1008,0,-1,0.57684261,0
113,37,2,1,1,1,199,430,650,360,1010,0,1,0.563680956,0
113,38,2,1,2,1,206,422,694,360,1054,0,2,0.820597991,0
113,39,2,1,1,1,289,457,646,312,958,0,3,0.628842848,0
113,40,2,1,2,1,204,409,672,344,1016,0,4,0.779202357,0
113,41,2,1,1,1,192,393,604,264,868,0,5,0.612139277,0
113,42,2,1,2,0,NaN,NaN,NaN,NaN,NaN,0,0,NaN,0
113,43,2,1,2,1,282,506,724,272,996,0,0,0.727635112,0
113,44,2,1,2,1,201,426,648,296,944,0,1,0.796782485,0
113,45,2,1,1,1,207,356,536,226,762,0,2,0.648516664,0
113,46,2,1,2,1,268,496,706,304,1010,0,3,0.755220225,0
113,47,2,1,1,1,191,423,596,328,924,0,4,0.802169335,0
113,48,2,1,2,1,299,537,700,360,1060,0,5,0.879682516,0
113,49,2,1,2,1,352,623,828,336,1164,0,6,0.897141078,0
113,50,2,1,2,1,346,577,724,296,1020,0,7,0.943111309,0
113,51,2,1,2,1,NaN,NaN,NaN,NaN,NaN,1,8,NaN,1
113,52,2,1,2,1,163,358,578,264,842,0,9,0.741252151,0
113,53,2,1,1,1,210,370,548,328,876,0,10,0.532132581,0
113,54,2,1,2,1,199,389,592,280,872,0,11,0.679503076,0
113,55,2,1,1,1,202,342,533,251,784,0,12,0.60852682,0
113,56,2,1,2,1,205,452,624,288,912,0,13,0.674792958,0
113,57,2,1,2,1,145,375,620,280,900,0,14,0.720835357,0
113,58,2,1,1,0,NaN,NaN,NaN,NaN,NaN,0,0,NaN,0
113,59,2,1,2,1,218,375,604,272,876,0,0,0.663534306,0
113,60,2,1,2,0,NaN,NaN,NaN,NaN,NaN,0,0,NaN,0
113,61,2,1,1,1,206,403,642,312,954,0,0,0.616756395,0
113,62,2,1,2,1,281,475,694,240,934,0,1,0.718980498,0
113,63,2,1,1,1,307,498,678,312,990,0,2,0.653297232,0
113,64,2,1,2,1,289,527,718,296,1014,0,3,0.715561949,0
113,65,2,1,1,1,195,386,616,312,928,0,4,0.607022773,0
113,66,2,1,1,0,NaN,NaN,NaN,NaN,NaN,0,0,NaN,0
113,67,2,1,1,1,221,431,590,296,886,0,0,0.652627305,0
113,68,2,1,1,0,NaN,NaN,NaN,NaN,NaN,0,0,NaN,0
113,69,2,1,1,0,NaN,NaN,NaN,NaN,NaN,0,0,NaN,0
113,70,2,1,1,1,278,444,606,304,910,0,-1,0.700521339,0
113,71,2,1,1,1,226,401,604,296,900,0,1,0.672852343,0
113,72,2,1,1,1,464,627,806,261,1067,0,2,0.673541122,0
113,73,2,1,1,0,NaN,NaN,NaN,NaN,NaN,0,0,NaN,0
113,74,2,1,2,1,204,425,682,312,994,0,0,0.794870361,0
113,75,2,1,2,0,NaN,NaN,NaN,NaN,NaN,0,0,NaN,0
113,76,2,1,2,0,NaN,NaN,NaN,NaN,NaN,0,0,NaN,0
113,77,2,1,1,1,365,572,776,264,1040,0,-1,0.637658867,0
113,78,2,1,1,1,316,525,716,328,1044,0,1,0.648245537,0
113,79,2,1,1,1,208,566,704,296,1000,0,2,0.620732833,0
113,80,2,1,2,0,NaN,NaN,NaN,NaN,NaN,0,0,NaN,0
113,81,2,2,1,1,390,568,774,280,1054,0,0,0.64503597,0
113,82,2,2,1,0,NaN,NaN,NaN,NaN,NaN,0,0,NaN,0
113,83,2,2,1,1,386,587,764,296,1060,0,0,0.663953489,0
113,84,2,2,1,0,NaN,NaN,NaN,NaN,NaN,0,0,NaN,0
113,85,2,2,1,0,NaN,NaN,NaN,NaN,NaN,0,0,NaN,0
113,86,2,2,1,1,321,479,682,264,946,0,-1,0.583106273,0
113,87,2,2,1,0,NaN,NaN,NaN,NaN,NaN,0,0,NaN,0
113,88,2,2,2,0,NaN,NaN,NaN,NaN,NaN,0,0,NaN,0
113,89,2,2,1,0,NaN,NaN,NaN,NaN,NaN,0,0,NaN,0
113,90,2,2,2,0,NaN,NaN,NaN,NaN,NaN,0,0,NaN,0
113,91,2,2,2,0,NaN,NaN,NaN,NaN,NaN,0,0,NaN,0
113,92,2,2,2,1,263,488,876,264,1140,0,-4,0.739085787,0
113,93,2,2,1,0,NaN,NaN,NaN,NaN,NaN,0,0,NaN,0
113,94,2,2,2,0,NaN,NaN,NaN,NaN,NaN,0,0,NaN,0
113,95,2,2,2,0,NaN,NaN,NaN,NaN,NaN,0,0,NaN,0
113,96,2,2,2,0,NaN,NaN,NaN,NaN,NaN,0,0,NaN,0
113,97,2,2,2,0,NaN,NaN,NaN,NaN,NaN,0,0,NaN,0
113,98,2,2,2,0,NaN,NaN,NaN,NaN,NaN,0,0,NaN,0
113,99,2,2,2,1,243,496,756,312,1068,0,-5,0.778657848,0
113,100,2,2,2,0,NaN,NaN,NaN,NaN,NaN,0,0,NaN,0
113,101,2,2,1,0,NaN,NaN,NaN,NaN,NaN,0,0,NaN,0
113,102,2,2,1,0,NaN,NaN,NaN,NaN,NaN,0,0,NaN,0
113,103,2,2,1,0,NaN,NaN,NaN,NaN,NaN,0,0,NaN,0
113,104,2,2,1,0,NaN,NaN,NaN,NaN,NaN,0,0,NaN,0
113,105,2,2,2,0,NaN,NaN,NaN,NaN,NaN,0,0,NaN,0
113,106,2,2,1,1,273,488,696,368,1064,0,-5,0.683121552,0
113,107,2,2,2,1,212,457,722,312,1034,0,1,0.756477716,0
113,108,2,2,2,0,NaN,NaN,NaN,NaN,NaN,0,0,NaN,0
113,109,2,2,1,0,NaN,NaN,NaN,NaN,NaN,0,0,NaN,0
113,110,2,2,2,1,251,509,778,336,1114,0,-1,0.765697379,0
113,111,2,2,1,1,280,492,712,312,1024,0,1,0.613135147,0
113,112,2,2,1,0,NaN,NaN,NaN,NaN,NaN,0,0,NaN,0
113,113,2,2,2,0,NaN,NaN,NaN,NaN,NaN,0,0,NaN,0
113,114,2,2,1,0,NaN,NaN,NaN,NaN,NaN,0,0,NaN,0
113,115,2,2,2,0,NaN,NaN,NaN,NaN,NaN,0,0,NaN,0
113,116,2,2,2,1,317,558,876,328,1204,0,-3,0.800878619,0
113,117,2,2,2,0,NaN,NaN,NaN,NaN,NaN,0,0,NaN,0
113,118,2,2,2,0,NaN,NaN,NaN,NaN,NaN,0,0,NaN,0
113,119,2,2,1,0,NaN,NaN,NaN,NaN,NaN,0,0,NaN,0
113,120,2,2,1,0,NaN,NaN,NaN,NaN,NaN,0,0,NaN,0
113,121,2,2,2,0,NaN,NaN,NaN,NaN,NaN,0,0,NaN,0
113,122,2,2,2,0,NaN,NaN,NaN,NaN,NaN,0,0,NaN,0
113,123,2,2,2,1,328,573,878,336,1214,0,-5,0.768048218,0
113,124,2,2,2,0,NaN,NaN,NaN,NaN,NaN,0,0,NaN,0
113,125,2,2,1,0,NaN,NaN,NaN,NaN,NaN,0,0,NaN,0
113,126,2,2,2,0,NaN,NaN,NaN,NaN,NaN,0,0,NaN,0
113,127,2,2,1,0,NaN,NaN,NaN,NaN,NaN,0,0,NaN,0
113,128,2,2,2,0,NaN,NaN,NaN,NaN,NaN,0,0,NaN,0
113,129,2,2,2,0,NaN,NaN,NaN,NaN,NaN,0,0,NaN,0
113,130,2,2,1,0,NaN,NaN,NaN,NaN,NaN,0,0,NaN,0
113,131,2,2,2,0,NaN,NaN,NaN,NaN,NaN,0,0,NaN,0
113,132,2,2,1,0,NaN,NaN,NaN,NaN,NaN,0,0,NaN,0
113,133,2,2,1,0,NaN,NaN,NaN,NaN,NaN,0,0,NaN,0
113,134,2,2,2,0,NaN,NaN,NaN,NaN,NaN,0,0,NaN,0
113,135,2,2,1,0,NaN,NaN,NaN,NaN,NaN,0,0,NaN,0
113,136,2,2,2,1,245,485,724,304,1028,0,-11,0.795510214,0
113,137,2,2,1,1,268,472,698,264,962,0,1,0.747024322,0
113,138,2,2,1,0,NaN,NaN,NaN,NaN,NaN,0,0,NaN,0
113,139,2,2,2,0,NaN,NaN,NaN,NaN,NaN,0,0,NaN,0
113,140,2,2,2,0,NaN,NaN,NaN,NaN,NaN,0,0,NaN,0
113,141,2,2,1,0,NaN,NaN,NaN,NaN,NaN,0,0,NaN,0
113,142,2,2,1,1,226,388,620,344,964,0,-3,0.555210554,0
113,143,2,2,1,0,NaN,NaN,NaN,NaN,NaN,0,0,NaN,0
113,144,2,2,2,0,NaN,NaN,NaN,NaN,NaN,0,0,NaN,0
113,145,2,2,1,1,235,439,638,312,950,0,-1,0.625127359,0
113,146,2,2,2,0,NaN,NaN,NaN,NaN,NaN,0,0,NaN,0
113,147,2,2,1,0,NaN,NaN,NaN,NaN,NaN,0,0,NaN,0
113,148,2,2,1,0,NaN,NaN,NaN,NaN,NaN,0,0,NaN,0
113,149,2,2,2,1,182,443,686,296,982,0,-2,0.768182316,0
113,150,2,2,2,1,193,467,664,288,952,0,1,0.759122469,0
113,151,2,2,1,0,NaN,NaN,NaN,NaN,NaN,0,0,NaN,0
113,152,2,2,2,1,205,425,660,296,956,0,0,0.771903616,0
113,153,2,2,2,0,NaN,NaN,NaN,NaN,NaN,0,0,NaN,0
113,154,2,2,2,0,NaN,NaN,NaN,NaN,NaN,0,0,NaN,0
113,155,2,2,1,1,250,416,614,264,878,0,-1,0.637428069,0
113,156,2,2,1,0,NaN,NaN,NaN,NaN,NaN,0,0,NaN,0
113,157,2,2,2,0,NaN,NaN,NaN,NaN,NaN,0,0,NaN,0
113,158,2,2,1,1,259,446,640,280,920,0,-1,0.648653743,0
113,159,2,2,1,0,NaN,NaN,NaN,NaN,NaN,0,0,NaN,0
113,160,2,2,1,0,NaN,NaN,NaN,NaN,NaN,0,0,NaN,0
114,1,2,1,1,1,385,549,710,280,990,0,0,0.727883485,0
114,2,2,1,1,1,340,503,724,376,1100,0,1,0.756743057,0
114,3,2,1,1,0,NaN,NaN,NaN,NaN,NaN,0,0,NaN,0
114,4,2,1,2,1,NaN,NaN,NaN,NaN,NaN,1,0,NaN,1
114,5,2,1,1,0,NaN,NaN,NaN,NaN,NaN,0,0,NaN,0
114,6,2,1,1,1,224,419,679,328,1007,0,0,0.691623295,0
114,7,2,1,2,1,NaN,NaN,NaN,NaN,NaN,1,1,NaN,1
114,8,2,1,1,1,340,572,796,328,1124,0,2,0.792392033,0
114,9,2,1,2,1,NaN,NaN,NaN,NaN,NaN,1,3,NaN,1
114,10,2,1,1,1,190,398,580,392,972,0,4,0.705433488,0
114,11,2,1,2,1,346,576,820,344,1164,0,5,0.735447106,0
114,12,2,1,2,1,296,513,722,328,1050,0,6,0.798380537,0
114,13,2,1,1,0,NaN,NaN,NaN,NaN,NaN,0,0,NaN,0
114,14,2,1,1,1,272,488,694,376,1070,0,0,0.661733196,0
114,15,2,1,2,0,NaN,NaN,NaN,NaN,NaN,0,0,NaN,0
114,16,2,1,1,1,204,427,640,440,1080,0,0,0.692930403,0
114,17,2,1,1,1,336,527,729,384,1113,0,1,0.797224883,0
114,18,2,1,1,1,311,530,734,360,1094,0,2,0.803287139,0
114,19,2,1,2,1,237,464,661,408,1069,0,3,0.813888786,0
114,20,2,1,1,1,199,404,599,496,1095,0,4,0.702982789,0
114,21,2,1,1,0,NaN,NaN,NaN,NaN,NaN,0,0,NaN,0
114,22,2,1,2,1,283,481,833,392,1225,0,0,0.741199742,0
114,23,2,1,1,0,NaN,NaN,NaN,NaN,NaN,0,0,NaN,0
114,24,2,1,2,1,284,512,871,320,1191,0,0,0.824435653,0
114,25,2,1,2,0,NaN,NaN,NaN,NaN,NaN,0,0,NaN,0
114,26,2,1,2,1,378,586,834,304,1138,0,0,0.806260247,0
114,27,2,1,2,1,313,563,808,344,1152,0,1,0.852684838,0
114,28,2,1,2,0,NaN,NaN,NaN,NaN,NaN,0,0,NaN,0
114,29,2,1,2,1,282,572,859,344,1203,0,0,0.93002011,0
114,30,2,1,1,1,428,637,788,280,1068,0,1,0.652203019,0
114,31,2,1,2,1,301,677,972,368,1340,0,2,0.705335925,0
114,32,2,1,2,1,288,530,780,312,1092,0,3,0.822595632,0
114,33,2,1,1,1,416,600,792,280,1072,0,4,0.863585628,0
114,34,2,1,2,0,NaN,NaN,NaN,NaN,NaN,0,0,NaN,0
114,35,2,1,2,0,NaN,NaN,NaN,NaN,NaN,0,0,NaN,0
114,36,2,1,1,1,253,478,748,400,1148,0,-1,0.714676433,0
114,37,2,1,1,1,322,515,733,392,1125,0,1,0.69769678,0
114,38,2,1,2,1,236,469,734,360,1094,0,2,0.702341763,0
114,39,2,1,1,1,220,450,662,376,1038,0,3,0.673953112,0
114,40,2,1,2,1,221,474,715,320,1035,0,4,0.727374667,0
114,41,2,1,1,1,336,522,769,248,1017,0,5,0.783799496,0
114,42,2,1,2,0,NaN,NaN,NaN,NaN,NaN,0,0,NaN,0
114,43,2,1,2,1,223,447,721,328,1049,0,0,0.741179157,0
114,44,2,1,2,1,283,508,790,312,1102,0,1,0.753690301,0
114,45,2,1,1,1,338,533,735,232,967,0,2,0.831156418,0
114,46,2,1,2,1,278,513,744,408,1152,0,3,0.726892222,0
114,47,2,1,1,1,201,443,676,400,1076,0,4,0.729331617,0
114,48,2,1,2,1,212,473,791,296,1087,0,5,0.661682065,0
114,49,2,1,2,1,301,505,773,280,1053,0,6,0.758557423,0
114,50,2,1,2,1,301,544,794,296,1090,0,7,0.776102904,0
114,51,2,1,2,1,282,519,814,328,1142,0,8,0.738577946,0
114,52,2,1,2,1,185,431,662,328,990,0,9,0.722881916,0
114,53,2,1,1,1,203,431,614,280,894,0,10,0.664849605,0
114,54,2,1,2,1,215,473,734,280,1014,0,11,0.725339517,0
114,55,2,1,1,1,146,372,590,200,790,0,12,0.703470479,0
114,56,2,1,2,1,185,427,654,336,990,0,13,0.715071594,0
114,57,2,1,2,1,363,575,765,376,1141,0,14,0.856635566,0
114,58,2,1,1,0,NaN,NaN,NaN,NaN,NaN,0,0,NaN,0
114,59,2,1,2,1,216,450,599,424,1023,0,0,0.723172968,0
114,60,2,1,2,0,NaN,NaN,NaN,NaN,NaN,0,0,NaN,0
114,61,2,1,1,1,178,438,715,312,1027,0,0,0.682942881,0
114,62,2,1,2,1,175,380,637,264,901,0,1,0.753221324,0
114,63,2,1,1,1,238,452,673,312,985,0,2,0.672310945,0
114,64,2,1,2,1,199,424,652,296,948,0,3,0.744896171,0
114,65,2,1,1,1,180,369,568,304,872,0,4,0.670588274,0
114,66,2,1,1,0,NaN,NaN,NaN,NaN,NaN,0,0,NaN,0
114,67,2,1,1,1,350,535,719,320,1039,0,0,0.758624913,0
114,68,2,1,1,0,NaN,NaN,NaN,NaN,NaN,0,0,NaN,0
114,69,2,1,1,0,NaN,NaN,NaN,NaN,NaN,0,0,NaN,0
114,70,2,1,1,1,242,434,641,264,905,0,-1,0.636410485,0
114,71,2,1,1,1,253,488,705,360,1065,0,1,0.747613585,0
114,72,2,1,1,1,262,475,692,336,1028,0,2,0.79823619,0
114,73,2,1,1,0,NaN,NaN,NaN,NaN,NaN,0,0,NaN,0
114,74,2,1,2,1,183,515,763,376,1139,0,0,0.768142292,0
114,75,2,1,2,0,NaN,NaN,NaN,NaN,NaN,0,0,NaN,0
114,76,2,1,2,0,NaN,NaN,NaN,NaN,NaN,0,0,NaN,0
114,77,2,1,1,1,135,438,656,352,1008,0,-1,0.612253536,0
114,78,2,1,1,1,340,552,752,408,1160,0,1,0.723399906,0
114,79,2,1,1,1,243,447,650,424,1074,0,2,0.761005825,0
114,80,2,1,2,0,NaN,NaN,NaN,NaN,NaN,0,0,NaN,0
114,81,2,2,1,1,319,521,719,376,1095,0,0,0.846317229,0
114,82,2,2,1,0,NaN,NaN,NaN,NaN,NaN,0,0,NaN,0
114,83,2,2,1,1,284,424,614,280,894,0,0,0.590507627,0
114,84,2,2,1,0,NaN,NaN,NaN,NaN,NaN,0,0,NaN,0
114,85,2,2,1,0,NaN,NaN,NaN,NaN,NaN,0,0,NaN,0
114,86,2,2,1,1,241,422,608,312,920,0,-1,0.550755949,0
114,87,2,2,1,0,NaN,NaN,NaN,NaN,NaN,0,0,NaN,0
114,88,2,2,2,0,NaN,NaN,NaN,NaN,NaN,0,0,NaN,0
114,89,2,2,1,0,NaN,NaN,NaN,NaN,NaN,0,0,NaN,0
114,90,2,2,2,0,NaN,NaN,NaN,NaN,NaN,0,0,NaN,0
114,91,2,2,2,0,NaN,NaN,NaN,NaN,NaN,0,0,NaN,0
114,92,2,2,2,1,352,563,815,328,1143,0,-4,0.725269296,0
114,93,2,2,1,0,NaN,NaN,NaN,NaN,NaN,0,0,NaN,0
114,94,2,2,2,0,NaN,NaN,NaN,NaN,NaN,0,0,NaN,0
114,95,2,2,2,0,NaN,NaN,NaN,NaN,NaN,0,0,NaN,0
114,96,2,2,2,0,NaN,NaN,NaN,NaN,NaN,0,0,NaN,0
114,97,2,2,2,0,NaN,NaN,NaN,NaN,NaN,0,0,NaN,0
114,98,2,2,2,0,NaN,NaN,NaN,NaN,NaN,0,0,NaN,0
114,99,2,2,2,1,326,502,776,312,1088,0,-5,0.67001642,0
114,100,2,2,2,0,NaN,NaN,NaN,NaN,NaN,0,0,NaN,0
114,101,2,2,1,0,NaN,NaN,NaN,NaN,NaN,0,0,NaN,0
114,102,2,2,1,0,NaN,NaN,NaN,NaN,NaN,0,0,NaN,0
114,103,2,2,1,0,NaN,NaN,NaN,NaN,NaN,0,0,NaN,0
114,104,2,2,1,0,NaN,NaN,NaN,NaN,NaN,0,0,NaN,0
114,105,2,2,2,0,NaN,NaN,NaN,NaN,NaN,0,0,NaN,0
114,106,2,2,1,1,499,815,1158,272,1430,0,-5,1,0
114,107,2,2,2,1,275,491,786,296,1082,0,1,0.799676432,0
114,108,2,2,2,0,NaN,NaN,NaN,NaN,NaN,0,0,NaN,0
114,109,2,2,1,0,NaN,NaN,NaN,NaN,NaN,0,0,NaN,0
114,110,2,2,2,1,293,509,844,312,1156,0,-1,0.825002666,0
114,111,2,2,1,1,224,390,587,280,867,0,1,0.78774447,0
114,112,2,2,1,0,NaN,NaN,NaN,NaN,NaN,0,0,NaN,0
114,113,2,2,2,0,NaN,NaN,NaN,NaN,NaN,0,0,NaN,0
114,114,2,2,1,0,NaN,NaN,NaN,NaN,NaN,0,0,NaN,0
114,115,2,2,2,0,NaN,NaN,NaN,NaN,NaN,0,0,NaN,0
114,116,2,2,2,1,274,484,739,296,1035,0,-3,0.780304742,0
114,117,2,2,2,0,NaN,NaN,NaN,NaN,NaN,0,0,NaN,0
114,118,2,2,2,0,NaN,NaN,NaN,NaN,NaN,0,0,NaN,0
114,119,2,2,1,0,NaN,NaN,NaN,NaN,NaN,0,0,NaN,0
114,120,2,2,1,0,NaN,NaN,NaN,NaN,NaN,0,0,NaN,0
114,121,2,2,2,0,NaN,NaN,NaN,NaN,NaN,0,0,NaN,0
114,122,2,2,2,0,NaN,NaN,NaN,NaN,NaN,0,0,NaN,0
114,123,2,2,2,1,339,561,801,248,1049,0,-5,0.839267103,0
114,124,2,2,2,0,NaN,NaN,NaN,NaN,NaN,0,0,NaN,0
114,125,2,2,1,0,NaN,NaN,NaN,NaN,NaN,0,0,NaN,0
114,126,2,2,2,0,NaN,NaN,NaN,NaN,NaN,0,0,NaN,0
114,127,2,2,1,0,NaN,NaN,NaN,NaN,NaN,0,0,NaN,0
114,128,2,2,2,0,NaN,NaN,NaN,NaN,NaN,0,0,NaN,0
114,129,2,2,2,0,NaN,NaN,NaN,NaN,NaN,0,0,NaN,0
114,130,2,2,1,0,NaN,NaN,NaN,NaN,NaN,0,0,NaN,0
114,131,2,2,2,0,NaN,NaN,NaN,NaN,NaN,0,0,NaN,0
114,132,2,2,1,0,NaN,NaN,NaN,NaN,NaN,0,0,NaN,0
114,133,2,2,1,0,NaN,NaN,NaN,NaN,NaN,0,0,NaN,0
114,134,2,2,2,0,NaN,NaN,NaN,NaN,NaN,0,0,NaN,0
114,135,2,2,1,0,NaN,NaN,NaN,NaN,NaN,0,0,NaN,0
114,136,2,2,2,1,378,597,897,296,1193,0,-11,0.782722099,0
114,137,2,2,1,1,298,463,678,344,1022,0,1,0.697659426,0
114,138,2,2,1,0,NaN,NaN,NaN,NaN,NaN,0,0,NaN,0
114,139,2,2,2,0,NaN,NaN,NaN,NaN,NaN,0,0,NaN,0
114,140,2,2,2,0,NaN,NaN,NaN,NaN,NaN,0,0,NaN,0
114,141,2,2,1,0,NaN,NaN,NaN,NaN,NaN,0,0,NaN,0
114,142,2,2,1,1,249,418,639,328,967,0,-3,0.756431642,0
114,143,2,2,1,0,NaN,NaN,NaN,NaN,NaN,0,0,NaN,0
114,144,2,2,2,0,NaN,NaN,NaN,NaN,NaN,0,0,NaN,0
114,145,2,2,1,1,258,486,751,320,1071,0,-1,0.794729876,0
114,146,2,2,2,0,NaN,NaN,NaN,NaN,NaN,0,0,NaN,0
114,147,2,2,1,0,NaN,NaN,NaN,NaN,NaN,0,0,NaN,0
114,148,2,2,1,0,NaN,NaN,NaN,NaN,NaN,0,0,NaN,0
114,149,2,2,2,1,343,565,816,280,1096,0,-2,0.729185252,0
114,150,2,2,2,1,265,507,747,344,1091,0,1,0.8228596,0
114,151,2,2,1,0,NaN,NaN,NaN,NaN,NaN,0,0,NaN,0
114,152,2,2,2,1,261,454,703,328,1031,0,0,0.792723836,0
114,153,2,2,2,0,NaN,NaN,NaN,NaN,NaN,0,0,NaN,0
114,154,2,2,2,0,NaN,NaN,NaN,NaN,NaN,0,0,NaN,0
114,155,2,2,1,1,125,437,717,296,1013,0,-1,0.900724549,0
114,156,2,2,1,0,NaN,NaN,NaN,NaN,NaN,0,0,NaN,0
114,157,2,2,2,0,NaN,NaN,NaN,NaN,NaN,0,0,NaN,0
114,158,2,2,1,1,292,481,679,264,943,0,-1,0.79930856,0
114,159,2,2,1,0,NaN,NaN,NaN,NaN,NaN,0,0,NaN,0
114,160,2,2,1,0,NaN,NaN,NaN,NaN,NaN,0,0,NaN,0
115,1,2,1,1,1,353,580,812,384,1196,0,0,0.703079947,0
115,2,2,1,1,1,375,587,776,352,1128,0,1,0.651341663,0
115,3,2,1,1,0,NaN,NaN,NaN,NaN,NaN,0,0,NaN,0
115,4,2,1,2,1,285,576,810,368,1178,0,0,0.821910314,0
115,5,2,1,1,0,NaN,NaN,NaN,NaN,NaN,0,0,NaN,0
115,6,2,1,1,1,352,611,798,488,1286,0,0,0.701392204,0
115,7,2,1,2,1,213,532,684,392,1076,0,1,0.832979519,0
115,8,2,1,1,1,204,459,624,416,1040,0,2,0.70137104,0
115,9,2,1,2,1,305,535,680,408,1088,0,3,0.807101727,0
115,10,2,1,1,1,309,555,722,456,1178,0,4,0.714589683,0
115,11,2,1,2,1,304,546,764,296,1060,0,5,0.826975152,0
115,12,2,1,2,1,275,546,752,298,1050,0,6,0.751551169,0
115,13,2,1,1,0,NaN,NaN,NaN,NaN,NaN,0,0,NaN,0
115,14,2,1,1,1,292,565,780,312,1092,0,0,0.65145728,0
115,15,2,1,2,0,NaN,NaN,NaN,NaN,NaN,0,0,NaN,0
115,16,2,1,1,1,304,555,784,344,1128,0,0,0.644573736,0
115,17,2,1,1,1,541,763,938,336,1274,0,1,0.626123436,0
115,18,2,1,1,1,393,570,754,344,1098,0,2,0.586808025,0
115,19,2,1,2,1,196,514,750,296,1046,0,3,0.846613406,0
115,20,2,1,1,1,308,582,768,392,1160,0,4,0.671536902,0
115,21,2,1,1,0,NaN,NaN,NaN,NaN,NaN,0,0,NaN,0
115,22,2,1,2,1,265,548,762,328,1090,0,0,0.761855521,0
115,23,2,1,1,0,NaN,NaN,NaN,NaN,NaN,0,0,NaN,0
115,24,2,1,2,1,255,582,806,298,1104,0,0,0.791764245,0
115,25,2,1,2,0,NaN,NaN,NaN,NaN,NaN,0,0,NaN,0
115,26,2,1,2,1,258,571,820,328,1148,0,0,0.767847427,0
115,27,2,1,2,1,375,623,820,328,1148,0,1,0.74926082,0
115,28,2,1,2,0,NaN,NaN,NaN,NaN,NaN,0,0,NaN,0
115,29,2,1,2,1,271,560,786,280,1066,0,0,0.703275538,0
115,30,2,1,1,1,351,587,832,392,1224,0,1,0.760051954,0
115,31,2,1,2,1,390,604,806,264,1070,0,2,0.869634227,0
115,32,2,1,2,1,149,410,656,280,936,0,3,0.793514386,0
115,33,2,1,1,1,187,422,642,376,1018,0,4,0.745936486,0
115,34,2,1,2,0,NaN,NaN,NaN,NaN,NaN,0,0,NaN,0
115,35,2,1,2,0,NaN,NaN,NaN,NaN,NaN,0,0,NaN,0
115,36,2,1,1,1,211,433,666,328,994,0,-1,0.67282021,0
115,37,2,1,1,1,220,487,728,416,1144,0,1,0.648928665,0
115,38,2,1,2,1,184,513,772,312,1084,0,2,0.753396338,0
115,39,2,1,1,1,295,483,712,336,1048,0,3,0.69109604,0
115,40,2,1,2,1,271,550,758,296,1054,0,4,0.80125303,0
115,41,2,1,1,1,208,444,696,296,992,0,5,0.709997714,0
115,42,2,1,2,0,NaN,NaN,NaN,NaN,NaN,0,0,NaN,0
115,43,2,1,2,1,307,600,822,296,1118,0,0,0.807509673,0
115,44,2,1,2,1,304,516,732,280,1012,0,1,0.767024542,0
115,45,2,1,1,1,248,478,706,408,1114,0,2,0.684551177,0
115,46,2,1,2,1,321,588,820,360,1180,0,3,0.846365253,0
115,47,2,1,1,1,262,496,692,408,1100,0,4,0.700280424,0
115,48,2,1,2,1,217,482,714,384,1098,0,5,0.755916548,0
115,49,2,1,2,1,355,621,802,400,1202,0,6,0.784531601,0
115,50,2,1,2,1,343,535,664,400,1064,0,7,0.684644117,0
115,51,2,1,2,1,240,524,740,344,1084,0,8,0.773424036,0
115,52,2,1,2,1,303,581,802,296,1098,0,9,0.759774611,0
115,53,2,1,1,1,184,522,768,384,1152,0,10,0.739046586,0
115,54,2,1,2,1,392,643,834,344,1178,0,11,0.858765296,0
115,55,2,1,1,1,182,463,676,360,1036,0,12,0.73856094,0
115,56,2,1,2,1,290,564,780,312,1092,0,13,0.832372313,0
115,57,2,1,2,1,358,630,860,360,1220,0,14,0.758285816,0
115,58,2,1,1,0,NaN,NaN,NaN,NaN,NaN,0,0,NaN,0
115,59,2,1,2,1,250,528,748,344,1092,0,0,0.758355971,0
115,60,2,1,2,0,NaN,NaN,NaN,NaN,NaN,0,0,NaN,0
115,61,2,1,1,1,258,494,712,376,1088,0,0,0.687241794,0
115,62,2,1,2,1,503,757,940,328,1268,0,1,0.789157061,0
115,63,2,1,1,1,281,563,790,376,1166,0,2,0.738378692,0
115,64,2,1,2,1,237,518,742,416,1158,0,3,0.783751027,0
115,65,2,1,1,1,237,514,756,456,1212,0,4,0.762191853,0
115,66,2,1,1,0,NaN,NaN,NaN,NaN,NaN,0,0,NaN,0
115,67,2,1,1,1,324,556,702,544,1246,0,0,0.673500354,0
115,68,2,1,1,0,NaN,NaN,NaN,NaN,NaN,0,0,NaN,0
115,69,2,1,1,0,NaN,NaN,NaN,NaN,NaN,0,0,NaN,0
115,70,2,1,1,1,364,598,776,448,1224,0,-1,0.685829188,0
115,71,2,1,1,1,211,478,748,352,1100,0,1,0.696666039,0
115,72,2,1,1,1,257,490,742,400,1142,0,2,0.687095197,0
115,73,2,1,1,0,NaN,NaN,NaN,NaN,NaN,0,0,NaN,0
115,74,2,1,2,1,267,535,752,328,1080,0,0,0.826062752,0
115,75,2,1,2,0,NaN,NaN,NaN,NaN,NaN,0,0,NaN,0
115,76,2,1,2,0,NaN,NaN,NaN,NaN,NaN,0,0,NaN,0
115,77,2,1,1,1,357,597,830,360,1190,0,-1,0.699497377,0
115,78,2,1,1,1,287,537,758,408,1166,0,1,0.63489807,0
115,79,2,1,1,1,294,598,846,368,1214,0,2,0.581224601,0
115,80,2,1,2,0,NaN,NaN,NaN,NaN,NaN,0,0,NaN,0
115,81,2,2,1,1,371,595,826,360,1186,0,0,0.717472949,0
115,82,2,2,1,0,NaN,NaN,NaN,NaN,NaN,0,0,NaN,0
115,83,2,2,1,1,317,552,762,360,1122,0,0,0.648831058,0
115,84,2,2,1,0,NaN,NaN,NaN,NaN,NaN,0,0,NaN,0
115,85,2,2,1,0,NaN,NaN,NaN,NaN,NaN,0,0,NaN,0
115,86,2,2,1,1,319,569,792,360,1152,0,-1,0.677775153,0
115,87,2,2,1,0,NaN,NaN,NaN,NaN,NaN,0,0,NaN,0
115,88,2,2,2,0,NaN,NaN,NaN,NaN,NaN,0,0,NaN,0
115,89,2,2,1,0,NaN,NaN,NaN,NaN,NaN,0,0,NaN,0
115,90,2,2,2,0,NaN,NaN,NaN,NaN,NaN,0,0,NaN,0
115,91,2,2,2,0,NaN,NaN,NaN,NaN,NaN,0,0,NaN,0
115,92,2,2,2,1,493,722,950,312,1262,0,-4,0.831152007,0
115,93,2,2,1,0,NaN,NaN,NaN,NaN,NaN,0,0,NaN,0
115,94,2,2,2,0,NaN,NaN,NaN,NaN,NaN,0,0,NaN,0
115,95,2,2,2,0,NaN,NaN,NaN,NaN,NaN,0,0,NaN,0
115,96,2,2,2,0,NaN,NaN,NaN,NaN,NaN,0,0,NaN,0
115,97,2,2,2,0,NaN,NaN,NaN,NaN,NaN,0,0,NaN,0
115,98,2,2,2,0,NaN,NaN,NaN,NaN,NaN,0,0,NaN,0
115,99,2,2,2,1,360,619,870,328,1198,0,-5,0.731480019,0
115,100,2,2,2,0,NaN,NaN,NaN,NaN,NaN,0,0,NaN,0
115,101,2,2,1,0,NaN,NaN,NaN,NaN,NaN,0,0,NaN,0
115,102,2,2,1,0,NaN,NaN,NaN,NaN,NaN,0,0,NaN,0
115,103,2,2,1,0,NaN,NaN,NaN,NaN,NaN,0,0,NaN,0
115,104,2,2,1,0,NaN,NaN,NaN,NaN,NaN,0,0,NaN,0
115,105,2,2,2,0,NaN,NaN,NaN,NaN,NaN,0,0,NaN,0
115,106,2,2,1,1,326,537,730,360,1090,0,-5,0.669355788,0
115,107,2,2,2,1,233,519,766,360,1126,0,1,0.831993837,0
115,108,2,2,2,0,NaN,NaN,NaN,NaN,NaN,0,0,NaN,0
115,109,2,2,1,0,NaN,NaN,NaN,NaN,NaN,0,0,NaN,0
115,110,2,2,2,1,292,540,794,312,1106,0,-1,0.770563364,0
115,111,2,2,1,1,388,583,780,352,1132,0,1,0.748364041,0
115,112,2,2,1,0,NaN,NaN,NaN,NaN,NaN,0,0,NaN,0
115,113,2,2,2,0,NaN,NaN,NaN,NaN,NaN,0,0,NaN,0
115,114,2,2,1,0,NaN,NaN,NaN,NaN,NaN,0,0,NaN,0
115,115,2,2,2,0,NaN,NaN,NaN,NaN,NaN,0,0,NaN,0
115,116,2,2,2,1,338,591,840,312,1152,0,-3,0.801530294,0
115,117,2,2,2,0,NaN,NaN,NaN,NaN,NaN,0,0,NaN,0
115,118,2,2,2,0,NaN,NaN,NaN,NaN,NaN,0,0,NaN,0
115,119,2,2,1,0,NaN,NaN,NaN,NaN,NaN,0,0,NaN,0
115,120,2,2,1,0,NaN,NaN,NaN,NaN,NaN,0,0,NaN,0
115,121,2,2,2,0,NaN,NaN,NaN,NaN,NaN,0,0,NaN,0
115,122,2,2,2,0,NaN,NaN,NaN,NaN,NaN,0,0,NaN,0
115,123,2,2,2,1,351,608,824,312,1136,0,-5,0.781919834,0
115,124,2,2,2,0,NaN,NaN,NaN,NaN,NaN,0,0,NaN,0
115,125,2,2,1,0,NaN,NaN,NaN,NaN,NaN,0,0,NaN,0
115,126,2,2,2,0,NaN,NaN,NaN,NaN,NaN,0,0,NaN,0
115,127,2,2,1,0,NaN,NaN,NaN,NaN,NaN,0,0,NaN,0
115,128,2,2,2,0,NaN,NaN,NaN,NaN,NaN,0,0,NaN,0
115,129,2,2,2,0,NaN,NaN,NaN,NaN,NaN,0,0,NaN,0
115,130,2,2,1,0,NaN,NaN,NaN,NaN,NaN,0,0,NaN,0
115,131,2,2,2,0,NaN,NaN,NaN,NaN,NaN,0,0,NaN,0
115,132,2,2,1,0,NaN,NaN,NaN,NaN,NaN,0,0,NaN,0
115,133,2,2,1,0,NaN,NaN,NaN,NaN,NaN,0,0,NaN,0
115,134,2,2,2,0,NaN,NaN,NaN,NaN,NaN,0,0,NaN,0
115,135,2,2,1,0,NaN,NaN,NaN,NaN,NaN,0,0,NaN,0
115,136,2,2,2,1,295,551,818,360,1178,0,-11,0.763719045,0
115,137,2,2,1,1,337,581,846,400,1246,0,1,0.717299147,0
115,138,2,2,1,0,NaN,NaN,NaN,NaN,NaN,0,0,NaN,0
115,139,2,2,2,0,NaN,NaN,NaN,NaN,NaN,0,0,NaN,0
115,140,2,2,2,0,NaN,NaN,NaN,NaN,NaN,0,0,NaN,0
115,141,2,2,1,0,NaN,NaN,NaN,NaN,NaN,0,0,NaN,0
115,142,2,2,1,1,282,510,752,328,1080,0,-3,0.672271481,0
115,143,2,2,1,0,NaN,NaN,NaN,NaN,NaN,0,0,NaN,0
115,144,2,2,2,0,NaN,NaN,NaN,NaN,NaN,0,0,NaN,0
115,145,2,2,1,1,253,500,760,368,1128,0,-1,0.656491707,0
115,146,2,2,2,0,NaN,NaN,NaN,NaN,NaN,0,0,NaN,0
115,147,2,2,1,0,NaN,NaN,NaN,NaN,NaN,0,0,NaN,0
115,148,2,2,1,0,NaN,NaN,NaN,NaN,NaN,0,0,NaN,0
115,149,2,2,2,1,295,552,784,336,1120,0,-2,0.766685697,0
115,150,2,2,2,1,307,549,732,408,1140,0,1,0.789847874,0
115,151,2,2,1,0,NaN,NaN,NaN,NaN,NaN,0,0,NaN,0
115,152,2,2,2,1,324,580,796,312,1108,0,0,0.783335971,0
115,153,2,2,2,0,NaN,NaN,NaN,NaN,NaN,0,0,NaN,0
115,154,2,2,2,0,NaN,NaN,NaN,NaN,NaN,0,0,NaN,0
115,155,2,2,1,1,312,517,736,328,1064,0,-1,0.647668853,0
115,156,2,2,1,0,NaN,NaN,NaN,NaN,NaN,0,0,NaN,0
115,157,2,2,2,0,NaN,NaN,NaN,NaN,NaN,0,0,NaN,0
115,158,2,2,1,1,287,521,728,360,1088,0,-1,0.678656633,0
115,159,2,2,1,0,NaN,NaN,NaN,NaN,NaN,0,0,NaN,0
115,160,2,2,1,0,NaN,NaN,NaN,NaN,NaN,0,0,NaN,0
116,1,2,1,1,1,446,696,994,536,1530,0,0,0.708715945,0
116,2,2,1,1,1,402,630,924,424,1348,0,1,0.73301774,0
116,3,2,1,1,0,NaN,NaN,NaN,NaN,NaN,0,0,NaN,0
116,4,2,1,2,1,235,498,812,400,1212,0,0,0.739665746,0
116,5,2,1,1,0,NaN,NaN,NaN,NaN,NaN,0,0,NaN,0
116,6,2,1,1,1,NaN,NaN,NaN,NaN,NaN,1,0,NaN,1
116,7,2,1,2,1,206,433,656,328,984,0,1,0.751182583,0
116,8,2,1,1,1,201,508,735,257,992,0,2,0.815303155,0
116,9,2,1,2,1,198,429,666,304,970,0,3,0.762318384,0
116,10,2,1,1,1,165,457,668,320,988,0,4,0.815867661,0
116,11,2,1,2,1,221,418,610,368,978,0,5,0.766751495,0
116,12,2,1,2,1,335,521,694,328,1022,0,6,0.731039055,0
116,13,2,1,1,0,NaN,NaN,NaN,NaN,NaN,0,0,NaN,0
116,14,2,1,1,1,NaN,NaN,NaN,NaN,NaN,1,0,NaN,1
116,15,2,1,2,0,NaN,NaN,NaN,NaN,NaN,0,0,NaN,0
116,16,2,1,1,1,180,448,656,288,944,0,0,0.85995359,0
116,17,2,1,1,1,322,545,710,232,942,0,1,0.80124444,0
116,18,2,1,1,1,145,419,632,265,897,0,2,0.804670786,0
116,19,2,1,2,1,316,547,734,328,1062,0,3,0.845439801,0
116,20,2,1,1,1,234,441,628,248,876,0,4,0.799689343,0
116,21,2,1,1,0,NaN,NaN,NaN,NaN,NaN,0,0,NaN,0
116,22,2,1,2,1,192,434,588,312,900,0,0,0.793994497,0
116,23,2,1,1,0,NaN,NaN,NaN,NaN,NaN,0,0,NaN,0
116,24,2,1,2,1,210,398,592,288,880,0,0,0.785261599,0
116,25,2,1,2,0,NaN,NaN,NaN,NaN,NaN,0,0,NaN,0
116,26,2,1,2,1,203,424,596,320,916,0,0,0.850467004,0
116,27,2,1,2,1,185,436,598,328,926,0,1,0.839754455,0
116,28,2,1,2,0,NaN,NaN,NaN,NaN,NaN,0,0,NaN,0
116,29,2,1,2,1,407,586,760,312,1072,0,0,0.835996179,0
116,30,2,1,1,1,394,582,814,280,1094,0,1,0.83593365,0
116,31,2,1,2,1,298,536,748,360,1108,0,2,0.876427685,0
116,32,2,1,2,1,191,427,632,272,904,0,3,0.869878246,0
116,33,2,1,1,1,195,456,672,320,992,0,4,0.810678823,0
116,34,2,1,2,0,NaN,NaN,NaN,NaN,NaN,0,0,NaN,0
116,35,2,1,2,0,NaN,NaN,NaN,NaN,NaN,0,0,NaN,0
116,36,2,1,1,1,290,492,678,256,934,0,-1,0.767532007,0
116,37,2,1,1,1,200,451,666,272,938,0,1,0.831313932,0
116,38,2,1,2,1,195,427,646,219,865,0,2,0.887578767,0
116,39,2,1,1,1,178,424,634,272,906,0,3,0.78586324,0
116,40,2,1,2,1,190,414,620,328,948,0,4,0.893169184,0
116,41,2,1,1,1,230,477,680,256,936,0,5,0.749338484,0
116,42,2,1,2,0,NaN,NaN,NaN,NaN,NaN,0,0,NaN,0
116,43,2,1,2,1,226,456,674,298,972,0,0,0.801745358,0
116,44,2,1,2,1,210,461,634,296,930,0,1,0.831939273,0
116,45,2,1,1,1,156,436,628,264,892,0,2,0.820327547,0
116,46,2,1,2,1,180,431,628,296,924,0,3,0.877785998,0
116,47,2,1,1,1,171,461,676,264,940,0,4,0.757702527,0
116,48,2,1,2,1,211,455,676,296,972,0,5,0.890885729,0
116,49,2,1,2,1,262,479,662,296,958,0,6,0.834359828,0
116,50,2,1,2,1,173,397,588,264,852,0,7,0.809716225,0
116,51,2,1,2,1,228,440,654,376,1030,0,8,0.85229748,0
116,52,2,1,2,1,189,409,640,320,960,0,9,0.796372387,0
116,53,2,1,1,1,178,442,672,272,944,0,10,0.785683935,0
116,54,2,1,2,1,183,431,620,288,908,0,11,0.876166291,0
116,55,2,1,1,1,163,432,668,248,916,0,12,0.770987339,0
116,56,2,1,2,1,220,443,640,352,992,0,13,0.841065578,0
116,57,2,1,2,1,201,441,650,320,970,0,14,0.790962931,0
116,58,2,1,1,0,NaN,NaN,NaN,NaN,NaN,0,0,NaN,0
116,59,2,1,2,1,211,438,620,320,940,0,0,0.801627817,0
116,60,2,1,2,0,NaN,NaN,NaN,NaN,NaN,0,0,NaN,0
116,61,2,1,1,1,401,610,854,232,1086,0,0,0.711294726,0
116,62,2,1,2,1,183,419,636,296,932,0,1,0.808306487,0
116,63,2,1,1,1,249,492,736,200,936,0,2,0.860196971,0
116,64,2,1,2,1,175,405,594,280,874,0,3,0.841423395,0
116,65,2,1,1,1,203,432,660,248,908,0,4,0.797806526,0
116,66,2,1,1,0,NaN,NaN,NaN,NaN,NaN,0,0,NaN,0
116,67,2,1,1,1,214,471,724,248,972,0,0,0.709463983,0
116,68,2,1,1,0,NaN,NaN,NaN,NaN,NaN,0,0,NaN,0
116,69,2,1,1,0,NaN,NaN,NaN,NaN,NaN,0,0,NaN,0
116,70,2,1,1,1,NaN,NaN,NaN,NaN,NaN,1,-1,NaN,1
116,71,2,1,1,1,NaN,NaN,NaN,NaN,NaN,1,1,NaN,1
116,72,2,1,1,1,202,478,682,288,970,0,2,0.72713497,0
116,73,2,1,1,0,NaN,NaN,NaN,NaN,NaN,0,0,NaN,0
116,74,2,1,2,1,314,507,678,280,958,0,0,0.717601814,0
116,75,2,1,2,0,NaN,NaN,NaN,NaN,NaN,0,0,NaN,0
116,76,2,1,2,0,NaN,NaN,NaN,NaN,NaN,0,0,NaN,0
116,77,2,1,1,1,NaN,NaN,NaN,NaN,NaN,1,-1,NaN,1
116,78,2,1,1,1,488,698,863,250,1113,0,1,0.752540175,0
116,79,2,1,1,1,233,467,641,200,841,0,2,0.743007249,0
116,80,2,1,2,0,NaN,NaN,NaN,NaN,NaN,0,0,NaN,0
116,81,2,2,1,1,430,626,773,220,993,0,0,0.751600532,0
116,82,2,2,1,0,NaN,NaN,NaN,NaN,NaN,0,0,NaN,0
116,83,2,2,1,1,238,448,626,296,922,0,0,0.691739248,0
116,84,2,2,1,0,NaN,NaN,NaN,NaN,NaN,0,0,NaN,0
116,85,2,2,1,0,NaN,NaN,NaN,NaN,NaN,0,0,NaN,0
116,86,2,2,1,1,265,487,686,264,950,0,-1,0.685077443,0
116,87,2,2,1,0,NaN,NaN,NaN,NaN,NaN,0,0,NaN,0
116,88,2,2,2,0,NaN,NaN,NaN,NaN,NaN,0,0,NaN,0
116,89,2,2,1,0,NaN,NaN,NaN,NaN,NaN,0,0,NaN,0
116,90,2,2,2,0,NaN,NaN,NaN,NaN,NaN,0,0,NaN,0
116,91,2,2,2,0,NaN,NaN,NaN,NaN,NaN,0,0,NaN,0
116,92,2,2,2,1,432,664,902,224,1126,0,-4,0.778684512,0
116,93,2,2,1,0,NaN,NaN,NaN,NaN,NaN,0,0,NaN,0
116,94,2,2,2,0,NaN,NaN,NaN,NaN,NaN,0,0,NaN,0
116,95,2,2,2,0,NaN,NaN,NaN,NaN,NaN,0,0,NaN,0
116,96,2,2,2,0,NaN,NaN,NaN,NaN,NaN,0,0,NaN,0
116,97,2,2,2,0,NaN,NaN,NaN,NaN,NaN,0,0,NaN,0
116,98,2,2,2,0,NaN,NaN,NaN,NaN,NaN,0,0,NaN,0
116,99,2,2,2,1,484,695,890,320,1210,0,-5,0.761033363,0
116,100,2,2,2,0,NaN,NaN,NaN,NaN,NaN,0,0,NaN,0
116,101,2,2,1,0,NaN,NaN,NaN,NaN,NaN,0,0,NaN,0
116,102,2,2,1,0,NaN,NaN,NaN,NaN,NaN,0,0,NaN,0
116,103,2,2,1,0,NaN,NaN,NaN,NaN,NaN,0,0,NaN,0
116,104,2,2,1,0,NaN,NaN,NaN,NaN,NaN,0,0,NaN,0
116,105,2,2,2,0,NaN,NaN,NaN,NaN,NaN,0,0,NaN,0
116,106,2,2,1,1,425,679,912,280,1192,0,-5,0.749365183,0
116,107,2,2,2,1,430,660,870,288,1158,0,1,0.813985952,0
116,108,2,2,2,0,NaN,NaN,NaN,NaN,NaN,0,0,NaN,0
116,109,2,2,1,0,NaN,NaN,NaN,NaN,NaN,0,0,NaN,0
116,110,2,2,2,1,270,496,692,264,956,0,-1,0.785832016,0
116,111,2,2,1,1,298,546,726,280,1006,0,1,0.789502788,0
116,112,2,2,1,0,NaN,NaN,NaN,NaN,NaN,0,0,NaN,0
116,113,2,2,2,0,NaN,NaN,NaN,NaN,NaN,0,0,NaN,0
116,114,2,2,1,0,NaN,NaN,NaN,NaN,NaN,0,0,NaN,0
116,115,2,2,2,0,NaN,NaN,NaN,NaN,NaN,0,0,NaN,0
116,116,2,2,2,1,341,545,728,280,1008,0,-3,0.820660661,0
116,117,2,2,2,0,NaN,NaN,NaN,NaN,NaN,0,0,NaN,0
116,118,2,2,2,0,NaN,NaN,NaN,NaN,NaN,0,0,NaN,0
116,119,2,2,1,0,NaN,NaN,NaN,NaN,NaN,0,0,NaN,0
116,120,2,2,1,0,NaN,NaN,NaN,NaN,NaN,0,0,NaN,0
116,121,2,2,2,0,NaN,NaN,NaN,NaN,NaN,0,0,NaN,0
116,122,2,2,2,0,NaN,NaN,NaN,NaN,NaN,0,0,NaN,0
116,123,2,2,2,1,313,531,704,424,1128,0,-5,0.830384518,0
116,124,2,2,2,0,NaN,NaN,NaN,NaN,NaN,0,0,NaN,0
116,125,2,2,1,0,NaN,NaN,NaN,NaN,NaN,0,0,NaN,0
116,126,2,2,2,0,NaN,NaN,NaN,NaN,NaN,0,0,NaN,0
116,127,2,2,1,0,NaN,NaN,NaN,NaN,NaN,0,0,NaN,0
116,128,2,2,2,0,NaN,NaN,NaN,NaN,NaN,0,0,NaN,0
116,129,2,2,2,0,NaN,NaN,NaN,NaN,NaN,0,0,NaN,0
116,130,2,2,1,0,NaN,NaN,NaN,NaN,NaN,0,0,NaN,0
116,131,2,2,2,0,NaN,NaN,NaN,NaN,NaN,0,0,NaN,0
116,132,2,2,1,0,NaN,NaN,NaN,NaN,NaN,0,0,NaN,0
116,133,2,2,1,0,NaN,NaN,NaN,NaN,NaN,0,0,NaN,0
116,134,2,2,2,0,NaN,NaN,NaN,NaN,NaN,0,0,NaN,0
116,135,2,2,1,0,NaN,NaN,NaN,NaN,NaN,0,0,NaN,0
116,136,2,2,2,1,380,644,842,360,1202,0,-11,0.788285531,0
116,137,2,2,1,1,233,533,720,312,1032,0,1,0.894453571,0
116,138,2,2,1,0,NaN,NaN,NaN,NaN,NaN,0,0,NaN,0
116,139,2,2,2,0,NaN,NaN,NaN,NaN,NaN,0,0,NaN,0
116,140,2,2,2,0,NaN,NaN,NaN,NaN,NaN,0,0,NaN,0
116,141,2,2,1,0,NaN,NaN,NaN,NaN,NaN,0,0,NaN,0
116,142,2,2,1,1,286,587,854,312,1166,0,-3,0.916147778,0
116,143,2,2,1,0,NaN,NaN,NaN,NaN,NaN,0,0,NaN,0
116,144,2,2,2,0,NaN,NaN,NaN,NaN,NaN,0,0,NaN,0
116,145,2,2,1,1,343,615,804,264,1068,0,-1,0.883967051,0
116,146,2,2,2,0,NaN,NaN,NaN,NaN,NaN,0,0,NaN,0
116,147,2,2,1,0,NaN,NaN,NaN,NaN,NaN,0,0,NaN,0
116,148,2,2,1,0,NaN,NaN,NaN,NaN,NaN,0,0,NaN,0
116,149,2,2,2,1,286,583,760,342,1102,0,-2,0.85717208,0
116,150,2,2,2,1,282,551,792,317,1109,0,1,0.783177102,0
116,151,2,2,1,0,NaN,NaN,NaN,NaN,NaN,0,0,NaN,0
116,152,2,2,2,1,178,455,690,376,1066,0,0,0.781512713,0
116,153,2,2,2,0,NaN,NaN,NaN,NaN,NaN,0,0,NaN,0
116,154,2,2,2,0,NaN,NaN,NaN,NaN,NaN,0,0,NaN,0
116,155,2,2,1,1,212,492,774,344,1118,0,-1,0.771354542,0
116,156,2,2,1,0,NaN,NaN,NaN,NaN,NaN,0,0,NaN,0
116,157,2,2,2,0,NaN,NaN,NaN,NaN,NaN,0,0,NaN,0
116,158,2,2,1,1,NaN,NaN,NaN,NaN,NaN,1,-1,NaN,1
116,159,2,2,1,0,NaN,NaN,NaN,NaN,NaN,0,0,NaN,0
116,160,2,2,1,0,NaN,NaN,NaN,NaN,NaN,0,0,NaN,0
117,1,2,1,1,1,385,711,963,408,1371,0,0,0.674336479,0
117,2,2,1,1,1,335,603,871,376,1247,0,1,0.700324795,0
117,3,2,1,1,0,NaN,NaN,NaN,NaN,NaN,0,0,NaN,0
117,4,2,1,2,1,347,515,720,488,1208,0,0,0.539887851,0
117,5,2,1,1,0,NaN,NaN,NaN,NaN,NaN,0,0,NaN,0
117,6,2,1,1,1,320,498,705,400,1105,0,0,0.561267496,0
117,7,2,1,2,1,412,610,828,384,1212,0,1,0.578438658,0
117,8,2,1,1,1,242,405,556,504,1060,0,2,0.513610081,0
117,9,2,1,2,1,210,395,530,528,1058,0,3,0.537402588,0
117,10,2,1,1,1,177,356,458,688,1146,0,4,0.47103484,0
117,11,2,1,2,1,207,396,579,488,1067,0,5,0.584455265,0
117,12,2,1,2,1,368,555,722,496,1218,0,6,0.59825817,0
117,13,2,1,1,0,NaN,NaN,NaN,NaN,NaN,0,0,NaN,0
117,14,2,1,1,1,180,386,623,456,1079,0,0,0.582430322,0
117,15,2,1,2,0,NaN,NaN,NaN,NaN,NaN,0,0,NaN,0
117,16,2,1,1,1,439,620,856,504,1360,0,0,0.594481568,0
117,17,2,1,1,1,297,483,711,512,1223,0,1,0.608285778,0
117,18,2,1,1,1,366,502,714,616,1330,0,2,0.642326176,0
117,19,2,1,2,1,236,426,606,528,1134,0,3,0.531380718,0
117,20,2,1,1,1,258,454,668,624,1292,0,4,0.678119431,0
117,21,2,1,1,0,NaN,NaN,NaN,NaN,NaN,0,0,NaN,0
117,22,2,1,2,1,278,438,693,544,1237,0,0,0.585785252,0
117,23,2,1,1,0,NaN,NaN,NaN,NaN,NaN,0,0,NaN,0
117,24,2,1,2,1,290,457,689,592,1281,0,0,0.582893012,0
117,25,2,1,2,0,NaN,NaN,NaN,NaN,NaN,0,0,NaN,0
117,26,2,1,2,1,199,412,613,464,1077,0,0,0.633543268,0
117,27,2,1,2,1,367,565,765,528,1293,0,1,0.583359366,0
117,28,2,1,2,0,NaN,NaN,NaN,NaN,NaN,0,0,NaN,0
117,29,2,1,2,1,197,436,669,656,1325,0,0,0.593896638,0
117,30,2,1,1,1,374,532,731,560,1291,0,1,0.504854692,0
117,31,2,1,2,1,219,376,601,544,1145,0,2,0.545218563,0
117,32,2,1,2,1,239,446,656,632,1288,0,3,0.540705354,0
117,33,2,1,1,1,287,478,667,440,1107,0,4,0.643078741,0
117,34,2,1,2,0,NaN,NaN,NaN,NaN,NaN,0,0,NaN,0
117,35,2,1,2,0,NaN,NaN,NaN,NaN,NaN,0,0,NaN,0
117,36,2,1,1,1,386,533,726,544,1270,0,-1,0.573710447,0
117,37,2,1,1,1,255,431,653,575,1228,0,1,0.554606323,0
117,38,2,1,2,1,239,427,620,623,1243,0,2,0.54750661,0
117,39,2,1,1,1,182,439,658,464,1122,0,3,0.669064251,0
117,40,2,1,2,1,188,364,563,608,1171,0,4,0.428649799,0
117,41,2,1,1,1,307,462,676,448,1124,0,5,0.65006666,0
117,42,2,1,2,0,NaN,NaN,NaN,NaN,NaN,0,0,NaN,0
117,43,2,1,2,1,239,470,662,488,1150,0,0,0.516655232,0
117,44,2,1,2,1,394,541,708,560,1268,0,1,0.611376761,0
117,45,2,1,1,1,331,474,612,432,1044,0,2,0.461961898,0
117,46,2,1,2,1,426,563,715,528,1243,0,3,0.59993054,0
117,47,2,1,1,1,284,401,522,520,1042,0,4,0.384961084,0
117,48,2,1,2,1,158,309,454,544,998,0,5,0.459717392,0
117,49,2,1,2,1,180,354,508,536,1044,0,6,0.511662149,0
117,50,2,1,2,1,230,391,539,528,1067,0,7,0.438859386,0
117,51,2,1,2,1,224,371,544,408,952,0,8,0.526089915,0
117,52,2,1,2,1,179,333,554,504,1058,0,9,0.54844722,0
117,53,2,1,1,1,274,428,646,392,1038,0,10,0.640777115,0
117,54,2,1,2,1,219,400,585,536,1121,0,11,0.572615418,0
117,55,2,1,1,1,204,387,615,448,1063,0,12,0.657150147,0
117,56,2,1,2,1,176,371,527,528,1055,0,13,0.565342714,0
117,57,2,1,2,1,217,386,486,576,1062,0,14,0.47364796,0
117,58,2,1,1,0,NaN,NaN,NaN,NaN,NaN,0,0,NaN,0
117,59,2,1,2,1,229,452,653,600,1253,0,0,0.592434274,0
117,60,2,1,2,0,NaN,NaN,NaN,NaN,NaN,0,0,NaN,0
117,61,2,1,1,1,183,372,585,512,1097,0,0,0.678625914,0
117,62,2,1,2,1,190,409,625,592,1217,0,1,0.573432018,0
117,63,2,1,1,1,166,388,571,432,1003,0,2,0.552246865,0
117,64,2,1,2,1,344,507,716,448,1164,0,3,0.621574189,0
117,65,2,1,1,1,192,346,506,432,938,0,4,0.47864398,0
117,66,2,1,1,0,NaN,NaN,NaN,NaN,NaN,0,0,NaN,0
117,67,2,1,1,1,110,257,396,528,924,0,0,0.321274275,0
117,68,2,1,1,0,NaN,NaN,NaN,NaN,NaN,0,0,NaN,0
117,69,2,1,1,0,NaN,NaN,NaN,NaN,NaN,0,0,NaN,0
117,70,2,1,1,1,286,456,657,544,1201,0,-1,0.567319273,0
117,71,2,1,1,1,250,428,670,472,1142,0,1,0.535749393,0
117,72,2,1,1,1,247,431,614,488,1102,0,2,0.494298165,0
117,73,2,1,1,0,NaN,NaN,NaN,NaN,NaN,0,0,NaN,0
117,74,2,1,2,1,365,561,807,592,1399,0,0,0.545175255,0
117,75,2,1,2,0,NaN,NaN,NaN,NaN,NaN,0,0,NaN,0
117,76,2,1,2,0,NaN,NaN,NaN,NaN,NaN,0,0,NaN,0
117,77,2,1,1,1,289,440,692,512,1204,0,-1,0.497010188,0
117,78,2,1,1,1,252,467,665,496,1161,0,1,0.538885594,0
117,79,2,1,1,1,203,391,612,584,1196,0,2,0.539927828,0
117,80,2,1,2,0,NaN,NaN,NaN,NaN,NaN,0,0,NaN,0
117,81,2,2,1,1,186,353,604,544,1148,0,0,0.428538594,0
117,82,2,2,1,0,NaN,NaN,NaN,NaN,NaN,0,0,NaN,0
117,83,2,2,1,1,390,531,760,576,1336,0,0,0.571935744,0
117,84,2,2,1,0,NaN,NaN,NaN,NaN,NaN,0,0,NaN,0
117,85,2,2,1,0,NaN,NaN,NaN,NaN,NaN,0,0,NaN,0
117,86,2,2,1,1,374,551,777,520,1297,0,-1,0.611606215,0
117,87,2,2,1,0,NaN,NaN,NaN,NaN,NaN,0,0,NaN,0
117,88,2,2,2,0,NaN,NaN,NaN,NaN,NaN,0,0,NaN,0
117,89,2,2,1,0,NaN,NaN,NaN,NaN,NaN,0,0,NaN,0
117,90,2,2,2,0,NaN,NaN,NaN,NaN,NaN,0,0,NaN,0
117,91,2,2,2,0,NaN,NaN,NaN,NaN,NaN,0,0,NaN,0
117,92,2,2,2,1,245,446,660,592,1252,0,-4,0.514382003,0
117,93,2,2,1,0,NaN,NaN,NaN,NaN,NaN,0,0,NaN,0
117,94,2,2,2,0,NaN,NaN,NaN,NaN,NaN,0,0,NaN,0
117,95,2,2,2,0,NaN,NaN,NaN,NaN,NaN,0,0,NaN,0
117,96,2,2,2,0,NaN,NaN,NaN,NaN,NaN,0,0,NaN,0
117,97,2,2,2,0,NaN,NaN,NaN,NaN,NaN,0,0,NaN,0
117,98,2,2,2,0,NaN,NaN,NaN,NaN,NaN,0,0,NaN,0
117,99,2,2,2,1,321,522,756,592,1348,0,-5,0.49907519,0
117,100,2,2,2,0,NaN,NaN,NaN,NaN,NaN,0,0,NaN,0
117,101,2,2,1,0,NaN,NaN,NaN,NaN,NaN,0,0,NaN,0
117,102,2,2,1,0,NaN,NaN,NaN,NaN,NaN,0,0,NaN,0
117,103,2,2,1,0,NaN,NaN,NaN,NaN,NaN,0,0,NaN,0
117,104,2,2,1,0,NaN,NaN,NaN,NaN,NaN,0,0,NaN,0
117,105,2,2,2,0,NaN,NaN,NaN,NaN,NaN,0,0,NaN,0
117,106,2,2,1,1,379,546,772,648,1420,0,-5,0.56455764,0
117,107,2,2,2,1,319,512,736,616,1352,0,1,0.571797703,0
117,108,2,2,2,0,NaN,NaN,NaN,NaN,NaN,0,0,NaN,0
117,109,2,2,1,0,NaN,NaN,NaN,NaN,NaN,0,0,NaN,0
117,110,2,2,2,1,339,484,668,520,1188,0,-1,0.473363034,0
117,111,2,2,1,1,235,451,629,528,1157,0,1,0.601702995,0
117,112,2,2,1,0,NaN,NaN,NaN,NaN,NaN,0,0,NaN,0
117,113,2,2,2,0,NaN,NaN,NaN,NaN,NaN,0,0,NaN,0
117,114,2,2,1,0,NaN,NaN,NaN,NaN,NaN,0,0,NaN,0
117,115,2,2,2,0,NaN,NaN,NaN,NaN,NaN,0,0,NaN,0
117,116,2,2,2,1,235,388,626,525,1151,0,-3,0.388454767,0
117,117,2,2,2,0,NaN,NaN,NaN,NaN,NaN,0,0,NaN,0
117,118,2,2,2,0,NaN,NaN,NaN,NaN,NaN,0,0,NaN,0
117,119,2,2,1,0,NaN,NaN,NaN,NaN,NaN,0,0,NaN,0
117,120,2,2,1,0,NaN,NaN,NaN,NaN,NaN,0,0,NaN,0
117,121,2,2,2,0,NaN,NaN,NaN,NaN,NaN,0,0,NaN,0
117,122,2,2,2,0,NaN,NaN,NaN,NaN,NaN,0,0,NaN,0
117,123,2,2,2,1,295,476,663,480,1143,0,-5,0.425122116,0
117,124,2,2,2,0,NaN,NaN,NaN,NaN,NaN,0,0,NaN,0
117,125,2,2,1,0,NaN,NaN,NaN,NaN,NaN,0,0,NaN,0
117,126,2,2,2,0,NaN,NaN,NaN,NaN,NaN,0,0,NaN,0
117,127,2,2,1,0,NaN,NaN,NaN,NaN,NaN,0,0,NaN,0
117,128,2,2,2,0,NaN,NaN,NaN,NaN,NaN,0,0,NaN,0
117,129,2,2,2,0,NaN,NaN,NaN,NaN,NaN,0,0,NaN,0
117,130,2,2,1,0,NaN,NaN,NaN,NaN,NaN,0,0,NaN,0
117,131,2,2,2,0,NaN,NaN,NaN,NaN,NaN,0,0,NaN,0
117,132,2,2,1,0,NaN,NaN,NaN,NaN,NaN,0,0,NaN,0
117,133,2,2,1,0,NaN,NaN,NaN,NaN,NaN,0,0,NaN,0
117,134,2,2,2,0,NaN,NaN,NaN,NaN,NaN,0,0,NaN,0
117,135,2,2,1,0,NaN,NaN,NaN,NaN,NaN,0,0,NaN,0
117,136,2,2,2,1,362,538,745,672,1417,0,-11,0.477041492,0
117,137,2,2,1,1,202,374,614,624,1238,0,1,0.529527881,0
117,138,2,2,1,0,NaN,NaN,NaN,NaN,NaN,0,0,NaN,0
117,139,2,2,2,0,NaN,NaN,NaN,NaN,NaN,0,0,NaN,0
117,140,2,2,2,0,NaN,NaN,NaN,NaN,NaN,0,0,NaN,0
117,141,2,2,1,0,NaN,NaN,NaN,NaN,NaN,0,0,NaN,0
117,142,2,2,1,1,322,500,685,608,1293,0,-3,0.447539591,0
117,143,2,2,1,0,NaN,NaN,NaN,NaN,NaN,0,0,NaN,0
117,144,2,2,2,0,NaN,NaN,NaN,NaN,NaN,0,0,NaN,0
117,145,2,2,1,1,350,524,732,592,1324,0,-1,0.526147337,0
117,146,2,2,2,0,NaN,NaN,NaN,NaN,NaN,0,0,NaN,0
117,147,2,2,1,0,NaN,NaN,NaN,NaN,NaN,0,0,NaN,0
117,148,2,2,1,0,NaN,NaN,NaN,NaN,NaN,0,0,NaN,0
117,149,2,2,2,1,404,543,737,600,1337,0,-2,0.422391537,0
117,150,2,2,2,1,219,382,577,544,1121,0,1,0.465883616,0
117,151,2,2,1,0,NaN,NaN,NaN,NaN,NaN,0,0,NaN,0
117,152,2,2,2,1,221,396,572,624,1196,0,0,0.382010018,0
117,153,2,2,2,0,NaN,NaN,NaN,NaN,NaN,0,0,NaN,0
117,154,2,2,2,0,NaN,NaN,NaN,NaN,NaN,0,0,NaN,0
117,155,2,2,1,1,294,497,688,528,1216,0,-1,0.500537052,0
117,156,2,2,1,0,NaN,NaN,NaN,NaN,NaN,0,0,NaN,0
117,157,2,2,2,0,NaN,NaN,NaN,NaN,NaN,0,0,NaN,0
117,158,2,2,1,1,308,438,641,496,1137,0,-1,0.523337822,0
117,159,2,2,1,0,NaN,NaN,NaN,NaN,NaN,0,0,NaN,0
117,160,2,2,1,0,NaN,NaN,NaN,NaN,NaN,0,0,NaN,0
118,1,2,1,1,1,260,517,742,368,1110,0,0,0.778194967,0
118,2,2,1,1,1,422,667,916,344,1260,0,1,0.739105251,0
118,3,2,1,1,0,NaN,NaN,NaN,NaN,NaN,0,0,NaN,0
118,4,2,1,2,1,378,569,788,360,1148,0,0,0.613227813,0
118,5,2,1,1,0,NaN,NaN,NaN,NaN,NaN,0,0,NaN,0
118,6,2,1,1,1,NaN,NaN,NaN,NaN,NaN,1,0,NaN,1
118,7,2,1,2,1,377,625,800,302,1102,0,1,0.68417449,0
118,8,2,1,1,1,700,937,1146,296,1442,0,2,0.744049992,0
118,9,2,1,2,1,283,546,756,400,1156,0,3,0.689424204,0
118,10,2,1,1,1,NaN,NaN,NaN,NaN,NaN,1,4,NaN,1
118,11,2,1,2,1,386,613,828,288,1116,0,5,0.765331394,0
118,12,2,1,2,1,399,626,844,280,1124,0,6,0.788825297,0
118,13,2,1,1,0,NaN,NaN,NaN,NaN,NaN,0,0,NaN,0
118,14,2,1,1,1,308,570,838,312,1150,0,0,0.791864516,0
118,15,2,1,2,0,NaN,NaN,NaN,NaN,NaN,0,0,NaN,0
118,16,2,1,1,1,229,495,748,320,1068,0,0,0.796173355,0
118,17,2,1,1,1,581,815,1028,336,1364,0,1,0.792068806,0
118,18,2,1,1,1,268,551,796,240,1036,0,2,0.798490939,0
118,19,2,1,2,1,312,580,788,352,1140,0,3,0.712317926,0
118,20,2,1,1,1,337,569,732,344,1076,0,4,0.791835746,0
118,21,2,1,1,0,NaN,NaN,NaN,NaN,NaN,0,0,NaN,0
118,22,2,1,2,1,276,527,776,272,1048,0,0,0.674150493,0
118,23,2,1,1,0,NaN,NaN,NaN,NaN,NaN,0,0,NaN,0
118,24,2,1,2,1,398,597,866,296,1162,0,0,0.623402456,0
118,25,2,1,2,0,NaN,NaN,NaN,NaN,NaN,0,0,NaN,0
118,26,2,1,2,1,231,489,716,232,948,0,0,0.670218538,0
118,27,2,1,2,1,243,476,700,256,956,0,1,0.748290293,0
118,28,2,1,2,0,NaN,NaN,NaN,NaN,NaN,0,0,NaN,0
118,29,2,1,2,1,245,455,676,264,940,0,0,0.628473744,0
118,30,2,1,1,1,666,873,1078,296,1374,0,1,0.7450833,0
118,31,2,1,2,1,210,449,696,264,960,0,2,0.684253407,0
118,32,2,1,2,1,186,418,644,288,932,0,3,0.726870755,0
118,33,2,1,1,1,195,450,680,248,928,0,4,0.759328177,0
118,34,2,1,2,0,NaN,NaN,NaN,NaN,NaN,0,0,NaN,0
118,35,2,1,2,0,NaN,NaN,NaN,NaN,NaN,0,0,NaN,0
118,36,2,1,1,1,NaN,NaN,NaN,NaN,NaN,1,-1,NaN,1
118,37,2,1,1,1,283,552,824,368,1192,0,1,0.788069661,0
118,38,2,1,2,1,309,648,896,328,1224,0,2,0.666450808,0
118,39,2,1,1,1,290,569,796,328,1124,0,3,0.797585611,0
118,40,2,1,2,1,397,643,890,304,1194,0,4,0.682045361,0
118,41,2,1,1,1,245,480,718,280,998,0,5,0.8078153,0
118,42,2,1,2,0,NaN,NaN,NaN,NaN,NaN,0,0,NaN,0
118,43,2,1,2,1,406,630,840,280,1120,0,0,0.703803165,0
118,44,2,1,2,1,336,561,790,328,1118,0,1,0.769982226,0
118,45,2,1,1,1,255,540,786,296,1082,0,2,0.79583935,0
118,46,2,1,2,1,299,514,738,290,1028,0,3,0.716885682,0
118,47,2,1,1,1,210,455,680,312,992,0,4,0.760024275,0
118,48,2,1,2,1,354,567,766,264,1030,0,5,0.724582746,0
118,49,2,1,2,1,355,513,714,280,994,0,6,0.522182966,0
118,50,2,1,2,1,238,482,696,296,992,0,7,0.765141778,0
118,51,2,1,2,1,323,529,736,256,992,0,8,0.684658831,0
118,52,2,1,2,1,NaN,NaN,NaN,NaN,NaN,1,9,NaN,1
118,53,2,1,1,1,343,610,858,328,1186,0,10,0.785757646,0
118,54,2,1,2,1,374,627,866,352,1218,0,11,0.685684082,0
118,55,2,1,1,1,270,545,802,288,1090,0,12,0.816547744,0
118,56,2,1,2,1,347,601,830,280,1110,0,13,0.701306594,0
118,57,2,1,2,1,439,653,874,296,1170,0,14,0.711285291,0
118,58,2,1,1,0,NaN,NaN,NaN,NaN,NaN,0,0,NaN,0
118,59,2,1,2,1,266,504,728,272,1000,0,0,0.687255888,0
118,60,2,1,2,0,NaN,NaN,NaN,NaN,NaN,0,0,NaN,0
118,61,2,1,1,1,NaN,NaN,NaN,NaN,NaN,1,0,NaN,1
118,62,2,1,2,1,362,620,860,256,1116,0,1,0.754666276,0
118,63,2,1,1,1,289,528,775,318,1093,0,2,0.853272951,0
118,64,2,1,2,1,284,591,804,248,1052,0,3,0.773827605,0
118,65,2,1,1,1,276,554,774,320,1094,0,4,0.720913591,0
118,66,2,1,1,0,NaN,NaN,NaN,NaN,NaN,0,0,NaN,0
118,67,2,1,1,1,384,670,894,288,1182,0,0,0.832107896,0
118,68,2,1,1,0,NaN,NaN,NaN,NaN,NaN,0,0,NaN,0
118,69,2,1,1,0,NaN,NaN,NaN,NaN,NaN,0,0,NaN,0
118,70,2,1,1,1,378,654,910,312,1222,0,-1,0.783542321,0
118,71,2,1,1,1,165,410,632,288,920,0,1,0.705372099,0
118,72,2,1,1,1,192,399,636,288,924,0,2,0.726041527,0
118,73,2,1,1,0,NaN,NaN,NaN,NaN,NaN,0,0,NaN,0
118,74,2,1,2,1,230,458,682,256,938,0,0,0.685665834,0
118,75,2,1,2,0,NaN,NaN,NaN,NaN,NaN,0,0,NaN,0
118,76,2,1,2,0,NaN,NaN,NaN,NaN,NaN,0,0,NaN,0
118,77,2,1,1,1,488,709,930,328,1258,0,-1,0.813845276,0
118,78,2,1,1,1,240,506,714,320,1034,0,1,0.689817229,0
118,79,2,1,1,1,297,547,770,312,1082,0,2,0.779910009,0
118,80,2,1,2,0,NaN,NaN,NaN,NaN,NaN,0,0,NaN,0
118,81,2,2,1,1,217,475,712,264,976,0,0,0.775174523,0
118,82,2,2,1,0,NaN,NaN,NaN,NaN,NaN,0,0,NaN,0
118,83,2,2,1,1,137,421,688,256,944,0,0,0.820670766,0
118,84,2,2,1,0,NaN,NaN,NaN,NaN,NaN,0,0,NaN,0
118,85,2,2,1,0,NaN,NaN,NaN,NaN,NaN,0,0,NaN,0
118,86,2,2,1,1,NaN,NaN,NaN,NaN,NaN,1,-1,NaN,1
118,87,2,2,1,0,NaN,NaN,NaN,NaN,NaN,0,0,NaN,0
118,88,2,2,2,0,NaN,NaN,NaN,NaN,NaN,0,0,NaN,0
118,89,2,2,1,0,NaN,NaN,NaN,NaN,NaN,0,0,NaN,0
118,90,2,2,2,0,NaN,NaN,NaN,NaN,NaN,0,0,NaN,0
118,91,2,2,2,0,NaN,NaN,NaN,NaN,NaN,0,0,NaN,0
118,92,2,2,2,1,465,652,900,264,1164,0,-4,0.697386333,0
118,93,2,2,1,0,NaN,NaN,NaN,NaN,NaN,0,0,NaN,0
118,94,2,2,2,0,NaN,NaN,NaN,NaN,NaN,0,0,NaN,0
118,95,2,2,2,0,NaN,NaN,NaN,NaN,NaN,0,0,NaN,0
118,96,2,2,2,0,NaN,NaN,NaN,NaN,NaN,0,0,NaN,0
118,97,2,2,2,0,NaN,NaN,NaN,NaN,NaN,0,0,NaN,0
118,98,2,2,2,0,NaN,NaN,NaN,NaN,NaN,0,0,NaN,0
118,99,2,2,2,1,357,619,862,280,1142,0,-5,0.719288344,0
118,100,2,2,2,0,NaN,NaN,NaN,NaN,NaN,0,0,NaN,0
118,101,2,2,1,0,NaN,NaN,NaN,NaN,NaN,0,0,NaN,0
118,102,2,2,1,0,NaN,NaN,NaN,NaN,NaN,0,0,NaN,0
118,103,2,2,1,0,NaN,NaN,NaN,NaN,NaN,0,0,NaN,0
118,104,2,2,1,0,NaN,NaN,NaN,NaN,NaN,0,0,NaN,0
118,105,2,2,2,0,NaN,NaN,NaN,NaN,NaN,0,0,NaN,0
118,106,2,2,1,1,226,477,728,272,1000,0,-5,0.721769616,0
118,107,2,2,2,1,361,626,878,280,1158,0,1,0.71848345,0
118,108,2,2,2,0,NaN,NaN,NaN,NaN,NaN,0,0,NaN,0
118,109,2,2,1,0,NaN,NaN,NaN,NaN,NaN,0,0,NaN,0
118,110,2,2,2,1,NaN,NaN,NaN,NaN,NaN,1,-1,NaN,1
118,111,2,2,1,1,326,551,776,240,1016,0,1,0.756865826,0
118,112,2,2,1,0,NaN,NaN,NaN,NaN,NaN,0,0,NaN,0
118,113,2,2,2,0,NaN,NaN,NaN,NaN,NaN,0,0,NaN,0
118,114,2,2,1,0,NaN,NaN,NaN,NaN,NaN,0,0,NaN,0
118,115,2,2,2,0,NaN,NaN,NaN,NaN,NaN,0,0,NaN,0
118,116,2,2,2,1,424,660,922,240,1162,0,-3,0.707986985,0
118,117,2,2,2,0,NaN,NaN,NaN,NaN,NaN,0,0,NaN,0
118,118,2,2,2,0,NaN,NaN,NaN,NaN,NaN,0,0,NaN,0
118,119,2,2,1,0,NaN,NaN,NaN,NaN,NaN,0,0,NaN,0
118,120,2,2,1,0,NaN,NaN,NaN,NaN,NaN,0,0,NaN,0
118,121,2,2,2,0,NaN,NaN,NaN,NaN,NaN,0,0,NaN,0
118,122,2,2,2,0,NaN,NaN,NaN,NaN,NaN,0,0,NaN,0
118,123,2,2,2,1,463,633,862,264,1126,0,-5,0.641408036,0
118,124,2,2,2,0,NaN,NaN,NaN,NaN,NaN,0,0,NaN,0
118,125,2,2,1,0,NaN,NaN,NaN,NaN,NaN,0,0,NaN,0
118,126,2,2,2,0,NaN,NaN,NaN,NaN,NaN,0,0,NaN,0
118,127,2,2,1,0,NaN,NaN,NaN,NaN,NaN,0,0,NaN,0
118,128,2,2,2,0,NaN,NaN,NaN,NaN,NaN,0,0,NaN,0
118,129,2,2,2,0,NaN,NaN,NaN,NaN,NaN,0,0,NaN,0
118,130,2,2,1,0,NaN,NaN,NaN,NaN,NaN,0,0,NaN,0
118,131,2,2,2,0,NaN,NaN,NaN,NaN,NaN,0,0,NaN,0
118,132,2,2,1,0,NaN,NaN,NaN,NaN,NaN,0,0,NaN,0
118,133,2,2,1,0,NaN,NaN,NaN,NaN,NaN,0,0,NaN,0
118,134,2,2,2,0,NaN,NaN,NaN,NaN,NaN,0,0,NaN,0
118,135,2,2,1,0,NaN,NaN,NaN,NaN,NaN,0,0,NaN,0
118,136,2,2,2,1,376,579,823,239,1062,0,-11,0.727266351,0
118,137,2,2,1,1,267,494,738,296,1034,0,1,0.782960916,0
118,138,2,2,1,0,NaN,NaN,NaN,NaN,NaN,0,0,NaN,0
118,139,2,2,2,0,NaN,NaN,NaN,NaN,NaN,0,0,NaN,0
118,140,2,2,2,0,NaN,NaN,NaN,NaN,NaN,0,0,NaN,0
118,141,2,2,1,0,NaN,NaN,NaN,NaN,NaN,0,0,NaN,0
118,142,2,2,1,1,400,652,892,216,1108,0,-3,0.79058639,0
118,143,2,2,1,0,NaN,NaN,NaN,NaN,NaN,0,0,NaN,0
118,144,2,2,2,0,NaN,NaN,NaN,NaN,NaN,0,0,NaN,0
118,145,2,2,1,1,619,896,1136,296,1432,0,-1,0.78979129,0
118,146,2,2,2,0,NaN,NaN,NaN,NaN,NaN,0,0,NaN,0
118,147,2,2,1,0,NaN,NaN,NaN,NaN,NaN,0,0,NaN,0
118,148,2,2,1,0,NaN,NaN,NaN,NaN,NaN,0,0,NaN,0
118,149,2,2,2,1,215,462,678,296,974,0,-2,0.693278454,0
118,150,2,2,2,1,334,560,774,272,1046,0,1,0.762148897,0
118,151,2,2,1,0,NaN,NaN,NaN,NaN,NaN,0,0,NaN,0
118,152,2,2,2,1,231,475,686,264,950,0,0,0.711469935,0
118,153,2,2,2,0,NaN,NaN,NaN,NaN,NaN,0,0,NaN,0
118,154,2,2,2,0,NaN,NaN,NaN,NaN,NaN,0,0,NaN,0
118,155,2,2,1,1,229,459,684,312,996,0,-1,0.740117619,0
118,156,2,2,1,0,NaN,NaN,NaN,NaN,NaN,0,0,NaN,0
118,157,2,2,2,0,NaN,NaN,NaN,NaN,NaN,0,0,NaN,0
118,158,2,2,1,1,363,623,866,216,1082,0,-1,0.8004947,0
118,159,2,2,1,0,NaN,NaN,NaN,NaN,NaN,0,0,NaN,0
118,160,2,2,1,0,NaN,NaN,NaN,NaN,NaN,0,0,NaN,0
119,1,2,1,1,1,243,450,725,464,1189,0,0,0.708957318,0
119,2,2,1,1,1,269,512,744,368,1112,0,1,0.742724654,0
119,3,2,1,1,0,NaN,NaN,NaN,NaN,NaN,0,0,NaN,0
119,4,2,1,2,1,200,466,720,552,1272,0,0,0.748974647,0
119,5,2,1,1,0,NaN,NaN,NaN,NaN,NaN,0,0,NaN,0
119,6,2,1,1,1,332,537,807,456,1263,0,0,0.733406719,0
119,7,2,1,2,1,369,611,837,528,1365,0,1,0.750580173,0
119,8,2,1,1,1,NaN,NaN,NaN,NaN,NaN,1,2,NaN,1
119,9,2,1,2,1,NaN,NaN,NaN,NaN,NaN,1,3,NaN,1
119,10,2,1,1,1,280,541,850,486,1336,0,4,0.750438815,0
119,11,2,1,2,1,249,544,857,451,1308,0,5,0.767115607,0
119,12,2,1,2,1,262,527,860,408,1268,0,6,0.726667199,0
119,13,2,1,1,0,NaN,NaN,NaN,NaN,NaN,0,0,NaN,0
119,14,2,1,1,1,298,529,826,448,1274,0,0,0.725744335,0
119,15,2,1,2,0,NaN,NaN,NaN,NaN,NaN,0,0,NaN,0
119,16,2,1,1,1,327,579,901,384,1285,0,0,0.710813476,0
119,17,2,1,1,1,334,606,870,384,1254,0,1,0.765637654,0
119,18,2,1,1,1,266,535,827,416,1243,0,2,0.758947235,0
119,19,2,1,2,1,337,594,911,496,1407,0,3,0.752688359,0
119,20,2,1,1,1,260,486,796,456,1252,0,4,0.74356237,0
119,21,2,1,1,0,NaN,NaN,NaN,NaN,NaN,0,0,NaN,0
119,22,2,1,2,1,321,549,811,408,1219,0,0,0.812804797,0
119,23,2,1,1,0,NaN,NaN,NaN,NaN,NaN,0,0,NaN,0
119,24,2,1,2,1,307,588,915,344,1259,0,0,0.700917832,0
119,25,2,1,2,0,NaN,NaN,NaN,NaN,NaN,0,0,NaN,0
119,26,2,1,2,1,NaN,NaN,NaN,NaN,NaN,1,0,NaN,1
119,27,2,1,2,1,271,622,966,360,1326,0,1,0.650717895,0
119,28,2,1,2,0,NaN,NaN,NaN,NaN,NaN,0,0,NaN,0
119,29,2,1,2,1,352,617,919,360,1279,0,0,0.76487926,0
119,30,2,1,1,1,354,619,907,368,1275,0,1,0.723343523,0
119,31,2,1,2,1,278,559,884,360,1244,0,2,0.790131578,0
119,32,2,1,2,1,385,676,982,320,1302,0,3,0.757929285,0
119,33,2,1,1,1,433,688,958,384,1342,0,4,0.685109178,0
119,34,2,1,2,0,NaN,NaN,NaN,NaN,NaN,0,0,NaN,0
119,35,2,1,2,0,NaN,NaN,NaN,NaN,NaN,0,0,NaN,0
119,36,2,1,1,1,364,592,900,360,1260,0,-1,0.738554996,0
119,37,2,1,1,1,387,640,938,352,1290,0,1,0.74365616,0
119,38,2,1,2,1,296,535,797,360,1157,0,2,0.788173542,0
119,39,2,1,1,1,335,584,874,480,1354,0,3,0.748134775,0
119,40,2,1,2,1,326,580,829,352,1181,0,4,0.723847891,0
119,41,2,1,1,1,316,555,857,400,1257,0,5,0.741810529,0
119,42,2,1,2,0,NaN,NaN,NaN,NaN,NaN,0,0,NaN,0
119,43,2,1,2,1,281,557,840,328,1168,0,0,0.781451103,0
119,44,2,1,2,1,304,583,884,400,1284,0,1,0.776735139,0
119,45,2,1,1,1,428,687,975,312,1287,0,2,0.754152981,0
119,46,2,1,2,1,376,689,958,296,1254,0,3,0.746209503,0
119,47,2,1,1,1,386,625,924,328,1252,0,4,0.668731364,0
119,48,2,1,2,1,472,729,1020,360,1380,0,5,0.709712807,0
119,49,2,1,2,1,288,526,831,307,1138,0,6,0.70999555,0
119,50,2,1,2,1,316,576,853,328,1181,0,7,0.700146022,0
119,51,2,1,2,1,339,636,890,456,1346,0,8,0.798828214,0
119,52,2,1,2,1,322,594,852,352,1204,0,9,0.784334834,0
119,53,2,1,1,1,536,815,1098,368,1466,0,10,0.786521445,0
119,54,2,1,2,1,328,560,783,336,1119,0,11,0.79873174,0
119,55,2,1,1,1,NaN,NaN,NaN,NaN,NaN,1,12,NaN,1
119,56,2,1,2,1,305,580,849,368,1217,0,13,0.737288454,0
119,57,2,1,2,1,305,551,837,320,1157,0,14,0.716555113,0
119,58,2,1,1,0,NaN,NaN,NaN,NaN,NaN,0,0,NaN,0
119,59,2,1,2,1,390,662,902,296,1198,0,0,0.707808858,0
119,60,2,1,2,0,NaN,NaN,NaN,NaN,NaN,0,0,NaN,0
119,61,2,1,1,1,530,807,1088,409,1497,0,0,0.763925167,0
119,62,2,1,2,1,341,645,932,352,1284,0,1,0.689425531,0
119,63,2,1,1,1,312,571,897,368,1265,0,2,0.756976415,0
119,64,2,1,2,1,305,568,843,392,1235,0,3,0.742607201,0
119,65,2,1,1,1,896,1121,1347,352,1699,0,4,0.763126487,0
119,66,2,1,1,0,NaN,NaN,NaN,NaN,NaN,0,0,NaN,0
119,67,2,1,1,1,311,579,892,384,1276,0,0,0.717562631,0
119,68,2,1,1,0,NaN,NaN,NaN,NaN,NaN,0,0,NaN,0
119,69,2,1,1,0,NaN,NaN,NaN,NaN,NaN,0,0,NaN,0
119,70,2,1,1,1,647,932,1252,376,1628,0,-1,0.695445153,0
119,71,2,1,1,1,573,852,1158,352,1510,0,1,0.762946079,0
119,72,2,1,1,1,400,644,990,384,1374,0,2,0.745390728,0
119,73,2,1,1,0,NaN,NaN,NaN,NaN,NaN,0,0,NaN,0
119,74,2,1,2,1,430,783,1018,384,1402,0,0,0.67960918,0
119,75,2,1,2,0,NaN,NaN,NaN,NaN,NaN,0,0,NaN,0
119,76,2,1,2,0,NaN,NaN,NaN,NaN,NaN,0,0,NaN,0
119,77,2,1,1,1,283,603,929,376,1305,0,-1,0.747283478,0
119,78,2,1,1,1,371,714,1039,400,1439,0,1,0.681577333,0
119,79,2,1,1,1,299,611,935,416,1351,0,2,0.723867895,0
119,80,2,1,2,0,NaN,NaN,NaN,NaN,NaN,0,0,NaN,0
119,81,2,2,1,1,528,797,1042,408,1450,0,0,0.828761109,0
119,82,2,2,1,0,NaN,NaN,NaN,NaN,NaN,0,0,NaN,0
119,83,2,2,1,1,339,627,918,368,1286,0,0,0.794933922,0
119,84,2,2,1,0,NaN,NaN,NaN,NaN,NaN,0,0,NaN,0
119,85,2,2,1,0,NaN,NaN,NaN,NaN,NaN,0,0,NaN,0
119,86,2,2,1,1,400,720,1075,432,1507,0,-1,0.791653701,0
119,87,2,2,1,0,NaN,NaN,NaN,NaN,NaN,0,0,NaN,0
119,88,2,2,2,0,NaN,NaN,NaN,NaN,NaN,0,0,NaN,0
119,89,2,2,1,0,NaN,NaN,NaN,NaN,NaN,0,0,NaN,0
119,90,2,2,2,0,NaN,NaN,NaN,NaN,NaN,0,0,NaN,0
119,91,2,2,2,0,NaN,NaN,NaN,NaN,NaN,0,0,NaN,0
119,92,2,2,2,1,473,771,1086,344,1430,0,-4,0.746649947,0
119,93,2,2,1,0,NaN,NaN,NaN,NaN,NaN,0,0,NaN,0
119,94,2,2,2,0,NaN,NaN,NaN,NaN,NaN,0,0,NaN,0
119,95,2,2,2,0,NaN,NaN,NaN,NaN,NaN,0,0,NaN,0
119,96,2,2,2,0,NaN,NaN,NaN,NaN,NaN,0,0,NaN,0
119,97,2,2,2,0,NaN,NaN,NaN,NaN,NaN,0,0,NaN,0
119,98,2,2,2,0,NaN,NaN,NaN,NaN,NaN,0,0,NaN,0
119,99,2,2,2,1,372,676,991,344,1335,0,-5,0.751084237,0
119,100,2,2,2,0,NaN,NaN,NaN,NaN,NaN,0,0,NaN,0
119,101,2,2,1,0,NaN,NaN,NaN,NaN,NaN,0,0,NaN,0
119,102,2,2,1,0,NaN,NaN,NaN,NaN,NaN,0,0,NaN,0
119,103,2,2,1,0,NaN,NaN,NaN,NaN,NaN,0,0,NaN,0
119,104,2,2,1,0,NaN,NaN,NaN,NaN,NaN,0,0,NaN,0
119,105,2,2,2,0,NaN,NaN,NaN,NaN,NaN,0,0,NaN,0
119,106,2,2,1,1,403,682,1029,448,1477,0,-5,0.670346103,0
119,107,2,2,2,1,456,755,1028,416,1444,0,1,0.725430884,0
119,108,2,2,2,0,NaN,NaN,NaN,NaN,NaN,0,0,NaN,0
119,109,2,2,1,0,NaN,NaN,NaN,NaN,NaN,0,0,NaN,0
119,110,2,2,2,1,676,969,1283,368,1651,0,-1,0.752916264,0
119,111,2,2,1,1,287,554,915,400,1315,0,1,0.648126468,0
119,112,2,2,1,0,NaN,NaN,NaN,NaN,NaN,0,0,NaN,0
119,113,2,2,2,0,NaN,NaN,NaN,NaN,NaN,0,0,NaN,0
119,114,2,2,1,0,NaN,NaN,NaN,NaN,NaN,0,0,NaN,0
119,115,2,2,2,0,NaN,NaN,NaN,NaN,NaN,0,0,NaN,0
119,116,2,2,2,1,369,638,971,432,1403,0,-3,0.71971036,0
119,117,2,2,2,0,NaN,NaN,NaN,NaN,NaN,0,0,NaN,0
119,118,2,2,2,0,NaN,NaN,NaN,NaN,NaN,0,0,NaN,0
119,119,2,2,1,0,NaN,NaN,NaN,NaN,NaN,0,0,NaN,0
119,120,2,2,1,0,NaN,NaN,NaN,NaN,NaN,0,0,NaN,0
119,121,2,2,2,0,NaN,NaN,NaN,NaN,NaN,0,0,NaN,0
119,122,2,2,2,0,NaN,NaN,NaN,NaN,NaN,0,0,NaN,0
119,123,2,2,2,1,304,607,978,400,1378,0,-5,0.729242126,0
119,124,2,2,2,0,NaN,NaN,NaN,NaN,NaN,0,0,NaN,0
119,125,2,2,1,0,NaN,NaN,NaN,NaN,NaN,0,0,NaN,0
119,126,2,2,2,0,NaN,NaN,NaN,NaN,NaN,0,0,NaN,0
119,127,2,2,1,0,NaN,NaN,NaN,NaN,NaN,0,0,NaN,0
119,128,2,2,2,0,NaN,NaN,NaN,NaN,NaN,0,0,NaN,0
119,129,2,2,2,0,NaN,NaN,NaN,NaN,NaN,0,0,NaN,0
119,130,2,2,1,0,NaN,NaN,NaN,NaN,NaN,0,0,NaN,0
119,131,2,2,2,0,NaN,NaN,NaN,NaN,NaN,0,0,NaN,0
119,132,2,2,1,0,NaN,NaN,NaN,NaN,NaN,0,0,NaN,0
119,133,2,2,1,0,NaN,NaN,NaN,NaN,NaN,0,0,NaN,0
119,134,2,2,2,0,NaN,NaN,NaN,NaN,NaN,0,0,NaN,0
119,135,2,2,1,0,NaN,NaN,NaN,NaN,NaN,0,0,NaN,0
119,136,2,2,2,1,387,679,1095,488,1583,0,-11,0.713789578,0
119,137,2,2,1,1,391,790,1089,440,1529,0,1,0.694729231,0
119,138,2,2,1,0,NaN,NaN,NaN,NaN,NaN,0,0,NaN,0
119,139,2,2,2,0,NaN,NaN,NaN,NaN,NaN,0,0,NaN,0
119,140,2,2,2,0,NaN,NaN,NaN,NaN,NaN,0,0,NaN,0
119,141,2,2,1,0,NaN,NaN,NaN,NaN,NaN,0,0,NaN,0
119,142,2,2,1,1,484,776,1125,464,1589,0,-3,0.70341995,0
119,143,2,2,1,0,NaN,NaN,NaN,NaN,NaN,0,0,NaN,0
119,144,2,2,2,0,NaN,NaN,NaN,NaN,NaN,0,0,NaN,0
119,145,2,2,1,1,386,608,999,416,1415,0,-1,0.692207695,0
119,146,2,2,2,0,NaN,NaN,NaN,NaN,NaN,0,0,NaN,0
119,147,2,2,1,0,NaN,NaN,NaN,NaN,NaN,0,0,NaN,0
119,148,2,2,1,0,NaN,NaN,NaN,NaN,NaN,0,0,NaN,0
119,149,2,2,2,1,293,579,995,504,1499,0,-2,0.675485126,0
119,150,2,2,2,1,398,687,1101,400,1501,0,1,0.69565377,0
119,151,2,2,1,0,NaN,NaN,NaN,NaN,NaN,0,0,NaN,0
119,152,2,2,2,1,364,627,1026,448,1474,0,0,0.695375646,0
119,153,2,2,2,0,NaN,NaN,NaN,NaN,NaN,0,0,NaN,0
119,154,2,2,2,0,NaN,NaN,NaN,NaN,NaN,0,0,NaN,0
119,155,2,2,1,1,455,739,1106,456,1562,0,-1,0.695887737,0
119,156,2,2,1,0,NaN,NaN,NaN,NaN,NaN,0,0,NaN,0
119,157,2,2,2,0,NaN,NaN,NaN,NaN,NaN,0,0,NaN,0
119,158,2,2,1,1,343,622,957,464,1421,0,-1,0.731893078,0
119,159,2,2,1,0,NaN,NaN,NaN,NaN,NaN,0,0,NaN,0
119,160,2,2,1,0,NaN,NaN,NaN,NaN,NaN,0,0,NaN,0
120,1,2,1,1,1,234,548,867,336,1203,0,0,0.709687846,0
120,2,2,1,1,1,433,687,954,360,1314,0,1,0.709006639,0
120,3,2,1,1,0,NaN,NaN,NaN,NaN,NaN,0,0,NaN,0
120,4,2,1,2,1,291,595,924,384,1308,0,0,0.726024693,0
120,5,2,1,1,0,NaN,NaN,NaN,NaN,NaN,0,0,NaN,0
120,6,2,1,1,1,251,527,855,464,1319,0,0,0.690630708,0
120,7,2,1,2,1,448,711,936,400,1336,0,1,0.750674714,0
120,8,2,1,1,1,399,702,899,480,1379,0,2,0.751014688,0
120,9,2,1,2,1,398,662,835,440,1275,0,3,0.776328104,0
120,10,2,1,1,1,370,690,900,456,1356,0,4,0.78710255,0
120,11,2,1,2,1,397,710,961,352,1313,0,5,0.762331232,0
120,12,2,1,2,1,362,633,865,336,1201,0,6,0.808643781,0
120,13,2,1,1,0,NaN,NaN,NaN,NaN,NaN,0,0,NaN,0
120,14,2,1,1,1,251,586,868,448,1316,0,0,0.710166034,0
120,15,2,1,2,0,NaN,NaN,NaN,NaN,NaN,0,0,NaN,0
120,16,2,1,1,1,254,586,864,440,1304,0,0,0.764160852,0
120,17,2,1,1,1,338,670,878,383,1261,0,1,0.723138589,0
120,18,2,1,1,1,220,524,774,424,1198,0,2,0.670935727,0
120,19,2,1,2,1,223,565,878,328,1206,0,3,0.76985651,0
120,20,2,1,1,1,343,647,875,312,1187,0,4,0.817696889,0
120,21,2,1,1,0,NaN,NaN,NaN,NaN,NaN,0,0,NaN,0
120,22,2,1,2,1,273,572,893,336,1229,0,0,0.724595078,0
120,23,2,1,1,0,NaN,NaN,NaN,NaN,NaN,0,0,NaN,0
120,24,2,1,2,1,225,539,861,408,1269,0,0,0.748917072,0
120,25,2,1,2,0,NaN,NaN,NaN,NaN,NaN,0,0,NaN,0
120,26,2,1,2,1,292,553,813,328,1141,0,0,0.72518438,0
120,27,2,1,2,1,NaN,NaN,NaN,NaN,NaN,1,1,NaN,1
120,28,2,1,2,0,NaN,NaN,NaN,NaN,NaN,0,0,NaN,0
120,29,2,1,2,1,297,613,912,344,1256,0,0,0.706715961,0
120,30,2,1,1,1,239,547,872,392,1264,0,1,0.646835109,0
120,31,2,1,2,1,278,560,821,416,1237,0,2,0.704830006,0
120,32,2,1,2,1,412,696,951,440,1391,0,3,0.676050963,0
120,33,2,1,1,1,209,496,825,480,1305,0,4,0.6520755,0
120,34,2,1,2,0,NaN,NaN,NaN,NaN,NaN,0,0,NaN,0
120,35,2,1,2,0,NaN,NaN,NaN,NaN,NaN,0,0,NaN,0
120,36,2,1,1,1,231,590,949,408,1357,0,-1,0.765049686,0
120,37,2,1,1,1,450,610,811,448,1259,0,1,0.66419958,0
120,38,2,1,2,1,252,565,861,344,1205,0,2,0.796461539,0
120,39,2,1,1,1,289,588,883,432,1315,0,3,0.640780017,0
120,40,2,1,2,1,275,527,827,384,1211,0,4,0.67548203,0
120,41,2,1,1,1,460,777,1045,336,1381,0,5,0.777298054,0
120,42,2,1,2,0,NaN,NaN,NaN,NaN,NaN,0,0,NaN,0
120,43,2,1,2,1,361,708,1035,352,1387,0,0,0.64471486,0
120,44,2,1,2,1,446,738,1082,368,1450,0,1,0.660111732,0
120,45,2,1,1,1,358,680,967,320,1287,0,2,0.675176183,0
120,46,2,1,2,1,283,571,843,368,1211,0,3,0.71697832,0
120,47,2,1,1,1,469,703,940,296,1236,0,4,0.721270034,0
120,48,2,1,2,1,481,787,981,344,1325,0,5,0.712762903,0
120,49,2,1,2,1,431,673,859,330,1189,0,6,0.735489736,0
120,50,2,1,2,1,298,583,758,392,1150,0,7,0.707376141,0
120,51,2,1,2,1,308,585,811,344,1155,0,8,0.681713265,0
120,52,2,1,2,1,247,511,724,432,1156,0,9,0.658377385,0
120,53,2,1,1,1,187,510,831,408,1239,0,10,0.700769817,0
120,54,2,1,2,1,231,552,885,320,1205,0,11,0.671332547,0
120,55,2,1,1,1,273,631,932,328,1260,0,12,0.630414424,0
120,56,2,1,2,1,293,589,911,384,1295,0,13,0.758035361,0
120,57,2,1,2,1,203,562,784,352,1136,0,14,0.615059876,0
120,58,2,1,1,0,NaN,NaN,NaN,NaN,NaN,0,0,NaN,0
120,59,2,1,2,1,302,630,873,408,1281,0,0,0.720924238,0
120,60,2,1,2,0,NaN,NaN,NaN,NaN,NaN,0,0,NaN,0
120,61,2,1,1,1,278,617,928,336,1264,0,0,0.797100575,0
120,62,2,1,2,1,359,693,941,312,1253,0,1,0.708734802,0
120,63,2,1,1,1,296,641,915,392,1307,0,2,0.627981463,0
120,64,2,1,2,1,229,547,825,336,1161,0,3,0.70849687,0
120,65,2,1,1,1,261,643,982,320,1302,0,4,0.764358721,0
120,66,2,1,1,0,NaN,NaN,NaN,NaN,NaN,0,0,NaN,0
120,67,2,1,1,1,250,586,853,352,1205,0,0,0.773147078,0
120,68,2,1,1,0,NaN,NaN,NaN,NaN,NaN,0,0,NaN,0
120,69,2,1,1,0,NaN,NaN,NaN,NaN,NaN,0,0,NaN,0
120,70,2,1,1,1,509,846,1138,312,1450,0,-1,0.819011387,0
120,71,2,1,1,1,197,535,788,336,1124,0,1,0.717111378,0
120,72,2,1,1,1,245,560,817,328,1145,0,2,0.725277636,0
120,73,2,1,1,0,NaN,NaN,NaN,NaN,NaN,0,0,NaN,0
120,74,2,1,2,1,341,652,916,344,1260,0,0,0.667543109,0
120,75,2,1,2,0,NaN,NaN,NaN,NaN,NaN,0,0,NaN,0
120,76,2,1,2,0,NaN,NaN,NaN,NaN,NaN,0,0,NaN,0
120,77,2,1,1,1,378,672,981,384,1365,0,-1,0.698479517,0
120,78,2,1,1,1,232,537,786,328,1114,0,1,0.541169051,0
120,79,2,1,1,1,427,681,917,344,1261,0,2,0.664033919,0
120,80,2,1,2,0,NaN,NaN,NaN,NaN,NaN,0,0,NaN,0
120,81,2,2,1,1,283,600,867,344,1211,0,0,0.851159995,0
120,82,2,2,1,0,NaN,NaN,NaN,NaN,NaN,0,0,NaN,0
120,83,2,2,1,1,324,658,929,336,1265,0,0,0.759473836,0
120,84,2,2,1,0,NaN,NaN,NaN,NaN,NaN,0,0,NaN,0
120,85,2,2,1,0,NaN,NaN,NaN,NaN,NaN,0,0,NaN,0
120,86,2,2,1,1,641,914,1151,312,1463,0,-1,0.83079231,0
120,87,2,2,1,0,NaN,NaN,NaN,NaN,NaN,0,0,NaN,0
120,88,2,2,2,0,NaN,NaN,NaN,NaN,NaN,0,0,NaN,0
120,89,2,2,1,0,NaN,NaN,NaN,NaN,NaN,0,0,NaN,0
120,90,2,2,2,0,NaN,NaN,NaN,NaN,NaN,0,0,NaN,0
120,91,2,2,2,0,NaN,NaN,NaN,NaN,NaN,0,0,NaN,0
120,92,2,2,2,1,757,997,1219,280,1499,0,-4,0.743628991,0
120,93,2,2,1,0,NaN,NaN,NaN,NaN,NaN,0,0,NaN,0
120,94,2,2,2,0,NaN,NaN,NaN,NaN,NaN,0,0,NaN,0
120,95,2,2,2,0,NaN,NaN,NaN,NaN,NaN,0,0,NaN,0
120,96,2,2,2,0,NaN,NaN,NaN,NaN,NaN,0,0,NaN,0
120,97,2,2,2,0,NaN,NaN,NaN,NaN,NaN,0,0,NaN,0
120,98,2,2,2,0,NaN,NaN,NaN,NaN,NaN,0,0,NaN,0
120,99,2,2,2,1,350,632,858,280,1138,0,-5,0.720035568,0
120,100,2,2,2,0,NaN,NaN,NaN,NaN,NaN,0,0,NaN,0
120,101,2,2,1,0,NaN,NaN,NaN,NaN,NaN,0,0,NaN,0
120,102,2,2,1,0,NaN,NaN,NaN,NaN,NaN,0,0,NaN,0
120,103,2,2,1,0,NaN,NaN,NaN,NaN,NaN,0,0,NaN,0
120,104,2,2,1,0,NaN,NaN,NaN,NaN,NaN,0,0,NaN,0
120,105,2,2,2,0,NaN,NaN,NaN,NaN,NaN,0,0,NaN,0
120,106,2,2,1,1,532,835,1130,336,1466,0,-5,0.671950498,0
120,107,2,2,2,1,373,690,993,352,1345,0,1,0.755240461,0
120,108,2,2,2,0,NaN,NaN,NaN,NaN,NaN,0,0,NaN,0
120,109,2,2,1,0,NaN,NaN,NaN,NaN,NaN,0,0,NaN,0
120,110,2,2,2,1,527,797,1112,376,1488,0,-1,0.643703323,0
120,111,2,2,1,1,386,689,942,288,1230,0,1,0.821373565,0
120,112,2,2,1,0,NaN,NaN,NaN,NaN,NaN,0,0,NaN,0
120,113,2,2,2,0,NaN,NaN,NaN,NaN,NaN,0,0,NaN,0
120,114,2,2,1,0,NaN,NaN,NaN,NaN,NaN,0,0,NaN,0
120,115,2,2,2,0,NaN,NaN,NaN,NaN,NaN,0,0,NaN,0
120,116,2,2,2,1,732,1050,1332,304,1636,0,-3,0.674237185,0
120,117,2,2,2,0,NaN,NaN,NaN,NaN,NaN,0,0,NaN,0
120,118,2,2,2,0,NaN,NaN,NaN,NaN,NaN,0,0,NaN,0
120,119,2,2,1,0,NaN,NaN,NaN,NaN,NaN,0,0,NaN,0
120,120,2,2,1,0,NaN,NaN,NaN,NaN,NaN,0,0,NaN,0
120,121,2,2,2,0,NaN,NaN,NaN,NaN,NaN,0,0,NaN,0
120,122,2,2,2,0,NaN,NaN,NaN,NaN,NaN,0,0,NaN,0
120,123,2,2,2,1,434,757,1031,304,1335,0,-5,0.744209822,0
120,124,2,2,2,0,NaN,NaN,NaN,NaN,NaN,0,0,NaN,0
120,125,2,2,1,0,NaN,NaN,NaN,NaN,NaN,0,0,NaN,0
120,126,2,2,2,0,NaN,NaN,NaN,NaN,NaN,0,0,NaN,0
120,127,2,2,1,0,NaN,NaN,NaN,NaN,NaN,0,0,NaN,0
120,128,2,2,2,0,NaN,NaN,NaN,NaN,NaN,0,0,NaN,0
120,129,2,2,2,0,NaN,NaN,NaN,NaN,NaN,0,0,NaN,0
120,130,2,2,1,0,NaN,NaN,NaN,NaN,NaN,0,0,NaN,0
120,131,2,2,2,0,NaN,NaN,NaN,NaN,NaN,0,0,NaN,0
120,132,2,2,1,0,NaN,NaN,NaN,NaN,NaN,0,0,NaN,0
120,133,2,2,1,0,NaN,NaN,NaN,NaN,NaN,0,0,NaN,0
120,134,2,2,2,0,NaN,NaN,NaN,NaN,NaN,0,0,NaN,0
120,135,2,2,1,0,NaN,NaN,NaN,NaN,NaN,0,0,NaN,0
120,136,2,2,2,1,444,747,993,304,1297,0,-11,0.794876808,0
120,137,2,2,1,1,467,789,1061,320,1381,0,1,0.707512915,0
120,138,2,2,1,0,NaN,NaN,NaN,NaN,NaN,0,0,NaN,0
120,139,2,2,2,0,NaN,NaN,NaN,NaN,NaN,0,0,NaN,0
120,140,2,2,2,0,NaN,NaN,NaN,NaN,NaN,0,0,NaN,0
120,141,2,2,1,0,NaN,NaN,NaN,NaN,NaN,0,0,NaN,0
120,142,2,2,1,1,347,609,856,352,1208,0,-3,0.787746581,0
120,143,2,2,1,0,NaN,NaN,NaN,NaN,NaN,0,0,NaN,0
120,144,2,2,2,0,NaN,NaN,NaN,NaN,NaN,0,0,NaN,0
120,145,2,2,1,1,311,601,850,440,1290,0,-1,0.742933395,0
120,146,2,2,2,0,NaN,NaN,NaN,NaN,NaN,0,0,NaN,0
120,147,2,2,1,0,NaN,NaN,NaN,NaN,NaN,0,0,NaN,0
120,148,2,2,1,0,NaN,NaN,NaN,NaN,NaN,0,0,NaN,0
120,149,2,2,2,1,370,682,954,344,1298,0,-2,0.662255973,0
120,150,2,2,2,1,285,578,865,320,1185,0,1,0.699379616,0
120,151,2,2,1,0,NaN,NaN,NaN,NaN,NaN,0,0,NaN,0
120,152,2,2,2,1,344,667,915,368,1283,0,0,0.742437771,0
120,153,2,2,2,0,NaN,NaN,NaN,NaN,NaN,0,0,NaN,0
120,154,2,2,2,0,NaN,NaN,NaN,NaN,NaN,0,0,NaN,0
120,155,2,2,1,1,285,634,872,344,1216,0,-1,0.673786823,0
120,156,2,2,1,0,NaN,NaN,NaN,NaN,NaN,0,0,NaN,0
120,157,2,2,2,0,NaN,NaN,NaN,NaN,NaN,0,0,NaN,0
120,158,2,2,1,1,578,838,1059,312,1371,0,-1,0.752738066,0
120,159,2,2,1,0,NaN,NaN,NaN,NaN,NaN,0,0,NaN,0
120,160,2,2,1,0,NaN,NaN,NaN,NaN,NaN,0,0,NaN,0
121,1,2,1,1,1,414,665,967,352,1319,0,0,0.656011364,0
121,2,2,1,1,1,347,620,891,328,1219,0,1,0.622704387,0
121,3,2,1,1,0,NaN,NaN,NaN,NaN,NaN,0,0,NaN,0
121,4,2,1,2,1,407,648,889,464,1353,0,0,0.694329226,0
121,5,2,1,1,0,NaN,NaN,NaN,NaN,NaN,0,0,NaN,0
121,6,2,1,1,1,406,665,936,512,1448,0,0,0.639785285,0
121,7,2,1,2,1,454,661,916,416,1332,0,1,0.71353519,0
121,8,2,1,1,1,560,759,1011,512,1523,0,2,0.669222538,0
121,9,2,1,2,1,344,621,862,400,1262,0,3,0.753132707,0
121,10,2,1,1,1,302,653,895,400,1295,0,4,0.647706025,0
121,11,2,1,2,1,352,592,817,304,1121,0,5,0.741786813,0
121,12,2,1,2,1,425,604,824,272,1096,0,6,0.690533238,0
121,13,2,1,1,0,NaN,NaN,NaN,NaN,NaN,0,0,NaN,0
121,14,2,1,1,1,434,699,949,328,1277,0,0,0.692744585,0
121,15,2,1,2,0,NaN,NaN,NaN,NaN,NaN,0,0,NaN,0
121,16,2,1,1,1,348,662,936,290,1226,0,0,0.644660962,0
121,17,2,1,1,1,341,671,914,352,1266,0,1,0.654003155,0
121,18,2,1,1,1,440,675,947,304,1251,0,2,0.652725006,0
121,19,2,1,2,1,403,628,881,400,1281,0,3,0.796459275,0
121,20,2,1,1,1,333,629,875,416,1291,0,4,0.669570928,0
121,21,2,1,1,0,NaN,NaN,NaN,NaN,NaN,0,0,NaN,0
121,22,2,1,2,1,363,568,791,312,1103,0,0,0.726827496,0
121,23,2,1,1,0,NaN,NaN,NaN,NaN,NaN,0,0,NaN,0
121,24,2,1,2,1,223,498,744,376,1120,0,0,0.734237828,0
121,25,2,1,2,0,NaN,NaN,NaN,NaN,NaN,0,0,NaN,0
121,26,2,1,2,1,250,528,800,344,1144,0,0,0.701285232,0
121,27,2,1,2,1,315,612,845,312,1157,0,1,0.760836074,0
121,28,2,1,2,0,NaN,NaN,NaN,NaN,NaN,0,0,NaN,0
121,29,2,1,2,1,397,607,863,320,1183,0,0,0.694986455,0
121,30,2,1,1,1,337,597,865,320,1185,0,1,0.661752596,0
121,31,2,1,2,1,372,582,828,264,1092,0,2,0.752007325,0
121,32,2,1,2,1,367,595,869,328,1197,0,3,0.790148359,0
121,33,2,1,1,1,335,623,860,344,1204,0,4,0.696019847,0
121,34,2,1,2,0,NaN,NaN,NaN,NaN,NaN,0,0,NaN,0
121,35,2,1,2,0,NaN,NaN,NaN,NaN,NaN,0,0,NaN,0
121,36,2,1,1,1,275,590,842,328,1170,0,-1,0.661279014,0
121,37,2,1,1,1,300,562,840,320,1160,0,1,0.613807284,0
121,38,2,1,2,1,284,556,861,328,1189,0,2,0.740550637,0
121,39,2,1,1,1,240,533,793,312,1105,0,3,0.736482568,0
121,40,2,1,2,1,354,591,796,304,1100,0,4,0.765362527,0
121,41,2,1,1,1,365,627,837,216,1053,0,5,0.811644033,0
121,42,2,1,2,0,NaN,NaN,NaN,NaN,NaN,0,0,NaN,0
121,43,2,1,2,1,300,555,784,280,1064,0,0,0.756329135,0
121,44,2,1,2,1,345,609,803,280,1083,0,1,0.853627611,0
121,45,2,1,1,1,329,607,886,309,1195,0,2,0.741815726,0
121,46,2,1,2,1,281,533,759,245,1004,0,3,0.776258681,0
121,47,2,1,1,1,375,640,870,248,1118,0,4,0.788665988,0
121,48,2,1,2,1,358,584,829,312,1141,0,5,0.727900405,0
121,49,2,1,2,1,529,725,943,312,1255,0,6,0.735235791,0
121,50,2,1,2,1,472,720,925,280,1205,0,7,0.813386592,0
121,51,2,1,2,1,291,525,738,248,986,0,8,0.784959049,0
121,52,2,1,2,1,291,528,734,272,1006,0,9,0.82922218,0
121,53,2,1,1,1,283,569,809,360,1169,0,10,0.701068089,0
121,54,2,1,2,1,286,490,703,312,1015,0,11,0.79586522,0
121,55,2,1,1,1,231,481,706,312,1018,0,12,0.721356657,0
121,56,2,1,2,1,203,476,689,344,1033,0,13,0.752658307,0
121,57,2,1,2,1,271,475,705,304,1009,0,14,0.753129252,0
121,58,2,1,1,0,NaN,NaN,NaN,NaN,NaN,0,0,NaN,0
121,59,2,1,2,1,256,524,791,312,1103,0,0,0.781384413,0
121,60,2,1,2,0,NaN,NaN,NaN,NaN,NaN,0,0,NaN,0
121,61,2,1,1,1,245,544,830,344,1174,0,0,0.654463565,0
121,62,2,1,2,1,175,437,685,272,957,0,1,0.731822354,0
121,63,2,1,1,1,317,579,846,352,1198,0,2,0.726984087,0
121,64,2,1,2,1,395,643,830,288,1118,0,3,0.647198067,0
121,65,2,1,1,1,229,452,696,312,1008,0,4,0.696098841,0
121,66,2,1,1,0,NaN,NaN,NaN,NaN,NaN,0,0,NaN,0
121,67,2,1,1,1,266,520,736,440,1176,0,0,0.711637243,0
121,68,2,1,1,0,NaN,NaN,NaN,NaN,NaN,0,0,NaN,0
121,69,2,1,1,0,NaN,NaN,NaN,NaN,NaN,0,0,NaN,0
121,70,2,1,1,1,354,602,823,344,1167,0,-1,0.638605849,0
121,71,2,1,1,1,305,539,764,280,1044,0,1,0.673270745,0
121,72,2,1,1,1,280,541,754,392,1146,0,2,0.697185398,0
121,73,2,1,1,0,NaN,NaN,NaN,NaN,NaN,0,0,NaN,0
121,74,2,1,2,1,259,491,749,328,1077,0,0,0.719859524,0
121,75,2,1,2,0,NaN,NaN,NaN,NaN,NaN,0,0,NaN,0
121,76,2,1,2,0,NaN,NaN,NaN,NaN,NaN,0,0,NaN,0
121,77,2,1,1,1,286,530,840,304,1144,0,-1,0.642224708,0
121,78,2,1,1,1,375,667,903,344,1247,0,1,0.658972151,0
121,79,2,1,1,1,363,603,851,368,1219,0,2,0.652125242,0
121,80,2,1,2,0,NaN,NaN,NaN,NaN,NaN,0,0,NaN,0
121,81,2,2,1,1,280,557,740,240,980,0,0,0.741484281,0
121,82,2,2,1,0,NaN,NaN,NaN,NaN,NaN,0,0,NaN,0
121,83,2,2,1,1,NaN,NaN,NaN,NaN,NaN,1,0,NaN,1
121,84,2,2,1,0,NaN,NaN,NaN,NaN,NaN,0,0,NaN,0
121,85,2,2,1,0,NaN,NaN,NaN,NaN,NaN,0,0,NaN,0
121,86,2,2,1,1,390,670,906,280,1186,0,-1,0.692193869,0
121,87,2,2,1,0,NaN,NaN,NaN,NaN,NaN,0,0,NaN,0
121,88,2,2,2,0,NaN,NaN,NaN,NaN,NaN,0,0,NaN,0
121,89,2,2,1,0,NaN,NaN,NaN,NaN,NaN,0,0,NaN,0
121,90,2,2,2,0,NaN,NaN,NaN,NaN,NaN,0,0,NaN,0
121,91,2,2,2,0,NaN,NaN,NaN,NaN,NaN,0,0,NaN,0
121,92,2,2,2,1,342,609,858,336,1194,0,-4,0.754344875,0
121,93,2,2,1,0,NaN,NaN,NaN,NaN,NaN,0,0,NaN,0
121,94,2,2,2,0,NaN,NaN,NaN,NaN,NaN,0,0,NaN,0
121,95,2,2,2,0,NaN,NaN,NaN,NaN,NaN,0,0,NaN,0
121,96,2,2,2,0,NaN,NaN,NaN,NaN,NaN,0,0,NaN,0
121,97,2,2,2,0,NaN,NaN,NaN,NaN,NaN,0,0,NaN,0
121,98,2,2,2,0,NaN,NaN,NaN,NaN,NaN,0,0,NaN,0
121,99,2,2,2,1,396,619,863,320,1183,0,-5,0.745971158,0
121,100,2,2,2,0,NaN,NaN,NaN,NaN,NaN,0,0,NaN,0
121,101,2,2,1,0,NaN,NaN,NaN,NaN,NaN,0,0,NaN,0
121,102,2,2,1,0,NaN,NaN,NaN,NaN,NaN,0,0,NaN,0
121,103,2,2,1,0,NaN,NaN,NaN,NaN,NaN,0,0,NaN,0
121,104,2,2,1,0,NaN,NaN,NaN,NaN,NaN,0,0,NaN,0
121,105,2,2,2,0,NaN,NaN,NaN,NaN,NaN,0,0,NaN,0
121,106,2,2,1,1,337,597,848,280,1128,0,-5,0.673082775,0
121,107,2,2,2,1,379,632,875,264,1139,0,1,0.777295798,0
121,108,2,2,2,0,NaN,NaN,NaN,NaN,NaN,0,0,NaN,0
121,109,2,2,1,0,NaN,NaN,NaN,NaN,NaN,0,0,NaN,0
121,110,2,2,2,1,422,645,865,304,1169,0,-1,0.752711142,0
121,111,2,2,1,1,251,513,754,288,1042,0,1,0.710792427,0
121,112,2,2,1,0,NaN,NaN,NaN,NaN,NaN,0,0,NaN,0
121,113,2,2,2,0,NaN,NaN,NaN,NaN,NaN,0,0,NaN,0
121,114,2,2,1,0,NaN,NaN,NaN,NaN,NaN,0,0,NaN,0
121,115,2,2,2,0,NaN,NaN,NaN,NaN,NaN,0,0,NaN,0
121,116,2,2,2,1,397,631,862,296,1158,0,-3,0.707601386,0
121,117,2,2,2,0,NaN,NaN,NaN,NaN,NaN,0,0,NaN,0
121,118,2,2,2,0,NaN,NaN,NaN,NaN,NaN,0,0,NaN,0
121,119,2,2,1,0,NaN,NaN,NaN,NaN,NaN,0,0,NaN,0
121,120,2,2,1,0,NaN,NaN,NaN,NaN,NaN,0,0,NaN,0
121,121,2,2,2,0,NaN,NaN,NaN,NaN,NaN,0,0,NaN,0
121,122,2,2,2,0,NaN,NaN,NaN,NaN,NaN,0,0,NaN,0
121,123,2,2,2,1,463,669,902,248,1150,0,-5,0.689054734,0
121,124,2,2,2,0,NaN,NaN,NaN,NaN,NaN,0,0,NaN,0
121,125,2,2,1,0,NaN,NaN,NaN,NaN,NaN,0,0,NaN,0
121,126,2,2,2,0,NaN,NaN,NaN,NaN,NaN,0,0,NaN,0
121,127,2,2,1,0,NaN,NaN,NaN,NaN,NaN,0,0,NaN,0
121,128,2,2,2,0,NaN,NaN,NaN,NaN,NaN,0,0,NaN,0
121,129,2,2,2,0,NaN,NaN,NaN,NaN,NaN,0,0,NaN,0
121,130,2,2,1,0,NaN,NaN,NaN,NaN,NaN,0,0,NaN,0
121,131,2,2,2,0,NaN,NaN,NaN,NaN,NaN,0,0,NaN,0
121,132,2,2,1,0,NaN,NaN,NaN,NaN,NaN,0,0,NaN,0
121,133,2,2,1,0,NaN,NaN,NaN,NaN,NaN,0,0,NaN,0
121,134,2,2,2,0,NaN,NaN,NaN,NaN,NaN,0,0,NaN,0
121,135,2,2,1,0,NaN,NaN,NaN,NaN,NaN,0,0,NaN,0
121,136,2,2,2,1,437,659,955,304,1259,0,-11,0.761171529,0
121,137,2,2,1,1,396,690,911,295,1206,0,1,0.679268686,0
121,138,2,2,1,0,NaN,NaN,NaN,NaN,NaN,0,0,NaN,0
121,139,2,2,2,0,NaN,NaN,NaN,NaN,NaN,0,0,NaN,0
121,140,2,2,2,0,NaN,NaN,NaN,NaN,NaN,0,0,NaN,0
121,141,2,2,1,0,NaN,NaN,NaN,NaN,NaN,0,0,NaN,0
121,142,2,2,1,1,328,538,766,216,982,0,-3,0.695791483,0
121,143,2,2,1,0,NaN,NaN,NaN,NaN,NaN,0,0,NaN,0
121,144,2,2,2,0,NaN,NaN,NaN,NaN,NaN,0,0,NaN,0
121,145,2,2,1,1,374,584,817,280,1097,0,-1,0.661907666,0
121,146,2,2,2,0,NaN,NaN,NaN,NaN,NaN,0,0,NaN,0
121,147,2,2,1,0,NaN,NaN,NaN,NaN,NaN,0,0,NaN,0
121,148,2,2,1,0,NaN,NaN,NaN,NaN,NaN,0,0,NaN,0
121,149,2,2,2,1,312,516,762,280,1042,0,-2,0.785890472,0
121,150,2,2,2,1,334,549,782,264,1046,0,1,0.793284739,0
121,151,2,2,1,0,NaN,NaN,NaN,NaN,NaN,0,0,NaN,0
121,152,2,2,2,1,251,473,681,248,929,0,0,0.788163007,0
121,153,2,2,2,0,NaN,NaN,NaN,NaN,NaN,0,0,NaN,0
121,154,2,2,2,0,NaN,NaN,NaN,NaN,NaN,0,0,NaN,0
121,155,2,2,1,1,289,498,767,296,1063,0,-1,0.693985328,0
121,156,2,2,1,0,NaN,NaN,NaN,NaN,NaN,0,0,NaN,0
122,1,2,1,1,1,302,545,908,456,1364,0,0,0.736505847,0
122,2,2,1,1,1,423,614,878,440,1318,0,1,0.670683608,0
122,3,2,1,1,0,NaN,NaN,NaN,NaN,NaN,0,0,NaN,0
122,4,2,1,2,1,322,571,721,640,1361,0,0,0.751462262,0
122,5,2,1,1,0,NaN,NaN,NaN,NaN,NaN,0,0,NaN,0
122,6,2,1,1,1,375,598,820,528,1348,0,0,0.705337598,0
122,7,2,1,2,1,335,565,820,533,1353,0,1,0.766775626,0
122,8,2,1,1,1,390,674,853,640,1493,0,2,0.790983429,0
122,9,2,1,2,1,234,486,760,447,1207,0,3,0.687920261,0
122,10,2,1,1,1,NaN,NaN,NaN,NaN,NaN,1,4,NaN,1
122,11,2,1,2,1,195,466,741,464,1205,0,5,0.792797565,0
122,12,2,1,2,1,355,519,740,344,1084,0,6,0.699314549,0
122,13,2,1,1,0,NaN,NaN,NaN,NaN,NaN,0,0,NaN,0
122,14,2,1,1,1,275,539,902,528,1430,0,0,0.749581863,0
122,15,2,1,2,0,NaN,NaN,NaN,NaN,NaN,0,0,NaN,0
122,16,2,1,1,1,231,472,806,464,1270,0,0,0.71584462,0
122,17,2,1,1,1,306,548,839,400,1239,0,1,0.738465245,0
122,18,2,1,1,1,409,633,925,440,1365,0,2,0.755367172,0
122,19,2,1,2,1,436,639,877,472,1349,0,3,0.762403162,0
122,20,2,1,1,1,321,558,879,448,1327,0,4,0.789507186,0
122,21,2,1,1,0,NaN,NaN,NaN,NaN,NaN,0,0,NaN,0
122,22,2,1,2,1,184,464,752,456,1208,0,0,0.731952792,0
122,23,2,1,1,0,NaN,NaN,NaN,NaN,NaN,0,0,NaN,0
122,24,2,1,2,1,236,454,752,360,1112,0,0,0.64737304,0
122,25,2,1,2,0,NaN,NaN,NaN,NaN,NaN,0,0,NaN,0
122,26,2,1,2,1,290,580,867,424,1291,0,0,0.714223,0
122,27,2,1,2,1,266,515,778,392,1170,0,1,0.707400796,0
122,28,2,1,2,0,NaN,NaN,NaN,NaN,NaN,0,0,NaN,0
122,29,2,1,2,1,327,551,851,400,1251,0,0,0.729217512,0
122,30,2,1,1,1,247,541,853,464,1317,0,1,0.709448744,0
122,31,2,1,2,1,184,444,670,456,1126,0,2,0.755076265,0
122,32,2,1,2,1,299,557,814,352,1166,0,3,0.703452566,0
122,33,2,1,1,1,209,483,805,448,1253,0,4,0.745367357,0
122,34,2,1,2,0,NaN,NaN,NaN,NaN,NaN,0,0,NaN,0
122,35,2,1,2,0,NaN,NaN,NaN,NaN,NaN,0,0,NaN,0
122,36,2,1,1,1,272,520,822,448,1270,0,-1,0.71937341,0
122,37,2,1,1,1,526,769,999,368,1367,0,1,0.732845025,0
122,38,2,1,2,1,198,449,647,496,1143,0,2,0.795923658,0
122,39,2,1,1,1,377,593,828,424,1252,0,3,0.76938615,0
122,40,2,1,2,1,299,541,724,560,1284,0,4,0.675104038,0
122,41,2,1,1,1,414,711,995,280,1275,0,5,0.762713976,0
122,42,2,1,2,0,NaN,NaN,NaN,NaN,NaN,0,0,NaN,0
122,43,2,1,2,1,410,567,832,368,1200,0,0,0.700837288,0
122,44,2,1,2,1,574,938,1089,264,1353,0,1,0.648568372,0
122,45,2,1,1,1,197,486,748,272,1020,0,2,0.742296597,0
122,46,2,1,2,1,197,436,650,328,978,0,3,0.766531114,0
122,47,2,1,1,1,182,439,713,328,1041,0,4,0.777885634,0
122,48,2,1,2,1,439,589,796,312,1108,0,5,0.695251206,0
122,49,2,1,2,1,208,412,678,440,1118,0,6,0.745844179,0
122,50,2,1,2,1,263,474,666,328,994,0,7,0.760891127,0
122,51,2,1,2,1,200,467,664,352,1016,0,8,0.848382233,0
122,52,2,1,2,1,213,444,683,245,928,0,9,0.812712787,0
122,53,2,1,1,1,247,548,830,376,1206,0,10,0.722659155,0
122,54,2,1,2,1,354,509,723,328,1051,0,11,0.672780153,0
122,55,2,1,1,1,153,441,728,304,1032,0,12,0.758805742,0
122,56,2,1,2,1,239,419,684,296,980,0,13,0.727050923,0
122,57,2,1,2,1,261,447,688,312,1000,0,14,0.78606853,0
122,58,2,1,1,0,NaN,NaN,NaN,NaN,NaN,0,0,NaN,0
122,59,2,1,2,1,469,659,856,328,1184,0,0,0.737030662,0
122,60,2,1,2,0,NaN,NaN,NaN,NaN,NaN,0,0,NaN,0
122,61,2,1,1,1,246,480,766,312,1078,0,0,0.769437787,0
122,62,2,1,2,1,216,427,637,360,997,0,1,0.713519815,0
122,63,2,1,1,1,219,441,716,264,980,0,2,0.780348042,0
122,64,2,1,2,1,382,558,741,328,1069,0,3,0.717850556,0
122,65,2,1,1,1,229,475,726,248,974,0,4,0.816551302,0
122,66,2,1,1,0,NaN,NaN,NaN,NaN,NaN,0,0,NaN,0
122,67,2,1,1,1,205,455,684,264,948,0,0,0.754284304,0
122,68,2,1,1,0,NaN,NaN,NaN,NaN,NaN,0,0,NaN,0
122,69,2,1,1,0,NaN,NaN,NaN,NaN,NaN,0,0,NaN,0
122,70,2,1,1,1,226,456,686,304,990,0,-1,0.626805468,0
122,71,2,1,1,1,248,444,708,312,1020,0,1,0.721086236,0
122,72,2,1,1,1,196,480,723,320,1043,0,2,0.78540838,0
122,73,2,1,1,0,NaN,NaN,NaN,NaN,NaN,0,0,NaN,0
122,74,2,1,2,1,251,471,760,328,1088,0,0,0.681430082,0
122,75,2,1,2,0,NaN,NaN,NaN,NaN,NaN,0,0,NaN,0
122,76,2,1,2,0,NaN,NaN,NaN,NaN,NaN,0,0,NaN,0
122,77,2,1,1,1,282,498,743,360,1103,0,-1,0.683702975,0
122,78,2,1,1,1,417,587,787,360,1147,0,1,0.688917062,0
122,79,2,1,1,1,447,672,862,328,1190,0,2,0.743820984,0
122,80,2,1,2,0,NaN,NaN,NaN,NaN,NaN,0,0,NaN,0
122,81,2,2,1,1,208,474,777,296,1073,0,0,0.713079057,0
122,82,2,2,1,0,NaN,NaN,NaN,NaN,NaN,0,0,NaN,0
122,83,2,2,1,1,299,573,789,344,1133,0,0,0.640778076,0
122,84,2,2,1,0,NaN,NaN,NaN,NaN,NaN,0,0,NaN,0
122,85,2,2,1,0,NaN,NaN,NaN,NaN,NaN,0,0,NaN,0
122,86,2,2,1,1,489,747,936,360,1296,0,-1,0.647723257,0
122,87,2,2,1,0,NaN,NaN,NaN,NaN,NaN,0,0,NaN,0
122,88,2,2,2,0,NaN,NaN,NaN,NaN,NaN,0,0,NaN,0
122,89,2,2,1,0,NaN,NaN,NaN,NaN,NaN,0,0,NaN,0
122,90,2,2,2,0,NaN,NaN,NaN,NaN,NaN,0,0,NaN,0
122,91,2,2,2,0,NaN,NaN,NaN,NaN,NaN,0,0,NaN,0
122,92,2,2,2,1,269,544,809,344,1153,0,-4,0.831593808,0
122,93,2,2,1,0,NaN,NaN,NaN,NaN,NaN,0,0,NaN,0
122,94,2,2,2,0,NaN,NaN,NaN,NaN,NaN,0,0,NaN,0
122,95,2,2,2,0,NaN,NaN,NaN,NaN,NaN,0,0,NaN,0
122,96,2,2,2,0,NaN,NaN,NaN,NaN,NaN,0,0,NaN,0
122,97,2,2,2,0,NaN,NaN,NaN,NaN,NaN,0,0,NaN,0
122,98,2,2,2,0,NaN,NaN,NaN,NaN,NaN,0,0,NaN,0
122,99,2,2,2,1,343,575,812,312,1124,0,-5,0.839626792,0
122,100,2,2,2,0,NaN,NaN,NaN,NaN,NaN,0,0,NaN,0
122,101,2,2,1,0,NaN,NaN,NaN,NaN,NaN,0,0,NaN,0
122,102,2,2,1,0,NaN,NaN,NaN,NaN,NaN,0,0,NaN,0
122,103,2,2,1,0,NaN,NaN,NaN,NaN,NaN,0,0,NaN,0
122,104,2,2,1,0,NaN,NaN,NaN,NaN,NaN,0,0,NaN,0
122,105,2,2,2,0,NaN,NaN,NaN,NaN,NaN,0,0,NaN,0
122,106,2,2,1,1,361,575,841,360,1201,0,-5,0.615429608,0
122,107,2,2,2,1,231,513,779,312,1091,0,1,0.799281168,0
122,108,2,2,2,0,NaN,NaN,NaN,NaN,NaN,0,0,NaN,0
122,109,2,2,1,0,NaN,NaN,NaN,NaN,NaN,0,0,NaN,0
122,110,2,2,2,1,255,478,755,448,1203,0,-1,0.77664941,0
122,111,2,2,1,1,257,495,700,344,1044,0,1,0.709405191,0
122,112,2,2,1,0,NaN,NaN,NaN,NaN,NaN,0,0,NaN,0
122,113,2,2,2,0,NaN,NaN,NaN,NaN,NaN,0,0,NaN,0
122,114,2,2,1,0,NaN,NaN,NaN,NaN,NaN,0,0,NaN,0
122,115,2,2,2,0,NaN,NaN,NaN,NaN,NaN,0,0,NaN,0
122,116,2,2,2,1,270,527,754,408,1162,0,-3,0.825346737,0
122,117,2,2,2,0,NaN,NaN,NaN,NaN,NaN,0,0,NaN,0
122,118,2,2,2,0,NaN,NaN,NaN,NaN,NaN,0,0,NaN,0
122,119,2,2,1,0,NaN,NaN,NaN,NaN,NaN,0,0,NaN,0
122,120,2,2,1,0,NaN,NaN,NaN,NaN,NaN,0,0,NaN,0
122,121,2,2,2,0,NaN,NaN,NaN,NaN,NaN,0,0,NaN,0
122,122,2,2,2,0,NaN,NaN,NaN,NaN,NaN,0,0,NaN,0
122,123,2,2,2,1,347,585,839,312,1151,0,-5,0.790429986,0
122,124,2,2,2,0,NaN,NaN,NaN,NaN,NaN,0,0,NaN,0
122,125,2,2,1,0,NaN,NaN,NaN,NaN,NaN,0,0,NaN,0
122,126,2,2,2,0,NaN,NaN,NaN,NaN,NaN,0,0,NaN,0
122,127,2,2,1,0,NaN,NaN,NaN,NaN,NaN,0,0,NaN,0
122,128,2,2,2,0,NaN,NaN,NaN,NaN,NaN,0,0,NaN,0
122,129,2,2,2,0,NaN,NaN,NaN,NaN,NaN,0,0,NaN,0
122,130,2,2,1,0,NaN,NaN,NaN,NaN,NaN,0,0,NaN,0
122,131,2,2,2,0,NaN,NaN,NaN,NaN,NaN,0,0,NaN,0
122,132,2,2,1,0,NaN,NaN,NaN,NaN,NaN,0,0,NaN,0
122,133,2,2,1,0,NaN,NaN,NaN,NaN,NaN,0,0,NaN,0
122,134,2,2,2,0,NaN,NaN,NaN,NaN,NaN,0,0,NaN,0
122,135,2,2,1,0,NaN,NaN,NaN,NaN,NaN,0,0,NaN,0
122,136,2,2,2,1,274,520,804,336,1140,0,-11,0.853575263,0
122,137,2,2,1,1,371,535,777,328,1105,0,1,0.637347826,0
122,138,2,2,1,0,NaN,NaN,NaN,NaN,NaN,0,0,NaN,0
122,139,2,2,2,0,NaN,NaN,NaN,NaN,NaN,0,0,NaN,0
122,140,2,2,2,0,NaN,NaN,NaN,NaN,NaN,0,0,NaN,0
122,141,2,2,1,0,NaN,NaN,NaN,NaN,NaN,0,0,NaN,0
122,142,2,2,1,1,263,501,727,360,1087,0,-3,0.692390067,0
122,143,2,2,1,0,NaN,NaN,NaN,NaN,NaN,0,0,NaN,0
122,144,2,2,2,0,NaN,NaN,NaN,NaN,NaN,0,0,NaN,0
122,145,2,2,1,1,287,516,747,312,1059,0,-1,0.645497842,0
122,146,2,2,2,0,NaN,NaN,NaN,NaN,NaN,0,0,NaN,0
122,147,2,2,1,0,NaN,NaN,NaN,NaN,NaN,0,0,NaN,0
122,148,2,2,1,0,NaN,NaN,NaN,NaN,NaN,0,0,NaN,0
122,149,2,2,2,1,NaN,NaN,NaN,NaN,NaN,1,-2,NaN,1
122,150,2,2,2,1,NaN,NaN,NaN,NaN,NaN,1,1,NaN,1
122,151,2,2,1,0,NaN,NaN,NaN,NaN,NaN,0,0,NaN,0
122,152,2,2,2,1,347,531,722,312,1034,0,0,0.778633863,0
122,153,2,2,2,0,NaN,NaN,NaN,NaN,NaN,0,0,NaN,0
122,154,2,2,2,0,NaN,NaN,NaN,NaN,NaN,0,0,NaN,0
122,155,2,2,1,1,248,469,725,296,1021,0,-1,0.689514034,0
122,156,2,2,1,0,NaN,NaN,NaN,NaN,NaN,0,0,NaN,0
122,157,2,2,2,0,NaN,NaN,NaN,NaN,NaN,0,0,NaN,0
122,158,2,2,1,1,273,503,704,360,1064,0,-1,0.64864749,0
122,159,2,2,1,0,NaN,NaN,NaN,NaN,NaN,0,0,NaN,0
122,160,2,2,1,0,NaN,NaN,NaN,NaN,NaN,0,0,NaN,0
123,1,2,1,1,1,359,595,864,204,1068,0,0,0.704852937,0
123,2,2,1,1,1,414,687,1068,315,1383,0,1,0.740196714,0
123,3,2,1,1,0,NaN,NaN,NaN,NaN,NaN,0,0,NaN,0
123,4,2,1,2,1,335,587,1000,304,1304,0,0,0.663446104,0
123,5,2,1,1,0,NaN,NaN,NaN,NaN,NaN,0,0,NaN,0
123,6,2,1,1,1,270,513,894,272,1166,0,0,0.68213112,0
123,7,2,1,2,1,297,547,908,352,1260,0,1,0.602746562,0
123,8,2,1,1,1,311,576,980,424,1404,0,2,0.710385242,0
123,9,2,1,2,1,NaN,NaN,NaN,NaN,NaN,1,3,NaN,1
123,10,2,1,1,1,NaN,NaN,NaN,NaN,NaN,1,4,NaN,1
123,11,2,1,2,1,232,492,822,392,1214,0,5,0.649403138,0
123,12,2,1,2,1,261,483,814,416,1230,0,6,0.626514303,0
123,13,2,1,1,0,NaN,NaN,NaN,NaN,NaN,0,0,NaN,0
123,14,2,1,1,1,249,463,918,352,1270,0,0,0.632424843,0
123,15,2,1,2,0,NaN,NaN,NaN,NaN,NaN,0,0,NaN,0
123,16,2,1,1,1,195,457,890,392,1282,0,0,0.621293277,0
123,17,2,1,1,1,461,689,1084,312,1396,0,1,0.682754605,0
123,18,2,1,1,1,350,605,992,400,1392,0,2,0.643279851,0
123,19,2,1,2,1,185,492,914,416,1330,0,3,0.642098324,0
123,20,2,1,1,1,152,440,872,424,1296,0,4,0.63937588,0
123,21,2,1,1,0,NaN,NaN,NaN,NaN,NaN,0,0,NaN,0
123,22,2,1,2,1,248,501,844,344,1188,0,0,0.742972372,0
123,23,2,1,1,0,NaN,NaN,NaN,NaN,NaN,0,0,NaN,0
123,24,2,1,2,1,231,480,834,360,1194,0,0,0.676451307,0
123,25,2,1,2,0,NaN,NaN,NaN,NaN,NaN,0,0,NaN,0
123,26,2,1,2,1,290,532,944,376,1320,0,0,0.605295307,0
123,27,2,1,2,1,418,569,1014,432,1446,0,1,0.556737052,0
123,28,2,1,2,0,NaN,NaN,NaN,NaN,NaN,0,0,NaN,0
123,29,2,1,2,1,253,484,914,424,1338,0,0,0.598152564,0
123,30,2,1,1,1,424,671,1198,312,1510,0,1,0.618564879,0
123,31,2,1,2,1,230,481,822,344,1166,0,2,0.577524201,0
123,32,2,1,2,1,NaN,NaN,NaN,NaN,NaN,1,3,NaN,1
123,33,2,1,1,1,209,388,912,392,1304,0,4,0.537723923,0
123,34,2,1,2,0,NaN,NaN,NaN,NaN,NaN,0,0,NaN,0
123,35,2,1,2,0,NaN,NaN,NaN,NaN,NaN,0,0,NaN,0
123,36,2,1,1,1,343,503,1002,416,1418,0,-1,0.604166043,0
123,37,2,1,1,1,493,790,1162,336,1498,0,1,0.681005661,0
123,38,2,1,2,1,212,472,756,408,1164,0,2,0.582752659,0
123,39,2,1,1,1,237,537,866,432,1298,0,3,0.591397495,0
123,40,2,1,2,1,NaN,NaN,NaN,NaN,NaN,1,4,NaN,1
123,41,2,1,1,1,295,546,872,264,1136,0,5,0.654042522,0
123,42,2,1,2,0,NaN,NaN,NaN,NaN,NaN,0,0,NaN,0
123,43,2,1,2,1,279,554,940,312,1252,0,0,0.580885602,0
123,44,2,1,2,1,422,620,1022,384,1406,0,1,0.598765931,0
123,45,2,1,1,1,NaN,NaN,NaN,NaN,NaN,1,2,NaN,1
123,46,2,1,2,1,395,611,1056,344,1400,0,3,0.548789182,0
123,47,2,1,1,1,332,560,980,344,1324,0,4,0.577030962,0
123,48,2,1,2,1,NaN,NaN,NaN,NaN,NaN,1,5,NaN,1
123,49,2,1,2,1,314,655,1040,336,1376,0,6,0.570060364,0
123,50,2,1,2,1,234,478,952,408,1360,0,7,0.540429282,0
123,51,2,1,2,1,393,676,1034,424,1458,0,8,0.606455077,0
123,52,2,1,2,1,331,596,982,320,1302,0,9,0.558999613,0
123,53,2,1,1,1,410,648,1066,392,1458,0,10,0.60860418,0
123,54,2,1,2,1,233,459,868,360,1228,0,11,0.600746125,0
123,55,2,1,1,1,345,570,1062,352,1414,0,12,0.528427696,0
123,56,2,1,2,1,267,538,942,432,1374,0,13,0.658864208,0
123,57,2,1,2,1,372,567,1058,416,1474,0,14,0.562544037,0
123,58,2,1,1,0,NaN,NaN,NaN,NaN,NaN,0,0,NaN,0
123,59,2,1,2,1,343,585,968,314,1282,0,0,0.619953678,0
123,60,2,1,2,0,NaN,NaN,NaN,NaN,NaN,0,0,NaN,0
123,61,2,1,1,1,393,632,1012,328,1340,0,0,0.568071362,0
123,62,2,1,2,1,319,582,1094,368,1462,0,1,0.611743287,0
123,63,2,1,1,1,313,563,994,288,1282,0,2,0.61556204,0
123,64,2,1,2,1,389,663,1114,328,1442,0,3,0.55572125,0
123,65,2,1,1,1,214,419,936,440,1376,0,4,0.471590192,0
123,66,2,1,1,0,NaN,NaN,NaN,NaN,NaN,0,0,NaN,0
123,67,2,1,1,1,311,534,1018,368,1386,0,0,0.569894928,0
123,68,2,1,1,0,NaN,NaN,NaN,NaN,NaN,0,0,NaN,0
123,69,2,1,1,0,NaN,NaN,NaN,NaN,NaN,0,0,NaN,0
123,70,2,1,1,1,301,587,892,312,1204,0,-1,0.532894257,0
123,71,2,1,1,1,245,495,780,288,1068,0,1,0.550124918,0
123,72,2,1,1,1,240,512,808,296,1104,0,2,0.701550609,0
123,73,2,1,1,0,NaN,NaN,NaN,NaN,NaN,0,0,NaN,0
123,74,2,1,2,1,233,518,838,408,1246,0,0,0.74628937,0
123,75,2,1,2,0,NaN,NaN,NaN,NaN,NaN,0,0,NaN,0
123,76,2,1,2,0,NaN,NaN,NaN,NaN,NaN,0,0,NaN,0
123,77,2,1,1,1,222,575,874,280,1154,0,-1,0.501325481,0
123,78,2,1,1,1,363,638,988,336,1324,0,1,0.570270617,0
123,79,2,1,1,1,471,736,1058,352,1410,0,2,0.585058565,0
123,80,2,1,2,0,NaN,NaN,NaN,NaN,NaN,0,0,NaN,0
123,81,2,2,1,1,512,788,1164,264,1428,0,0,0.664463757,0
123,82,2,2,1,0,NaN,NaN,NaN,NaN,NaN,0,0,NaN,0
123,83,2,2,1,1,312,640,1002,296,1298,0,0,0.56277256,0
123,84,2,2,1,0,NaN,NaN,NaN,NaN,NaN,0,0,NaN,0
123,85,2,2,1,0,NaN,NaN,NaN,NaN,NaN,0,0,NaN,0
123,86,2,2,1,1,296,643,1060,352,1412,0,-1,0.555167289,0
123,87,2,2,1,0,NaN,NaN,NaN,NaN,NaN,0,0,NaN,0
123,88,2,2,2,0,NaN,NaN,NaN,NaN,NaN,0,0,NaN,0
123,89,2,2,1,0,NaN,NaN,NaN,NaN,NaN,0,0,NaN,0
123,90,2,2,2,0,NaN,NaN,NaN,NaN,NaN,0,0,NaN,0
123,91,2,2,2,0,NaN,NaN,NaN,NaN,NaN,0,0,NaN,0
123,92,2,2,2,1,347,643,998,280,1278,0,-4,0.604415787,0
123,93,2,2,1,0,NaN,NaN,NaN,NaN,NaN,0,0,NaN,0
123,94,2,2,2,0,NaN,NaN,NaN,NaN,NaN,0,0,NaN,0
123,95,2,2,2,0,NaN,NaN,NaN,NaN,NaN,0,0,NaN,0
123,96,2,2,2,0,NaN,NaN,NaN,NaN,NaN,0,0,NaN,0
123,97,2,2,2,0,NaN,NaN,NaN,NaN,NaN,0,0,NaN,0
123,98,2,2,2,0,NaN,NaN,NaN,NaN,NaN,0,0,NaN,0
123,99,2,2,2,1,434,716,1070,312,1382,0,-5,0.618682687,0
123,100,2,2,2,0,NaN,NaN,NaN,NaN,NaN,0,0,NaN,0
123,101,2,2,1,0,NaN,NaN,NaN,NaN,NaN,0,0,NaN,0
123,102,2,2,1,0,NaN,NaN,NaN,NaN,NaN,0,0,NaN,0
123,103,2,2,1,0,NaN,NaN,NaN,NaN,NaN,0,0,NaN,0
123,104,2,2,1,0,NaN,NaN,NaN,NaN,NaN,0,0,NaN,0
123,105,2,2,2,0,NaN,NaN,NaN,NaN,NaN,0,0,NaN,0
123,106,2,2,1,1,430,710,1096,352,1448,0,-5,0.687783798,0
123,107,2,2,2,1,311,577,916,312,1228,0,1,0.696997794,0
123,108,2,2,2,0,NaN,NaN,NaN,NaN,NaN,0,0,NaN,0
123,109,2,2,1,0,NaN,NaN,NaN,NaN,NaN,0,0,NaN,0
123,110,2,2,2,1,291,565,928,400,1328,0,-1,0.714957204,0
123,111,2,2,1,1,381,636,994,328,1322,0,1,0.63407332,0
123,112,2,2,1,0,NaN,NaN,NaN,NaN,NaN,0,0,NaN,0
123,113,2,2,2,0,NaN,NaN,NaN,NaN,NaN,0,0,NaN,0
123,114,2,2,1,0,NaN,NaN,NaN,NaN,NaN,0,0,NaN,0
123,115,2,2,2,0,NaN,NaN,NaN,NaN,NaN,0,0,NaN,0
123,116,2,2,2,1,343,617,940,344,1284,0,-3,0.681240563,0
123,117,2,2,2,0,NaN,NaN,NaN,NaN,NaN,0,0,NaN,0
123,118,2,2,2,0,NaN,NaN,NaN,NaN,NaN,0,0,NaN,0
123,119,2,2,1,0,NaN,NaN,NaN,NaN,NaN,0,0,NaN,0
123,120,2,2,1,0,NaN,NaN,NaN,NaN,NaN,0,0,NaN,0
123,121,2,2,2,0,NaN,NaN,NaN,NaN,NaN,0,0,NaN,0
123,122,2,2,2,0,NaN,NaN,NaN,NaN,NaN,0,0,NaN,0
123,123,2,2,2,1,400,642,914,248,1162,0,-5,0.640045642,0
123,124,2,2,2,0,NaN,NaN,NaN,NaN,NaN,0,0,NaN,0
123,125,2,2,1,0,NaN,NaN,NaN,NaN,NaN,0,0,NaN,0
123,126,2,2,2,0,NaN,NaN,NaN,NaN,NaN,0,0,NaN,0
123,127,2,2,1,0,NaN,NaN,NaN,NaN,NaN,0,0,NaN,0
123,128,2,2,2,0,NaN,NaN,NaN,NaN,NaN,0,0,NaN,0
123,129,2,2,2,0,NaN,NaN,NaN,NaN,NaN,0,0,NaN,0
123,130,2,2,1,0,NaN,NaN,NaN,NaN,NaN,0,0,NaN,0
123,131,2,2,2,0,NaN,NaN,NaN,NaN,NaN,0,0,NaN,0
123,132,2,2,1,0,NaN,NaN,NaN,NaN,NaN,0,0,NaN,0
123,133,2,2,1,0,NaN,NaN,NaN,NaN,NaN,0,0,NaN,0
123,134,2,2,2,0,NaN,NaN,NaN,NaN,NaN,0,0,NaN,0
123,135,2,2,1,0,NaN,NaN,NaN,NaN,NaN,0,0,NaN,0
123,136,2,2,2,1,361,596,948,256,1204,0,-11,0.658531036,0
123,137,2,2,1,1,285,531,860,280,1140,0,1,0.617164871,0
123,138,2,2,1,0,NaN,NaN,NaN,NaN,NaN,0,0,NaN,0
123,139,2,2,2,0,NaN,NaN,NaN,NaN,NaN,0,0,NaN,0
123,140,2,2,2,0,NaN,NaN,NaN,NaN,NaN,0,0,NaN,0
123,141,2,2,1,0,NaN,NaN,NaN,NaN,NaN,0,0,NaN,0
123,142,2,2,1,1,320,570,866,256,1122,0,-3,0.668853457,0
123,143,2,2,1,0,NaN,NaN,NaN,NaN,NaN,0,0,NaN,0
123,144,2,2,2,0,NaN,NaN,NaN,NaN,NaN,0,0,NaN,0
123,145,2,2,1,1,378,621,924,280,1204,0,-1,0.655438759,0
123,146,2,2,2,0,NaN,NaN,NaN,NaN,NaN,0,0,NaN,0
123,147,2,2,1,0,NaN,NaN,NaN,NaN,NaN,0,0,NaN,0
123,148,2,2,1,0,NaN,NaN,NaN,NaN,NaN,0,0,NaN,0
123,149,2,2,2,1,270,516,816,416,1232,0,-2,0.801020055,0
123,150,2,2,2,1,272,551,852,248,1100,0,1,0.814980828,0
123,151,2,2,1,0,NaN,NaN,NaN,NaN,NaN,0,0,NaN,0
123,152,2,2,2,1,NaN,NaN,NaN,NaN,NaN,1,0,NaN,1
123,153,2,2,2,0,NaN,NaN,NaN,NaN,NaN,0,0,NaN,0
123,154,2,2,2,0,NaN,NaN,NaN,NaN,NaN,0,0,NaN,0
123,155,2,2,1,1,290,571,872,280,1152,0,-1,0.626145237,0
123,156,2,2,1,0,NaN,NaN,NaN,NaN,NaN,0,0,NaN,0
123,157,2,2,2,0,NaN,NaN,NaN,NaN,NaN,0,0,NaN,0
123,158,2,2,1,1,318,580,910,264,1174,0,-1,0.747917203,0
123,159,2,2,1,0,NaN,NaN,NaN,NaN,NaN,0,0,NaN,0
123,160,2,2,1,0,NaN,NaN,NaN,NaN,NaN,0,0,NaN,0
124,1,2,1,1,1,448,666,990,344,1334,0,0,0.673407629,0
124,2,2,1,1,1,313,572,828,392,1220,0,1,0.669392627,0
124,3,2,1,1,0,NaN,NaN,NaN,NaN,NaN,0,0,NaN,0
124,4,2,1,2,1,231,515,818,408,1226,0,0,0.660192864,0
124,5,2,1,1,0,NaN,NaN,NaN,NaN,NaN,0,0,NaN,0
124,6,2,1,1,1,219,464,776,384,1160,0,0,0.695018854,0
124,7,2,1,2,1,244,557,834,360,1194,0,1,0.679900757,0
124,8,2,1,1,1,179,463,736,408,1144,0,2,0.714310513,0
124,9,2,1,2,1,235,510,768,392,1160,0,3,0.704213694,0
124,10,2,1,1,1,280,512,758,376,1134,0,4,0.742680526,0
124,11,2,1,2,1,255,566,808,312,1120,0,5,0.684562459,0
124,12,2,1,2,1,381,602,814,344,1158,0,6,0.69350029,0
124,13,2,1,1,0,NaN,NaN,NaN,NaN,NaN,0,0,NaN,0
124,14,2,1,1,1,256,474,750,296,1046,0,0,0.715165846,0
124,15,2,1,2,0,NaN,NaN,NaN,NaN,NaN,0,0,NaN,0
124,16,2,1,1,1,265,480,742,360,1102,0,0,0.683040173,0
124,17,2,1,1,1,282,543,774,408,1182,0,1,0.722863271,0
124,18,2,1,1,1,321,570,802,392,1194,0,2,0.725385315,0
124,19,2,1,2,1,232,544,830,456,1286,0,3,0.696711777,0
124,20,2,1,1,1,325,540,814,328,1142,0,4,0.717106119,0
124,21,2,1,1,0,NaN,NaN,NaN,NaN,NaN,0,0,NaN,0
124,22,2,1,2,1,239,475,724,384,1108,0,0,0.64438712,0
124,23,2,1,1,0,NaN,NaN,NaN,NaN,NaN,0,0,NaN,0
124,24,2,1,2,1,292,589,878,376,1254,0,0,0.61536203,0
124,25,2,1,2,0,NaN,NaN,NaN,NaN,NaN,0,0,NaN,0
124,26,2,1,2,1,316,548,786,392,1178,0,0,0.660492003,0
124,27,2,1,2,1,284,578,828,360,1188,0,1,0.685778896,0
124,28,2,1,2,0,NaN,NaN,NaN,NaN,NaN,0,0,NaN,0
124,29,2,1,2,1,278,542,780,376,1156,0,0,0.643624735,0
124,30,2,1,1,1,319,529,794,344,1138,0,1,0.774111412,0
124,31,2,1,2,1,217,461,734,328,1062,0,2,0.66542628,0
124,32,2,1,2,1,226,467,712,376,1088,0,3,0.658655642,0
124,33,2,1,1,1,289,509,766,392,1158,0,4,0.793737661,0
124,34,2,1,2,0,NaN,NaN,NaN,NaN,NaN,0,0,NaN,0
124,35,2,1,2,0,NaN,NaN,NaN,NaN,NaN,0,0,NaN,0
124,36,2,1,1,1,283,531,796,360,1156,0,-1,0.773382522,0
124,37,2,1,1,1,353,610,830,376,1206,0,1,0.805446656,0
124,38,2,1,2,1,364,652,896,344,1240,0,2,0.696227237,0
124,39,2,1,1,1,299,582,804,344,1148,0,3,0.752243597,0
124,40,2,1,2,1,231,469,726,408,1134,0,4,0.714790543,0
124,41,2,1,1,1,217,462,712,376,1088,0,5,0.77665454,0
124,42,2,1,2,0,NaN,NaN,NaN,NaN,NaN,0,0,NaN,0
124,43,2,1,2,1,295,507,786,376,1162,0,0,0.70743338,0
124,44,2,1,2,1,250,471,732,392,1124,0,1,0.654716305,0
124,45,2,1,1,1,232,460,758,400,1158,0,2,0.815395414,0
124,46,2,1,2,1,344,609,832,344,1176,0,3,0.732458903,0
124,47,2,1,1,1,282,537,772,352,1124,0,4,0.721798535,0
124,48,2,1,2,1,401,624,826,376,1202,0,5,0.746055981,0
124,49,2,1,2,1,267,557,794,408,1202,0,6,0.72675162,0
124,50,2,1,2,1,281,531,772,400,1172,0,7,0.706607041,0
124,51,2,1,2,1,278,551,810,352,1162,0,8,0.638257092,0
124,52,2,1,2,1,226,536,790,384,1174,0,9,0.714123481,0
124,53,2,1,1,1,321,551,838,352,1190,0,10,0.705763738,0
124,54,2,1,2,1,233,500,760,424,1184,0,11,0.707547637,0
124,55,2,1,1,1,210,442,700,408,1108,0,12,0.66117663,0
124,56,2,1,2,1,260,535,802,392,1194,0,13,0.687851236,0
124,57,2,1,2,1,198,502,806,408,1214,0,14,0.68088613,0
124,58,2,1,1,0,NaN,NaN,NaN,NaN,NaN,0,0,NaN,0
124,59,2,1,2,1,215,516,776,376,1152,0,0,0.655818142,0
124,60,2,1,2,0,NaN,NaN,NaN,NaN,NaN,0,0,NaN,0
124,61,2,1,1,1,267,556,830,384,1214,0,0,0.703634003,0
124,62,2,1,2,1,256,546,782,360,1142,0,1,0.691396998,0
124,63,2,1,1,1,257,506,748,408,1156,0,2,0.700576199,0
124,64,2,1,2,1,269,518,790,400,1190,0,3,0.729725027,0
124,65,2,1,1,1,232,510,756,472,1228,0,4,0.717707046,0
124,66,2,1,1,0,NaN,NaN,NaN,NaN,NaN,0,0,NaN,0
124,67,2,1,1,1,238,451,668,424,1092,0,0,0.70080824,0
124,68,2,1,1,0,NaN,NaN,NaN,NaN,NaN,0,0,NaN,0
124,69,2,1,1,0,NaN,NaN,NaN,NaN,NaN,0,0,NaN,0
124,70,2,1,1,1,242,474,702,368,1070,0,-1,0.665200954,0
124,71,2,1,1,1,336,559,790,456,1246,0,1,0.698927241,0
124,72,2,1,1,1,540,728,914,352,1266,0,2,0.651195253,0
124,73,2,1,1,0,NaN,NaN,NaN,NaN,NaN,0,0,NaN,0
124,74,2,1,2,1,277,537,786,432,1218,0,0,0.660890322,0
124,75,2,1,2,0,NaN,NaN,NaN,NaN,NaN,0,0,NaN,0
124,76,2,1,2,0,NaN,NaN,NaN,NaN,NaN,0,0,NaN,0
124,77,2,1,1,1,240,496,730,456,1186,0,-1,0.712003176,0
124,78,2,1,1,1,346,526,686,416,1102,0,1,0.663180258,0
124,79,2,1,1,1,275,501,684,472,1156,0,2,0.694670348,0
124,80,2,1,2,0,NaN,NaN,NaN,NaN,NaN,0,0,NaN,0
124,81,2,2,1,1,226,458,750,408,1158,0,0,0.793832338,0
124,82,2,2,1,0,NaN,NaN,NaN,NaN,NaN,0,0,NaN,0
124,83,2,2,1,1,304,542,750,400,1150,0,0,0.695674149,0
124,84,2,2,1,0,NaN,NaN,NaN,NaN,NaN,0,0,NaN,0
124,85,2,2,1,0,NaN,NaN,NaN,NaN,NaN,0,0,NaN,0
124,86,2,2,1,1,329,571,808,424,1232,0,-1,0.684261073,0
124,87,2,2,1,0,NaN,NaN,NaN,NaN,NaN,0,0,NaN,0
124,88,2,2,2,0,NaN,NaN,NaN,NaN,NaN,0,0,NaN,0
124,89,2,2,1,0,NaN,NaN,NaN,NaN,NaN,0,0,NaN,0
124,90,2,2,2,0,NaN,NaN,NaN,NaN,NaN,0,0,NaN,0
124,91,2,2,2,0,NaN,NaN,NaN,NaN,NaN,0,0,NaN,0
124,92,2,2,2,1,322,578,846,328,1174,0,-4,0.72011696,0
124,93,2,2,1,0,NaN,NaN,NaN,NaN,NaN,0,0,NaN,0
124,94,2,2,2,0,NaN,NaN,NaN,NaN,NaN,0,0,NaN,0
124,95,2,2,2,0,NaN,NaN,NaN,NaN,NaN,0,0,NaN,0
124,96,2,2,2,0,NaN,NaN,NaN,NaN,NaN,0,0,NaN,0
124,97,2,2,2,0,NaN,NaN,NaN,NaN,NaN,0,0,NaN,0
124,98,2,2,2,0,NaN,NaN,NaN,NaN,NaN,0,0,NaN,0
124,99,2,2,2,1,307,572,826,376,1202,0,-5,0.710188025,0
124,100,2,2,2,0,NaN,NaN,NaN,NaN,NaN,0,0,NaN,0
124,101,2,2,1,0,NaN,NaN,NaN,NaN,NaN,0,0,NaN,0
124,102,2,2,1,0,NaN,NaN,NaN,NaN,NaN,0,0,NaN,0
124,103,2,2,1,0,NaN,NaN,NaN,NaN,NaN,0,0,NaN,0
124,104,2,2,1,0,NaN,NaN,NaN,NaN,NaN,0,0,NaN,0
124,105,2,2,2,0,NaN,NaN,NaN,NaN,NaN,0,0,NaN,0
124,106,2,2,1,1,351,588,838,432,1270,0,-5,0.731480782,0
124,107,2,2,2,1,269,535,820,400,1220,0,1,0.731360886,0
124,108,2,2,2,0,NaN,NaN,NaN,NaN,NaN,0,0,NaN,0
124,109,2,2,1,0,NaN,NaN,NaN,NaN,NaN,0,0,NaN,0
124,110,2,2,2,1,239,561,790,440,1230,0,-1,0.726783335,0
124,111,2,2,1,1,243,498,754,432,1186,0,1,0.689761666,0
124,112,2,2,1,0,NaN,NaN,NaN,NaN,NaN,0,0,NaN,0
124,113,2,2,2,0,NaN,NaN,NaN,NaN,NaN,0,0,NaN,0
124,114,2,2,1,0,NaN,NaN,NaN,NaN,NaN,0,0,NaN,0
124,115,2,2,2,0,NaN,NaN,NaN,NaN,NaN,0,0,NaN,0
124,116,2,2,2,1,289,574,890,384,1274,0,-3,0.701403488,0
124,117,2,2,2,0,NaN,NaN,NaN,NaN,NaN,0,0,NaN,0
124,118,2,2,2,0,NaN,NaN,NaN,NaN,NaN,0,0,NaN,0
124,119,2,2,1,0,NaN,NaN,NaN,NaN,NaN,0,0,NaN,0
124,120,2,2,1,0,NaN,NaN,NaN,NaN,NaN,0,0,NaN,0
124,121,2,2,2,0,NaN,NaN,NaN,NaN,NaN,0,0,NaN,0
124,122,2,2,2,0,NaN,NaN,NaN,NaN,NaN,0,0,NaN,0
124,123,2,2,2,1,313,575,854,424,1278,0,-5,0.682218409,0
124,124,2,2,2,0,NaN,NaN,NaN,NaN,NaN,0,0,NaN,0
124,125,2,2,1,0,NaN,NaN,NaN,NaN,NaN,0,0,NaN,0
124,126,2,2,2,0,NaN,NaN,NaN,NaN,NaN,0,0,NaN,0
124,127,2,2,1,0,NaN,NaN,NaN,NaN,NaN,0,0,NaN,0
124,128,2,2,2,0,NaN,NaN,NaN,NaN,NaN,0,0,NaN,0
124,129,2,2,2,0,NaN,NaN,NaN,NaN,NaN,0,0,NaN,0
124,130,2,2,1,0,NaN,NaN,NaN,NaN,NaN,0,0,NaN,0
124,131,2,2,2,0,NaN,NaN,NaN,NaN,NaN,0,0,NaN,0
124,132,2,2,1,0,NaN,NaN,NaN,NaN,NaN,0,0,NaN,0
124,133,2,2,1,0,NaN,NaN,NaN,NaN,NaN,0,0,NaN,0
124,134,2,2,2,0,NaN,NaN,NaN,NaN,NaN,0,0,NaN,0
124,135,2,2,1,0,NaN,NaN,NaN,NaN,NaN,0,0,NaN,0
124,136,2,2,2,1,288,544,894,416,1310,0,-11,0.659846742,0
124,137,2,2,1,1,251,533,844,416,1260,0,1,0.710964427,0
124,138,2,2,1,0,NaN,NaN,NaN,NaN,NaN,0,0,NaN,0
124,139,2,2,2,0,NaN,NaN,NaN,NaN,NaN,0,0,NaN,0
124,140,2,2,2,0,NaN,NaN,NaN,NaN,NaN,0,0,NaN,0
124,141,2,2,1,0,NaN,NaN,NaN,NaN,NaN,0,0,NaN,0
124,142,2,2,1,1,326,582,884,416,1300,0,-3,0.688811703,0
124,143,2,2,1,0,NaN,NaN,NaN,NaN,NaN,0,0,NaN,0
124,144,2,2,2,0,NaN,NaN,NaN,NaN,NaN,0,0,NaN,0
124,145,2,2,1,1,296,540,834,456,1290,0,-1,0.6367652,0
124,146,2,2,2,0,NaN,NaN,NaN,NaN,NaN,0,0,NaN,0
124,147,2,2,1,0,NaN,NaN,NaN,NaN,NaN,0,0,NaN,0
124,148,2,2,1,0,NaN,NaN,NaN,NaN,NaN,0,0,NaN,0
124,149,2,2,2,1,214,509,804,408,1212,0,-2,0.669959884,0
124,150,2,2,2,1,333,582,844,320,1164,0,1,0.692523451,0
124,151,2,2,1,0,NaN,NaN,NaN,NaN,NaN,0,0,NaN,0
124,152,2,2,2,1,373,635,896,424,1320,0,0,0.71254444,0
124,153,2,2,2,0,NaN,NaN,NaN,NaN,NaN,0,0,NaN,0
124,154,2,2,2,0,NaN,NaN,NaN,NaN,NaN,0,0,NaN,0
124,155,2,2,1,1,330,587,838,424,1262,0,-1,0.677591654,0
124,156,2,2,1,0,NaN,NaN,NaN,NaN,NaN,0,0,NaN,0
124,157,2,2,2,0,NaN,NaN,NaN,NaN,NaN,0,0,NaN,0
124,158,2,2,1,1,370,616,906,368,1274,0,-1,0.693986337,0
124,159,2,2,1,0,NaN,NaN,NaN,NaN,NaN,0,0,NaN,0
124,160,2,2,1,0,NaN,NaN,NaN,NaN,NaN,0,0,NaN,0
125,1,2,1,1,1,176,416,777,408,1185,0,0,0.791077059,0
125,2,2,1,1,1,350,562,734,328,1062,0,1,0.625553373,0
125,3,2,1,1,0,NaN,NaN,NaN,NaN,NaN,0,0,NaN,0
125,4,2,1,2,1,223,403,639,336,975,0,0,0.482388901,0
125,5,2,1,1,0,NaN,NaN,NaN,NaN,NaN,0,0,NaN,0
125,6,2,1,1,1,169,374,651,312,963,0,0,0.657030472,0
125,7,2,1,2,1,181,416,578,320,898,0,1,0.567948202,0
125,8,2,1,1,1,184,412,593,328,921,0,2,0.780349255,0
125,9,2,1,2,1,415,548,730,328,1058,0,3,0.623294872,0
125,10,2,1,1,1,NaN,NaN,NaN,NaN,NaN,1,4,NaN,1
125,11,2,1,2,1,182,412,693,480,1173,0,5,0.613705382,0
125,12,2,1,2,1,332,561,751,328,1079,0,6,0.55457202,0
125,13,2,1,1,0,NaN,NaN,NaN,NaN,NaN,0,0,NaN,0
125,14,2,1,1,1,142,478,795,312,1107,0,0,0.722579338,0
125,15,2,1,2,0,NaN,NaN,NaN,NaN,NaN,0,0,NaN,0
125,16,2,1,1,1,194,367,627,304,931,0,0,0.61288932,0
125,17,2,1,1,1,157,500,808,352,1160,0,1,0.679594698,0
125,18,2,1,1,1,354,559,889,440,1329,0,2,0.682492536,0
125,19,2,1,2,1,241,491,710,376,1086,0,3,0.635843624,0
125,20,2,1,1,1,317,534,770,400,1170,0,4,0.703987757,0
125,21,2,1,1,0,NaN,NaN,NaN,NaN,NaN,0,0,NaN,0
125,22,2,1,2,1,262,484,770,360,1130,0,0,0.677027414,0
125,23,2,1,1,0,NaN,NaN,NaN,NaN,NaN,0,0,NaN,0
125,24,2,1,2,1,202,423,776,528,1304,0,0,0.405646145,0
125,25,2,1,2,0,NaN,NaN,NaN,NaN,NaN,0,0,NaN,0
125,26,2,1,2,1,204,414,711,464,1175,0,0,0.573534313,0
125,27,2,1,2,1,333,524,760,384,1144,0,1,0.666956852,0
125,28,2,1,2,0,NaN,NaN,NaN,NaN,NaN,0,0,NaN,0
125,29,2,1,2,1,158,368,564,416,980,0,0,0.417376857,0
125,30,2,1,1,1,247,436,889,319,1208,0,1,0.740142983,0
125,31,2,1,2,1,216,416,650,376,1026,0,2,0.605542913,0
125,32,2,1,2,1,293,472,719,344,1063,0,3,0.654417097,0
125,33,2,1,1,1,353,527,900,384,1284,0,4,0.733606888,0
125,34,2,1,2,0,NaN,NaN,NaN,NaN,NaN,0,0,NaN,0
125,35,2,1,2,0,NaN,NaN,NaN,NaN,NaN,0,0,NaN,0
125,36,2,1,1,1,194,483,794,312,1106,0,-1,0.662336615,0
125,37,2,1,1,1,151,399,669,424,1093,0,1,0.67221671,0
125,38,2,1,2,1,237,468,743,424,1167,0,2,0.705644497,0
125,39,2,1,1,1,291,477,726,440,1166,0,3,0.685330369,0
125,40,2,1,2,1,363,578,768,400,1168,0,4,0.71832134,0
125,41,2,1,1,1,166,405,713,351,1064,0,5,0.744323283,0
125,42,2,1,2,0,NaN,NaN,NaN,NaN,NaN,0,0,NaN,0
125,43,2,1,2,1,286,470,724,392,1116,0,0,0.583820132,0
125,44,2,1,2,1,278,478,694,392,1086,0,1,0.671413664,0
125,45,2,1,1,1,180,429,727,288,1015,0,2,0.658958609,0
125,46,2,1,2,1,275,468,702,384,1086,0,3,0.755802608,0
125,47,2,1,1,1,266,458,747,480,1227,0,4,0.734976575,0
125,48,2,1,2,1,212,439,629,464,1093,0,5,0.605256569,0
125,49,2,1,2,1,328,507,700,480,1180,0,6,0.654550912,0
125,50,2,1,2,1,383,576,837,295,1132,0,7,0.680816489,0
125,51,2,1,2,1,274,443,721,424,1145,0,8,0.593673099,0
125,52,2,1,2,1,322,529,977,363,1340,0,9,0.643643576,0
125,53,2,1,1,1,195,446,798,393,1191,0,10,0.6612781,0
125,54,2,1,2,1,258,460,668,384,1052,0,11,0.564607009,0
125,55,2,1,1,1,193,373,712,416,1128,0,12,0.687654386,0
125,56,2,1,2,1,272,458,723,480,1203,0,13,0.627582628,0
125,57,2,1,2,1,389,561,736,358,1094,0,14,0.611654356,0
125,58,2,1,1,0,NaN,NaN,NaN,NaN,NaN,0,0,NaN,0
125,59,2,1,2,1,208,478,736,560,1296,0,0,0.53859041,0
125,60,2,1,2,0,NaN,NaN,NaN,NaN,NaN,0,0,NaN,0
125,61,2,1,1,1,205,471,789,320,1109,0,0,0.749434651,0
125,62,2,1,2,1,313,528,787,344,1131,0,1,0.589085016,0
125,63,2,1,1,1,177,390,707,376,1083,0,2,0.696285411,0
125,64,2,1,2,1,268,488,796,480,1276,0,3,0.622899651,0
125,65,2,1,1,1,204,462,789,449,1238,0,4,0.745348486,0
125,66,2,1,1,0,NaN,NaN,NaN,NaN,NaN,0,0,NaN,0
125,67,2,1,1,1,189,481,772,545,1317,0,0,0.692025402,0
125,68,2,1,1,0,NaN,NaN,NaN,NaN,NaN,0,0,NaN,0
125,69,2,1,1,0,NaN,NaN,NaN,NaN,NaN,0,0,NaN,0
125,70,2,1,1,1,308,531,830,464,1294,0,-1,0.65543988,0
125,71,2,1,1,1,207,489,797,312,1109,0,1,0.670876622,0
125,72,2,1,1,1,221,440,733,288,1021,0,2,0.669950276,0
125,73,2,1,1,0,NaN,NaN,NaN,NaN,NaN,0,0,NaN,0
125,74,2,1,2,1,160,421,648,344,992,0,0,0.688593475,0
125,75,2,1,2,0,NaN,NaN,NaN,NaN,NaN,0,0,NaN,0
125,76,2,1,2,0,NaN,NaN,NaN,NaN,NaN,0,0,NaN,0
125,77,2,1,1,1,188,450,749,392,1141,0,-1,0.707004407,0
125,78,2,1,1,1,301,553,834,440,1274,0,1,0.697311942,0
125,79,2,1,1,1,226,490,782,400,1182,0,2,0.729891486,0
125,80,2,1,2,0,NaN,NaN,NaN,NaN,NaN,0,0,NaN,0
125,81,2,2,1,1,234,441,688,232,920,0,0,0.762670718,0
125,82,2,2,1,0,NaN,NaN,NaN,NaN,NaN,0,0,NaN,0
125,83,2,2,1,1,186,419,673,336,1009,0,0,0.706501513,0
125,84,2,2,1,0,NaN,NaN,NaN,NaN,NaN,0,0,NaN,0
125,85,2,2,1,0,NaN,NaN,NaN,NaN,NaN,0,0,NaN,0
125,86,2,2,1,1,183,443,696,376,1072,0,-1,0.704751748,0
125,87,2,2,1,0,NaN,NaN,NaN,NaN,NaN,0,0,NaN,0
125,88,2,2,2,0,NaN,NaN,NaN,NaN,NaN,0,0,NaN,0
125,89,2,2,1,0,NaN,NaN,NaN,NaN,NaN,0,0,NaN,0
125,90,2,2,2,0,NaN,NaN,NaN,NaN,NaN,0,0,NaN,0
125,91,2,2,2,0,NaN,NaN,NaN,NaN,NaN,0,0,NaN,0
125,92,2,2,2,1,184,424,649,344,993,0,-4,0.625049427,0
125,93,2,2,1,0,NaN,NaN,NaN,NaN,NaN,0,0,NaN,0
125,94,2,2,2,0,NaN,NaN,NaN,NaN,NaN,0,0,NaN,0
125,95,2,2,2,0,NaN,NaN,NaN,NaN,NaN,0,0,NaN,0
125,96,2,2,2,0,NaN,NaN,NaN,NaN,NaN,0,0,NaN,0
125,97,2,2,2,0,NaN,NaN,NaN,NaN,NaN,0,0,NaN,0
125,98,2,2,2,0,NaN,NaN,NaN,NaN,NaN,0,0,NaN,0
125,99,2,2,2,1,227,458,718,360,1078,0,-5,0.672295113,0
125,100,2,2,2,0,NaN,NaN,NaN,NaN,NaN,0,0,NaN,0
125,101,2,2,1,0,NaN,NaN,NaN,NaN,NaN,0,0,NaN,0
125,102,2,2,1,0,NaN,NaN,NaN,NaN,NaN,0,0,NaN,0
125,103,2,2,1,0,NaN,NaN,NaN,NaN,NaN,0,0,NaN,0
125,104,2,2,1,0,NaN,NaN,NaN,NaN,NaN,0,0,NaN,0
125,105,2,2,2,0,NaN,NaN,NaN,NaN,NaN,0,0,NaN,0
125,106,2,2,1,1,191,471,718,312,1030,0,-5,0.721893184,0
125,107,2,2,2,1,367,589,806,352,1158,0,1,0.64444536,0
125,108,2,2,2,0,NaN,NaN,NaN,NaN,NaN,0,0,NaN,0
125,109,2,2,1,0,NaN,NaN,NaN,NaN,NaN,0,0,NaN,0
125,110,2,2,2,1,272,486,733,360,1093,0,-1,0.648835106,0
125,111,2,2,1,1,183,384,641,288,929,0,1,0.704004451,0
125,112,2,2,1,0,NaN,NaN,NaN,NaN,NaN,0,0,NaN,0
125,113,2,2,2,0,NaN,NaN,NaN,NaN,NaN,0,0,NaN,0
125,114,2,2,1,0,NaN,NaN,NaN,NaN,NaN,0,0,NaN,0
125,115,2,2,2,0,NaN,NaN,NaN,NaN,NaN,0,0,NaN,0
125,116,2,2,2,1,470,682,889,344,1233,0,-3,0.681326144,0
125,117,2,2,2,0,NaN,NaN,NaN,NaN,NaN,0,0,NaN,0
125,118,2,2,2,0,NaN,NaN,NaN,NaN,NaN,0,0,NaN,0
125,119,2,2,1,0,NaN,NaN,NaN,NaN,NaN,0,0,NaN,0
125,120,2,2,1,0,NaN,NaN,NaN,NaN,NaN,0,0,NaN,0
125,121,2,2,2,0,NaN,NaN,NaN,NaN,NaN,0,0,NaN,0
125,122,2,2,2,0,NaN,NaN,NaN,NaN,NaN,0,0,NaN,0
125,123,2,2,2,1,301,506,745,288,1033,0,-5,0.712892569,0
125,124,2,2,2,0,NaN,NaN,NaN,NaN,NaN,0,0,NaN,0
125,125,2,2,1,0,NaN,NaN,NaN,NaN,NaN,0,0,NaN,0
125,126,2,2,2,0,NaN,NaN,NaN,NaN,NaN,0,0,NaN,0
125,127,2,2,1,0,NaN,NaN,NaN,NaN,NaN,0,0,NaN,0
125,128,2,2,2,0,NaN,NaN,NaN,NaN,NaN,0,0,NaN,0
125,129,2,2,2,0,NaN,NaN,NaN,NaN,NaN,0,0,NaN,0
125,130,2,2,1,0,NaN,NaN,NaN,NaN,NaN,0,0,NaN,0
125,131,2,2,2,0,NaN,NaN,NaN,NaN,NaN,0,0,NaN,0
125,132,2,2,1,0,NaN,NaN,NaN,NaN,NaN,0,0,NaN,0
125,133,2,2,1,0,NaN,NaN,NaN,NaN,NaN,0,0,NaN,0
125,134,2,2,2,0,NaN,NaN,NaN,NaN,NaN,0,0,NaN,0
125,135,2,2,1,0,NaN,NaN,NaN,NaN,NaN,0,0,NaN,0
125,136,2,2,2,1,295,530,760,328,1088,0,-11,0.716807568,0
125,137,2,2,1,1,534,781,1047,344,1391,0,1,0.804285051,0
125,138,2,2,1,0,NaN,NaN,NaN,NaN,NaN,0,0,NaN,0
125,139,2,2,2,0,NaN,NaN,NaN,NaN,NaN,0,0,NaN,0
125,140,2,2,2,0,NaN,NaN,NaN,NaN,NaN,0,0,NaN,0
125,141,2,2,1,0,NaN,NaN,NaN,NaN,NaN,0,0,NaN,0
125,142,2,2,1,1,233,450,709,280,989,0,-3,0.729143835,0
125,143,2,2,1,0,NaN,NaN,NaN,NaN,NaN,0,0,NaN,0
125,144,2,2,2,0,NaN,NaN,NaN,NaN,NaN,0,0,NaN,0
125,145,2,2,1,1,240,449,708,272,980,0,-1,0.737404619,0
125,146,2,2,2,0,NaN,NaN,NaN,NaN,NaN,0,0,NaN,0
125,147,2,2,1,0,NaN,NaN,NaN,NaN,NaN,0,0,NaN,0
125,148,2,2,1,0,NaN,NaN,NaN,NaN,NaN,0,0,NaN,0
125,149,2,2,2,1,257,482,721,288,1009,0,-2,0.668429855,0
125,150,2,2,2,1,298,506,751,352,1103,0,1,0.635632012,0
125,151,2,2,1,0,NaN,NaN,NaN,NaN,NaN,0,0,NaN,0
125,152,2,2,2,1,286,486,702,336,1038,0,0,0.62602554,0
125,153,2,2,2,0,NaN,NaN,NaN,NaN,NaN,0,0,NaN,0
125,154,2,2,2,0,NaN,NaN,NaN,NaN,NaN,0,0,NaN,0
125,155,2,2,1,1,358,582,824,312,1136,0,-1,0.758082903,0
125,156,2,2,1,0,NaN,NaN,NaN,NaN,NaN,0,0,NaN,0
125,157,2,2,2,0,NaN,NaN,NaN,NaN,NaN,0,0,NaN,0
125,158,2,2,1,1,300,524,735,360,1095,0,-1,0.687638994,0
125,159,2,2,1,0,NaN,NaN,NaN,NaN,NaN,0,0,NaN,0
125,160,2,2,1,0,NaN,NaN,NaN,NaN,NaN,0,0,NaN,0
