Participant_ID,Trial_ID,Group,Condition,Side,GoNoGo_Response,APAOnsetGo_MethodBeth,APAOnsetGo_MethodGiesbers,APAOnsetGo_MethodJacob,Go_Consecutive_Go_NoGo,NoAPA
1,1,1,1,1,1,NaN,NaN,NaN,0,1
1,2,1,1,1,0,NaN,NaN,NaN,0,0
1,3,1,1,1,1,NaN,NaN,NaN,0,1
1,4,1,1,2,1,202,225,172,1,0
1,5,1,1,1,0,NaN,NaN,NaN,0,0
1,6,1,1,2,1,257,272,241,0,0
1,7,1,1,2,1,277,279,228,1,0
1,8,1,1,1,1,245,260,238,2,0
1,9,1,1,1,1,37,259,234,3,0
1,10,1,1,1,1,349,365,323,4,0
1,11,1,1,1,1,194,209,170,5,0
1,12,1,1,2,1,191,199,173,6,0
1,13,1,1,1,1,234,247,219,7,0
1,14,1,1,2,0,NaN,NaN,NaN,0,0
1,15,1,1,2,1,191,195,116,0,0
1,16,1,1,2,1,216,239,193,1,0
1,17,1,1,1,1,199,236,192,2,0
1,18,1,1,2,1,224,261,161,3,0
1,19,1,1,1,1,222,226,186,4,0
1,20,1,1,2,0,NaN,NaN,NaN,0,0
1,21,1,1,1,1,223,255,189,0,0
1,22,1,1,1,1,183,205,137,1,0
1,23,1,1,1,1,68,297,231,2,0
1,24,1,1,2,1,201,232,195,3,0
1,25,1,1,1,1,240,251,213,4,0
1,26,1,1,1,0,NaN,NaN,NaN,0,0
1,27,1,1,2,1,273,287,242,0,0
1,28,1,1,1,1,234,NaN,171,1,0
1,29,1,1,1,1,310,324,248,2,0
1,30,1,1,1,0,NaN,NaN,NaN,0,0
1,31,1,1,1,0,NaN,NaN,NaN,0,0
1,32,1,1,1,0,NaN,NaN,NaN,0,0
1,33,1,1,2,1,321,337,306,-2,0
1,34,1,1,2,1,260,276,211,1,0
1,35,1,1,2,1,225,249,190,2,0
1,36,1,1,2,0,NaN,NaN,NaN,0,0
1,37,1,1,2,1,237,280,218,0,0
1,38,1,1,2,1,254,269,239,1,0
1,39,1,1,1,0,NaN,NaN,NaN,0,0
1,40,1,1,2,1,253,315,264,0,0
1,41,1,1,2,0,NaN,NaN,NaN,0,0
1,42,1,1,2,1,256,274,224,0,0
1,43,1,1,2,1,256,280,230,1,0
1,44,1,1,1,1,196,243,181,2,0
1,45,1,1,2,0,NaN,NaN,NaN,0,0
1,46,1,1,2,0,NaN,NaN,NaN,0,0
1,47,1,1,2,1,242,259,211,-1,0
1,48,1,1,2,1,244,271,224,1,0
1,49,1,1,1,1,203,224,174,2,0
1,50,1,1,2,1,190,278,215,3,0
1,51,1,1,1,1,110,216,139,4,0
1,52,1,1,2,1,248,259,174,5,0
1,53,1,1,2,1,213,216,186,6,0
1,54,1,1,1,1,216,254,177,7,0
1,55,1,1,2,0,NaN,NaN,NaN,0,0
1,56,1,1,2,1,251,286,214,0,0
1,57,1,1,1,0,NaN,NaN,NaN,0,0
1,58,1,1,1,1,261,304,226,0,0
1,59,1,1,1,1,197,218,166,1,0
1,60,1,1,1,1,191,262,233,2,0
1,61,1,1,1,1,211,230,162,3,0
1,62,1,1,2,1,174,207,171,4,0
1,63,1,1,1,0,NaN,NaN,NaN,0,0
1,64,1,1,1,0,NaN,NaN,NaN,0,0
1,65,1,1,2,1,249,263,215,-1,0
1,66,1,1,1,1,254,322,210,1,0
1,67,1,1,2,1,212,229,222,2,0
1,68,1,1,1,1,215,227,198,3,0
1,69,1,1,1,1,289,317,238,4,0
1,70,1,1,1,0,NaN,NaN,NaN,0,0
1,71,1,1,1,0,NaN,NaN,NaN,0,0
1,72,1,1,2,1,218,235,177,-1,0
1,73,1,1,2,1,240,267,199,1,0
1,74,1,1,2,1,221,245,166,2,0
1,75,1,1,1,1,163,217,174,3,0
1,76,1,1,1,1,237,238,249,4,0
1,77,1,1,2,1,196,210,192,5,0
1,78,1,1,1,1,236,246,194,6,0
1,79,1,1,1,1,226,250,186,7,0
1,80,1,1,1,1,243,245,200,8,0
1,81,1,1,2,0,NaN,NaN,NaN,0,0
1,82,1,1,2,0,NaN,NaN,NaN,0,0
1,83,1,1,1,0,NaN,NaN,NaN,0,0
1,84,1,1,2,0,NaN,NaN,NaN,0,0
1,85,1,1,2,1,264,286,258,-3,0
1,86,1,1,1,1,208,210,177,1,0
1,87,1,1,2,1,246,258,209,2,0
1,88,1,1,1,1,272,318,241,3,0
1,89,1,1,2,1,177,198,173,4,0
1,90,1,1,1,1,208,218,163,5,0
1,91,1,1,1,1,184,227,213,6,0
1,92,1,1,1,0,NaN,NaN,NaN,0,0
1,93,1,1,2,1,266,269,225,0,0
1,94,1,1,1,1,271,284,237,1,0
1,95,1,1,2,1,252,287,229,2,0
1,96,1,1,2,1,248,268,206,3,0
1,97,1,1,2,0,NaN,NaN,NaN,0,0
1,98,1,1,2,1,264,266,274,0,0
1,99,1,1,1,1,241,266,190,1,0
1,100,1,1,2,1,254,266,220,2,0
1,101,1,1,1,1,16,201,118,3,0
1,102,1,1,1,1,NaN,NaN,NaN,4,1
1,103,1,1,2,1,196,NaN,190,5,0
1,104,1,1,2,1,208,230,166,6,0
1,105,1,1,2,1,210,238,192,7,0
1,106,1,1,2,1,255,270,225,8,0
1,107,1,1,2,1,241,264,197,9,0
1,108,1,1,2,0,NaN,NaN,NaN,0,0
1,109,1,1,1,0,NaN,NaN,NaN,0,0
1,110,1,1,1,1,245,277,196,-1,0
1,111,1,1,2,1,176,229,171,1,0
1,112,1,1,1,1,169,199,137,2,0
1,113,1,1,2,1,230,257,226,3,0
1,114,1,1,2,1,308,331,283,4,0
1,115,1,1,1,1,224,245,200,5,0
1,116,1,1,2,0,NaN,NaN,NaN,0,0
1,117,1,1,1,1,398,401,369,0,0
1,118,1,1,1,1,236,275,206,1,0
1,119,1,1,2,0,NaN,NaN,NaN,0,0
1,120,1,1,1,0,NaN,NaN,NaN,0,0
1,121,1,2,1,1,324,327,251,-1,0
1,122,1,2,1,1,110,227,208,1,0
1,123,1,2,2,0,NaN,NaN,NaN,0,0
1,124,1,2,2,0,NaN,NaN,NaN,0,0
1,125,1,2,1,0,NaN,NaN,NaN,0,0
1,126,1,2,2,0,NaN,NaN,NaN,0,0
1,127,1,2,1,0,NaN,NaN,NaN,0,0
1,128,1,2,1,0,NaN,NaN,NaN,0,0
1,129,1,2,1,0,NaN,NaN,NaN,0,0
1,130,1,2,1,0,NaN,NaN,NaN,0,0
1,131,1,2,2,0,NaN,NaN,NaN,0,0
1,132,1,2,1,0,NaN,NaN,NaN,0,0
1,133,1,2,2,0,NaN,NaN,NaN,0,0
1,134,1,2,1,0,NaN,NaN,NaN,0,0
1,135,1,2,1,0,NaN,NaN,NaN,0,0
1,136,1,2,2,0,NaN,NaN,NaN,0,0
1,137,1,2,1,0,NaN,NaN,NaN,0,0
1,138,1,2,1,0,NaN,NaN,NaN,0,0
1,139,1,2,2,0,NaN,NaN,NaN,0,0
1,140,1,2,2,0,NaN,NaN,NaN,0,0
1,141,1,2,2,0,NaN,NaN,NaN,0,0
1,142,1,2,2,1,453,499,431,-18,0
1,143,1,2,1,0,NaN,NaN,NaN,0,0
1,144,1,2,2,0,NaN,NaN,NaN,0,0
1,145,1,2,2,1,439,505,463,-1,0
1,146,1,2,2,0,NaN,NaN,NaN,0,0
1,147,1,2,1,1,227,243,252,0,0
1,148,1,2,1,0,NaN,NaN,NaN,0,0
1,149,1,2,1,1,239,272,192,0,0
1,150,1,2,2,0,NaN,NaN,NaN,0,0
1,151,1,2,2,1,224,239,189,0,0
1,152,1,2,1,1,227,246,189,1,0
1,153,1,2,1,0,NaN,NaN,NaN,0,0
1,154,1,2,2,0,NaN,NaN,NaN,0,0
1,155,1,2,1,0,NaN,NaN,NaN,0,0
1,156,1,2,2,0,NaN,NaN,NaN,0,0
1,157,1,2,1,1,NaN,NaN,NaN,-3,1
1,158,1,2,2,1,228,260,213,1,0
1,159,1,2,1,0,NaN,NaN,NaN,0,0
1,160,1,2,2,0,NaN,NaN,NaN,0,0
1,161,1,2,1,0,NaN,NaN,NaN,0,0
1,162,1,2,1,1,269,270,239,-2,0
1,163,1,2,1,1,232,273,166,1,0
1,164,1,2,2,0,NaN,NaN,NaN,0,0
1,165,1,2,2,0,NaN,NaN,NaN,0,0
1,166,1,2,1,0,NaN,NaN,NaN,0,0
1,167,1,2,1,0,NaN,NaN,NaN,0,0
1,168,1,2,1,0,NaN,NaN,NaN,0,0
1,169,1,2,2,0,NaN,NaN,NaN,0,0
1,170,1,2,2,1,550,551,546,-5,0
1,171,1,2,2,1,236,250,231,1,0
1,172,1,2,2,0,NaN,NaN,NaN,0,0
1,173,1,2,1,0,NaN,NaN,NaN,0,0
1,174,1,2,2,0,NaN,NaN,NaN,0,0
1,175,1,2,2,1,335,336,315,-2,0
1,176,1,2,2,0,NaN,NaN,NaN,0,0
1,177,1,2,2,0,NaN,NaN,NaN,0,0
1,178,1,2,1,0,NaN,NaN,NaN,0,0
1,179,1,2,1,0,NaN,NaN,NaN,0,0
1,180,1,2,2,0,NaN,NaN,NaN,0,0
1,181,1,2,2,0,NaN,NaN,NaN,0,0
1,182,1,2,1,0,NaN,NaN,NaN,0,0
1,183,1,2,2,0,NaN,NaN,NaN,0,0
1,184,1,2,2,0,NaN,NaN,NaN,0,0
1,185,1,2,2,0,NaN,NaN,NaN,0,0
1,186,1,2,1,0,NaN,NaN,NaN,0,0
1,187,1,2,1,0,NaN,NaN,NaN,0,0
1,188,1,2,2,1,264,265,232,-11,0
1,189,1,2,1,0,NaN,NaN,NaN,0,0
1,190,1,2,2,0,NaN,NaN,NaN,0,0
1,191,1,2,1,1,317,343,240,-1,0
1,192,1,2,2,0,NaN,NaN,NaN,0,0
1,193,1,2,1,1,270,272,227,0,0
1,194,1,2,1,0,NaN,NaN,NaN,0,0
1,195,1,2,2,0,NaN,NaN,NaN,0,0
1,196,1,2,2,0,NaN,NaN,NaN,0,0
1,197,1,2,2,0,NaN,NaN,NaN,0,0
1,198,1,2,1,1,265,284,253,-3,0
1,199,1,2,1,0,NaN,NaN,NaN,0,0
1,200,1,2,1,0,NaN,NaN,NaN,0,0
1,201,1,2,1,0,NaN,NaN,NaN,0,0
1,202,1,2,1,0,NaN,NaN,NaN,0,0
1,203,1,2,2,0,NaN,NaN,NaN,0,0
1,204,1,2,1,0,NaN,NaN,NaN,0,0
1,205,1,2,2,1,223,237,219,-5,0
1,206,1,2,2,0,NaN,NaN,NaN,0,0
1,207,1,2,2,0,NaN,NaN,NaN,0,0
1,208,1,2,2,1,295,359,305,-1,0
1,209,1,2,1,1,244,273,206,1,0
1,210,1,2,2,0,NaN,NaN,NaN,0,0
1,211,1,2,2,1,266,268,217,0,0
1,212,1,2,2,0,NaN,NaN,NaN,0,0
1,213,1,2,1,1,279,280,273,0,0
1,214,1,2,1,0,NaN,NaN,NaN,0,0
1,215,1,2,1,0,NaN,NaN,NaN,0,0
1,216,1,2,2,1,250,262,220,-1,0
1,217,1,2,1,0,NaN,NaN,NaN,0,0
1,218,1,2,2,1,387,390,347,0,0
1,219,1,2,1,0,NaN,NaN,NaN,0,0
1,220,1,2,2,0,NaN,NaN,NaN,0,0
1,221,1,2,1,0,NaN,NaN,NaN,0,0
1,222,1,2,1,0,NaN,NaN,NaN,0,0
1,223,1,2,1,1,676,679,659,-3,0
1,224,1,2,2,0,NaN,NaN,NaN,0,0
1,225,1,2,1,0,NaN,NaN,NaN,0,0
1,226,1,2,1,0,NaN,NaN,NaN,0,0
1,227,1,2,2,0,NaN,NaN,NaN,0,0
1,228,1,2,1,1,277,460,437,-3,0
1,229,1,2,2,0,NaN,NaN,NaN,0,0
1,230,1,2,2,0,NaN,NaN,NaN,0,0
1,231,1,2,2,0,NaN,NaN,NaN,0,0
1,232,1,2,1,0,NaN,NaN,NaN,0,0
1,233,1,2,2,0,NaN,NaN,NaN,0,0
1,234,1,2,1,0,NaN,NaN,NaN,0,0
1,235,1,2,1,1,252,268,214,-5,0
1,236,1,2,2,0,NaN,NaN,NaN,0,0
1,237,1,2,1,0,NaN,NaN,NaN,0,0
1,238,1,2,1,0,NaN,NaN,NaN,0,0
1,239,1,2,2,0,NaN,NaN,NaN,0,0
1,240,1,2,2,1,318,320,258,-3,0
2,1,1,1,1,1,NaN,NaN,NaN,0,1
2,2,1,1,1,0,NaN,NaN,NaN,0,0
2,3,1,1,1,1,264,NaN,193,0,0
2,4,1,1,2,1,194,197,145,1,0
2,5,1,1,1,0,NaN,NaN,NaN,0,0
2,6,1,1,2,1,249,265,213,0,0
2,7,1,1,2,1,250,269,189,1,0
2,8,1,1,1,1,203,206,165,2,0
2,9,1,1,1,1,217,243,175,3,0
2,10,1,1,1,1,250,285,161,4,0
2,11,1,1,1,1,241,279,209,5,0
2,12,1,1,2,1,272,NaN,168,6,0
2,13,1,1,1,1,NaN,NaN,NaN,7,1
2,14,1,1,2,0,NaN,NaN,NaN,0,0
2,15,1,1,2,1,NaN,NaN,290,0,0
2,16,1,1,2,1,248,NaN,130,1,0
2,17,1,1,1,1,192,238,202,2,0
2,18,1,1,2,1,225,NaN,236,3,0
2,19,1,1,1,1,NaN,NaN,NaN,4,1
2,20,1,1,2,0,NaN,NaN,NaN,0,0
2,21,1,1,1,1,221,247,174,0,0
2,22,1,1,1,1,205,247,164,1,0
2,23,1,1,1,1,NaN,NaN,NaN,2,1
2,24,1,1,2,1,306,NaN,302,3,0
2,25,1,1,1,1,NaN,NaN,306,4,0
2,26,1,1,1,0,NaN,NaN,NaN,0,0
2,27,1,1,2,1,NaN,NaN,205,0,0
2,28,1,1,1,1,227,NaN,207,1,0
2,29,1,1,1,1,NaN,NaN,NaN,2,1
2,30,1,1,1,0,NaN,NaN,NaN,0,0
2,31,1,1,1,0,NaN,NaN,NaN,0,0
2,32,1,1,1,0,NaN,NaN,NaN,0,0
2,33,1,1,2,1,206,276,167,-2,0
2,34,1,1,2,1,NaN,NaN,195,1,0
2,35,1,1,2,1,217,236,190,2,0
2,36,1,1,2,0,NaN,NaN,NaN,0,0
2,37,1,1,2,1,241,NaN,236,0,0
2,38,1,1,2,1,238,NaN,232,1,0
2,39,1,1,1,0,NaN,NaN,NaN,0,0
2,40,1,1,2,1,310,NaN,306,0,0
2,41,1,1,2,0,NaN,NaN,NaN,0,0
2,42,1,1,2,1,242,289,212,0,0
2,43,1,1,2,1,256,NaN,276,1,0
2,44,1,1,1,1,255,NaN,176,2,0
2,45,1,1,2,0,NaN,NaN,NaN,0,0
2,46,1,1,2,0,NaN,NaN,NaN,0,0
2,47,1,1,2,1,245,267,222,-1,0
2,48,1,1,2,1,261,278,190,1,0
2,49,1,1,1,1,349,NaN,330,2,0
2,50,1,1,2,1,NaN,NaN,296,3,0
2,51,1,1,1,1,302,NaN,238,4,0
2,52,1,1,2,1,310,NaN,253,5,0
2,53,1,1,2,1,285,287,232,6,0
2,54,1,1,1,1,455,NaN,417,7,0
2,55,1,1,2,0,NaN,NaN,NaN,0,0
2,56,1,1,2,1,235,247,201,0,0
2,57,1,1,1,0,NaN,NaN,NaN,0,0
2,58,1,1,1,1,257,276,218,0,0
2,59,1,1,1,1,229,278,239,1,0
2,60,1,1,1,1,206,263,214,2,0
2,61,1,1,1,1,237,271,213,3,0
2,62,1,1,2,1,289,NaN,329,4,0
2,63,1,1,1,0,NaN,NaN,NaN,0,0
2,64,1,1,1,0,NaN,NaN,NaN,0,0
2,65,1,1,2,1,250,270,233,-1,0
2,66,1,1,1,1,218,231,157,1,0
2,67,1,1,2,1,NaN,NaN,139,2,0
2,68,1,1,1,1,179,181,188,3,0
2,69,1,1,1,1,NaN,NaN,211,4,0
2,70,1,1,1,0,NaN,NaN,NaN,0,0
2,71,1,1,1,0,NaN,NaN,NaN,0,0
2,72,1,1,2,1,NaN,NaN,322,-1,0
2,73,1,1,2,1,249,280,211,1,0
2,74,1,1,2,1,242,259,199,2,0
2,75,1,1,1,1,218,270,203,3,0
2,76,1,1,1,1,240,265,214,4,0
2,77,1,1,2,1,NaN,NaN,305,5,0
2,78,1,1,1,1,256,281,239,6,0
2,79,1,1,1,1,217,251,176,7,0
2,80,1,1,1,1,186,217,194,8,0
2,81,1,1,2,0,NaN,NaN,NaN,0,0
2,82,1,1,2,0,NaN,NaN,NaN,0,0
2,83,1,1,1,0,NaN,NaN,NaN,0,0
2,84,1,1,2,0,NaN,NaN,NaN,0,0
2,85,1,1,2,1,256,293,210,-3,0
2,86,1,1,1,1,NaN,NaN,264,1,0
2,87,1,1,2,1,177,NaN,346,2,0
2,88,1,1,1,1,249,262,202,3,0
2,89,1,1,2,1,304,NaN,262,4,0
2,90,1,1,1,1,232,NaN,141,5,0
2,91,1,1,1,1,343,367,304,6,0
2,92,1,1,1,0,NaN,NaN,NaN,0,0
2,93,1,1,2,1,199,200,210,0,0
2,94,1,1,1,1,211,260,166,1,0
2,95,1,1,2,1,NaN,NaN,NaN,2,1
2,96,1,1,2,1,NaN,NaN,NaN,3,1
2,97,1,1,2,0,NaN,NaN,NaN,0,0
2,98,1,1,2,1,270,350,235,0,0
2,99,1,1,1,1,NaN,NaN,370,1,0
2,100,1,1,2,1,NaN,NaN,241,2,0
2,101,1,1,1,1,269,298,194,3,0
2,102,1,1,1,1,224,269,218,4,0
2,103,1,1,2,1,NaN,NaN,NaN,5,1
2,104,1,1,2,1,278,301,200,6,0
2,105,1,1,2,1,342,344,276,7,0
2,106,1,1,2,1,NaN,NaN,NaN,8,1
2,107,1,1,2,1,262,NaN,255,9,0
2,108,1,1,2,0,NaN,NaN,NaN,0,0
2,109,1,1,1,0,NaN,NaN,NaN,0,0
2,110,1,1,1,1,173,243,183,-1,0
2,111,1,1,2,1,262,NaN,225,1,0
2,112,1,1,1,1,NaN,NaN,207,2,0
2,113,1,1,2,1,NaN,NaN,286,3,0
2,114,1,1,2,1,244,265,207,4,0
2,115,1,1,1,1,NaN,NaN,303,5,0
2,116,1,1,2,0,NaN,NaN,NaN,0,0
2,117,1,1,1,1,NaN,NaN,64,0,0
2,118,1,1,1,1,NaN,NaN,NaN,1,1
2,119,1,1,2,0,NaN,NaN,NaN,0,0
2,120,1,1,1,0,NaN,NaN,NaN,0,0
2,121,1,2,1,1,NaN,NaN,266,-1,0
2,122,1,2,1,1,238,251,202,1,0
2,123,1,2,2,0,NaN,NaN,NaN,0,0
2,124,1,2,2,0,NaN,NaN,NaN,0,0
2,125,1,2,1,0,NaN,NaN,NaN,0,0
2,126,1,2,2,0,NaN,NaN,NaN,0,0
2,127,1,2,1,0,NaN,NaN,NaN,0,0
2,128,1,2,1,0,NaN,NaN,NaN,0,0
2,129,1,2,1,0,NaN,NaN,NaN,0,0
2,130,1,2,1,0,NaN,NaN,NaN,0,0
2,131,1,2,2,0,NaN,NaN,NaN,0,0
2,132,1,2,1,0,NaN,NaN,NaN,0,0
2,133,1,2,2,0,NaN,NaN,NaN,0,0
2,134,1,2,1,0,NaN,NaN,NaN,0,0
2,135,1,2,1,0,NaN,NaN,NaN,0,0
2,136,1,2,2,0,NaN,NaN,NaN,0,0
2,137,1,2,1,0,NaN,NaN,NaN,0,0
2,138,1,2,1,0,NaN,NaN,NaN,0,0
2,139,1,2,2,0,NaN,NaN,NaN,0,0
2,140,1,2,2,0,NaN,NaN,NaN,0,0
2,141,1,2,2,0,NaN,NaN,NaN,0,0
2,142,1,2,2,1,285,NaN,384,-18,0
2,143,1,2,1,0,NaN,NaN,NaN,0,0
2,144,1,2,2,0,NaN,NaN,NaN,0,0
2,145,1,2,2,1,249,NaN,258,-1,0
2,146,1,2,2,0,NaN,NaN,NaN,0,0
2,147,1,2,1,1,303,321,275,0,0
2,148,1,2,1,0,NaN,NaN,NaN,0,0
2,149,1,2,1,1,NaN,NaN,NaN,0,1
2,150,1,2,2,0,NaN,NaN,NaN,0,0
2,151,1,2,2,1,NaN,NaN,135,0,0
2,152,1,2,1,1,NaN,NaN,288,1,0
2,153,1,2,1,0,NaN,NaN,NaN,0,0
2,154,1,2,2,0,NaN,NaN,NaN,0,0
2,155,1,2,1,0,NaN,NaN,NaN,0,0
2,156,1,2,2,0,NaN,NaN,NaN,0,0
2,157,1,2,1,1,244,257,205,-3,0
2,158,1,2,2,1,NaN,NaN,309,1,0
2,159,1,2,1,0,NaN,NaN,NaN,0,0
2,160,1,2,2,0,NaN,NaN,NaN,0,0
2,161,1,2,1,0,NaN,NaN,NaN,0,0
2,162,1,2,1,1,273,322,297,-2,0
2,163,1,2,1,1,225,251,208,1,0
2,164,1,2,2,0,NaN,NaN,NaN,0,0
2,165,1,2,2,0,NaN,NaN,NaN,0,0
2,166,1,2,1,0,NaN,NaN,NaN,0,0
2,167,1,2,1,0,NaN,NaN,NaN,0,0
2,168,1,2,1,0,NaN,NaN,NaN,0,0
2,169,1,2,2,0,NaN,NaN,NaN,0,0
2,170,1,2,2,1,350,801,347,-5,0
2,171,1,2,2,1,251,NaN,245,1,0
2,172,1,2,2,0,NaN,NaN,NaN,0,0
2,173,1,2,1,0,NaN,NaN,NaN,0,0
2,174,1,2,2,0,NaN,NaN,NaN,0,0
2,175,1,2,2,1,465,501,447,-2,0
2,176,1,2,2,0,NaN,NaN,NaN,0,0
2,177,1,2,2,0,NaN,NaN,NaN,0,0
2,178,1,2,1,0,NaN,NaN,NaN,0,0
2,179,1,2,1,0,NaN,NaN,NaN,0,0
2,180,1,2,2,0,NaN,NaN,NaN,0,0
2,181,1,2,2,0,NaN,NaN,NaN,0,0
2,182,1,2,1,0,NaN,NaN,NaN,0,0
2,183,1,2,2,0,NaN,NaN,NaN,0,0
2,184,1,2,2,0,NaN,NaN,NaN,0,0
2,185,1,2,2,0,NaN,NaN,NaN,0,0
2,186,1,2,1,0,NaN,NaN,NaN,0,0
2,187,1,2,1,0,NaN,NaN,NaN,0,0
2,188,1,2,2,1,203,453,448,-11,0
2,189,1,2,1,0,NaN,NaN,NaN,0,0
2,190,1,2,2,0,NaN,NaN,NaN,0,0
2,191,1,2,1,1,152,230,207,-1,0
2,192,1,2,2,0,NaN,NaN,NaN,0,0
2,193,1,2,1,1,318,NaN,312,0,0
2,194,1,2,1,0,NaN,NaN,NaN,0,0
2,195,1,2,2,0,NaN,NaN,NaN,0,0
2,196,1,2,2,0,NaN,NaN,NaN,0,0
2,197,1,2,2,0,NaN,NaN,NaN,0,0
2,198,1,2,1,1,229,NaN,224,-3,0
2,199,1,2,1,0,NaN,NaN,NaN,0,0
2,200,1,2,1,0,NaN,NaN,NaN,0,0
2,201,1,2,1,0,NaN,NaN,NaN,0,0
2,202,1,2,1,0,NaN,NaN,NaN,0,0
2,203,1,2,2,0,NaN,NaN,NaN,0,0
2,204,1,2,1,0,NaN,NaN,NaN,0,0
2,205,1,2,2,1,255,291,200,-5,0
2,206,1,2,2,0,NaN,NaN,NaN,0,0
2,207,1,2,2,0,NaN,NaN,NaN,0,0
2,208,1,2,2,1,354,404,308,-1,0
2,209,1,2,1,1,405,427,378,1,0
2,210,1,2,2,0,NaN,NaN,NaN,0,0
2,211,1,2,2,1,212,NaN,208,0,0
2,212,1,2,2,0,NaN,NaN,NaN,0,0
2,213,1,2,1,1,248,NaN,241,0,0
2,214,1,2,1,0,NaN,NaN,NaN,0,0
2,215,1,2,1,0,NaN,NaN,NaN,0,0
2,216,1,2,2,1,NaN,NaN,140,-1,0
2,217,1,2,1,0,NaN,NaN,NaN,0,0
2,218,1,2,2,1,173,234,166,0,0
2,219,1,2,1,0,NaN,NaN,NaN,0,0
2,220,1,2,2,0,NaN,NaN,NaN,0,0
2,221,1,2,1,0,NaN,NaN,NaN,0,0
2,222,1,2,1,0,NaN,NaN,NaN,0,0
2,223,1,2,1,1,249,278,219,-3,0
2,224,1,2,2,0,NaN,NaN,NaN,0,0
2,225,1,2,1,0,NaN,NaN,NaN,0,0
2,226,1,2,1,0,NaN,NaN,NaN,0,0
2,227,1,2,2,0,NaN,NaN,NaN,0,0
2,228,1,2,1,1,467,470,445,-3,0
2,229,1,2,2,0,NaN,NaN,NaN,0,0
2,230,1,2,2,0,NaN,NaN,NaN,0,0
2,231,1,2,2,0,NaN,NaN,NaN,0,0
2,232,1,2,1,0,NaN,NaN,NaN,0,0
2,233,1,2,2,0,NaN,NaN,NaN,0,0
2,234,1,2,1,0,NaN,NaN,NaN,0,0
2,235,1,2,1,1,NaN,NaN,337,-5,0
2,236,1,2,2,0,NaN,NaN,NaN,0,0
2,237,1,2,1,0,NaN,NaN,NaN,0,0
2,238,1,2,1,0,NaN,NaN,NaN,0,0
2,239,1,2,2,0,NaN,NaN,NaN,0,0
2,240,1,2,2,1,259,NaN,214,-3,0
3,1,1,2,1,0,NaN,NaN,NaN,0,0
3,2,1,2,1,1,166,174,114,0,0
3,3,1,2,2,0,NaN,NaN,NaN,0,0
3,4,1,2,1,1,163,196,172,0,0
3,5,1,2,1,1,426,450,365,1,0
3,6,1,2,1,0,NaN,NaN,NaN,0,0
3,7,1,2,1,0,NaN,NaN,NaN,0,0
3,8,1,2,1,0,NaN,NaN,NaN,0,0
3,9,1,2,2,0,NaN,NaN,NaN,0,0
3,10,1,2,1,0,NaN,NaN,NaN,0,0
3,11,1,2,1,1,290,304,266,-4,0
3,12,1,2,2,0,NaN,NaN,NaN,0,0
3,13,1,2,2,0,NaN,NaN,NaN,0,0
3,14,1,2,2,0,NaN,NaN,NaN,0,0
3,15,1,2,2,1,529,542,489,-2,0
3,16,1,2,2,0,NaN,NaN,NaN,0,0
3,17,1,2,1,1,377,381,325,0,0
3,18,1,2,1,0,NaN,NaN,NaN,0,0
3,19,1,2,1,0,NaN,NaN,NaN,0,0
3,20,1,2,1,1,191,205,151,-1,0
3,21,1,2,2,0,NaN,NaN,NaN,0,0
3,22,1,2,2,0,NaN,NaN,NaN,0,0
3,23,1,2,1,0,NaN,NaN,NaN,0,0
3,24,1,2,2,1,427,455,412,-2,0
3,25,1,2,2,0,NaN,NaN,NaN,0,0
3,26,1,2,2,0,NaN,NaN,NaN,0,0
3,27,1,2,1,0,NaN,NaN,NaN,0,0
3,28,1,2,2,0,NaN,NaN,NaN,0,0
3,29,1,2,2,1,408,417,387,-3,0
3,30,1,2,2,0,NaN,NaN,NaN,0,0
3,31,1,2,1,0,NaN,NaN,NaN,0,0
3,32,1,2,2,0,NaN,NaN,NaN,0,0
3,33,1,2,1,0,NaN,NaN,NaN,0,0
3,34,1,2,2,1,185,197,168,-3,0
3,35,1,2,1,0,NaN,NaN,NaN,0,0
3,36,1,2,2,0,NaN,NaN,NaN,0,0
3,37,1,2,2,0,NaN,NaN,NaN,0,0
3,38,1,2,2,0,NaN,NaN,NaN,0,0
3,39,1,2,1,0,NaN,NaN,NaN,0,0
3,40,1,2,1,0,NaN,NaN,NaN,0,0
3,41,1,2,1,0,NaN,NaN,NaN,0,0
3,42,1,2,2,0,NaN,NaN,NaN,0,0
3,43,1,2,2,0,NaN,NaN,NaN,0,0
3,44,1,2,1,0,NaN,NaN,NaN,0,0
3,45,1,2,2,1,400,414,347,-9,0
3,46,1,2,1,0,NaN,NaN,NaN,0,0
3,47,1,2,2,0,NaN,NaN,NaN,0,0
3,48,1,2,2,1,181,183,148,-1,0
3,49,1,2,2,1,366,386,380,1,0
3,50,1,2,2,0,NaN,NaN,NaN,0,0
3,51,1,2,2,0,NaN,NaN,NaN,0,0
3,52,1,2,2,0,NaN,NaN,NaN,0,0
3,53,1,2,1,0,NaN,NaN,NaN,0,0
3,54,1,2,1,1,404,410,369,-3,0
3,55,1,2,2,0,NaN,NaN,NaN,0,0
3,56,1,2,1,0,NaN,NaN,NaN,0,0
3,57,1,2,1,0,NaN,NaN,NaN,0,0
3,58,1,2,1,0,NaN,NaN,NaN,0,0
3,59,1,2,1,1,218,220,162,-3,0
3,60,1,2,1,0,NaN,NaN,NaN,0,0
3,61,1,2,1,1,230,254,217,0,0
3,62,1,2,2,0,NaN,NaN,NaN,0,0
3,63,1,2,2,0,NaN,NaN,NaN,0,0
3,64,1,2,2,1,235,237,217,-1,0
3,65,1,2,1,0,NaN,NaN,NaN,0,0
3,66,1,2,1,0,NaN,NaN,NaN,0,0
3,67,1,2,2,0,NaN,NaN,NaN,0,0
3,68,1,2,2,1,165,191,147,-2,0
3,69,1,2,1,1,482,507,450,1,0
3,70,1,2,2,0,NaN,NaN,NaN,0,0
3,71,1,2,1,0,NaN,NaN,NaN,0,0
3,72,1,2,1,0,NaN,NaN,NaN,0,0
3,73,1,2,1,1,246,285,204,-2,0
3,74,1,2,1,0,NaN,NaN,NaN,0,0
3,75,1,2,2,0,NaN,NaN,NaN,0,0
3,76,1,2,1,0,NaN,NaN,NaN,0,0
3,77,1,2,1,0,NaN,NaN,NaN,0,0
3,78,1,2,2,0,NaN,NaN,NaN,0,0
3,79,1,2,2,0,NaN,NaN,NaN,0,0
3,80,1,2,1,0,NaN,NaN,NaN,0,0
3,81,1,2,2,0,NaN,NaN,NaN,0,0
3,82,1,2,2,1,173,176,143,-7,0
3,83,1,2,2,0,NaN,NaN,NaN,0,0
3,84,1,2,2,0,NaN,NaN,NaN,0,0
3,85,1,2,2,0,NaN,NaN,NaN,0,0
3,86,1,2,1,0,NaN,NaN,NaN,0,0
3,87,1,2,2,1,152,190,147,-3,0
3,88,1,2,1,0,NaN,NaN,NaN,0,0
3,89,1,2,1,1,355,400,324,0,0
3,90,1,2,1,0,NaN,NaN,NaN,0,0
3,91,1,2,1,0,NaN,NaN,NaN,0,0
3,92,1,2,2,0,NaN,NaN,NaN,0,0
3,93,1,2,1,0,NaN,NaN,NaN,0,0
3,94,1,2,1,0,NaN,NaN,NaN,0,0
3,95,1,2,2,1,286,308,297,-4,0
3,96,1,2,1,0,NaN,NaN,NaN,0,0
3,97,1,2,1,1,445,513,456,0,0
3,98,1,2,1,0,NaN,NaN,NaN,0,0
3,99,1,2,2,0,NaN,NaN,NaN,0,0
3,100,1,2,2,0,NaN,NaN,NaN,0,0
3,101,1,2,1,1,481,515,474,-2,0
3,102,1,2,2,0,NaN,NaN,NaN,0,0
3,103,1,2,2,0,NaN,NaN,NaN,0,0
3,104,1,2,2,0,NaN,NaN,NaN,0,0
3,105,1,2,1,0,NaN,NaN,NaN,0,0
3,106,1,2,2,0,NaN,NaN,NaN,0,0
3,107,1,2,2,1,427,447,398,-4,0
3,108,1,2,2,0,NaN,NaN,NaN,0,0
3,109,1,2,1,1,362,382,332,0,0
3,110,1,2,2,0,NaN,NaN,NaN,0,0
3,111,1,2,1,0,NaN,NaN,NaN,0,0
3,112,1,2,1,0,NaN,NaN,NaN,0,0
3,113,1,2,2,0,NaN,NaN,NaN,0,0
3,114,1,2,1,0,NaN,NaN,NaN,0,0
3,115,1,2,2,0,NaN,NaN,NaN,0,0
3,116,1,2,2,0,NaN,NaN,NaN,0,0
3,117,1,2,1,0,NaN,NaN,NaN,0,0
3,118,1,2,1,0,NaN,NaN,NaN,0,0
3,119,1,2,1,1,302,347,267,-8,0
3,120,1,2,2,1,408,438,404,1,0
3,121,1,1,2,0,NaN,NaN,NaN,0,0
3,122,1,1,1,1,NaN,NaN,270,0,0
3,123,1,1,2,1,271,NaN,178,1,0
3,124,1,1,1,1,209,NaN,150,2,0
3,125,1,1,1,1,287,313,208,3,0
3,126,1,1,1,0,NaN,NaN,NaN,0,0
3,127,1,1,2,1,150,NaN,117,0,0
3,128,1,1,1,1,263,357,278,1,0
3,129,1,1,1,1,212,213,185,2,0
3,130,1,1,1,1,249,276,224,3,0
3,131,1,1,1,1,258,273,239,4,0
3,132,1,1,2,1,247,274,189,5,0
3,133,1,1,1,1,216,270,210,6,0
3,134,1,1,1,0,NaN,NaN,NaN,0,0
3,135,1,1,2,1,177,202,145,0,0
3,136,1,1,2,1,467,NaN,423,1,0
3,137,1,1,1,1,296,361,291,2,0
3,138,1,1,2,0,NaN,NaN,NaN,0,0
3,139,1,1,1,0,NaN,NaN,NaN,0,0
3,140,1,1,2,1,217,232,187,-1,0
3,141,1,1,2,1,324,360,318,1,0
3,142,1,1,2,1,184,198,145,2,0
3,143,1,1,2,1,260,273,197,3,0
3,144,1,1,2,1,233,287,200,4,0
3,145,1,1,1,0,NaN,NaN,NaN,0,0
3,146,1,1,1,1,446,477,414,0,0
3,147,1,1,1,0,NaN,NaN,NaN,0,0
3,148,1,1,2,0,NaN,NaN,NaN,0,0
3,149,1,1,1,0,NaN,NaN,NaN,0,0
3,150,1,1,2,1,289,292,267,-2,0
3,151,1,1,2,1,311,328,268,1,0
3,152,1,1,2,1,345,347,318,2,0
3,153,1,1,1,1,244,262,222,3,0
3,154,1,1,1,0,NaN,NaN,NaN,0,0
3,155,1,1,2,1,162,183,136,0,0
3,156,1,1,2,1,190,209,177,1,0
3,157,1,1,2,1,188,201,184,2,0
3,158,1,1,2,0,NaN,NaN,NaN,0,0
3,159,1,1,1,1,476,485,470,0,0
3,160,1,1,1,1,219,247,213,1,0
3,161,1,1,2,1,220,275,215,2,0
3,162,1,1,1,1,261,269,194,3,0
3,163,1,1,1,1,305,307,301,4,0
3,164,1,1,2,1,343,352,316,5,0
3,165,1,1,2,0,NaN,NaN,NaN,0,0
3,166,1,1,2,1,195,271,176,0,0
3,167,1,1,2,1,189,202,170,1,0
3,168,1,1,1,1,178,228,162,2,0
3,169,1,1,1,1,270,272,204,3,0
3,170,1,1,1,1,222,NaN,136,4,0
3,171,1,1,2,1,284,342,242,5,0
3,172,1,1,2,1,268,284,238,6,0
3,173,1,1,1,0,NaN,NaN,NaN,0,0
3,174,1,1,1,1,140,202,118,0,0
3,175,1,1,2,1,187,204,159,1,0
3,176,1,1,1,1,216,245,169,2,0
3,177,1,1,2,0,NaN,NaN,NaN,0,0
3,178,1,1,1,1,224,234,219,0,0
3,179,1,1,2,0,NaN,NaN,NaN,0,0
3,180,1,1,1,1,264,313,209,0,0
3,181,1,1,2,1,235,255,157,1,0
3,182,1,1,1,1,237,250,192,2,0
3,183,1,1,1,0,NaN,NaN,NaN,0,0
3,184,1,1,2,1,277,310,212,0,0
3,185,1,1,2,1,235,287,215,1,0
3,186,1,1,1,1,415,507,340,2,0
3,187,1,1,1,0,NaN,NaN,NaN,0,0
3,188,1,1,1,1,313,327,263,0,0
3,189,1,1,1,1,529,NaN,501,1,0
3,190,1,1,2,1,146,162,155,2,0
3,191,1,1,1,0,NaN,NaN,NaN,0,0
3,192,1,1,2,0,NaN,NaN,NaN,0,0
3,193,1,1,2,0,NaN,NaN,NaN,0,0
3,194,1,1,1,1,304,313,275,-2,0
3,195,1,1,2,0,NaN,NaN,NaN,0,0
3,196,1,1,2,1,366,414,331,0,0
3,197,1,1,1,0,NaN,NaN,NaN,0,0
3,198,1,1,2,1,203,205,157,0,0
3,199,1,1,1,1,211,418,377,1,0
3,200,1,1,1,1,225,229,136,2,0
3,201,1,1,2,0,NaN,NaN,NaN,0,0
3,202,1,1,2,0,NaN,NaN,NaN,0,0
3,203,1,1,2,1,173,214,168,-1,0
3,204,1,1,2,1,86,250,198,1,0
3,205,1,1,1,1,320,344,259,2,0
3,206,1,1,2,1,297,352,283,3,0
3,207,1,1,1,1,240,263,186,4,0
3,208,1,1,2,1,166,167,177,5,0
3,209,1,1,1,1,250,NaN,190,6,0
3,210,1,1,1,0,NaN,NaN,NaN,0,0
3,211,1,1,1,1,201,230,195,0,0
3,212,1,1,2,1,217,241,177,1,0
3,213,1,1,2,1,179,181,148,2,0
3,214,1,1,1,1,410,452,382,3,0
3,215,1,1,1,1,543,574,554,4,0
3,216,1,1,2,1,447,475,421,5,0
3,217,1,1,2,0,NaN,NaN,NaN,0,0
3,218,1,1,2,1,222,292,188,0,0
3,219,1,1,1,1,480,512,475,1,0
3,220,1,1,2,1,175,201,161,2,0
3,221,1,1,2,1,194,207,176,3,0
3,222,1,1,1,1,231,234,210,4,0
3,223,1,1,2,1,225,280,178,5,0
3,224,1,1,1,0,NaN,NaN,NaN,0,0
3,225,1,1,2,1,251,370,319,0,0
3,226,1,1,2,1,335,386,304,1,0
3,227,1,1,2,1,341,367,250,2,0
3,228,1,1,2,1,190,193,145,3,0
3,229,1,1,1,0,NaN,NaN,NaN,0,0
3,230,1,1,1,1,247,260,201,0,0
3,231,1,1,1,0,NaN,NaN,NaN,0,0
3,232,1,1,1,1,267,304,264,0,0
3,233,1,1,1,1,287,NaN,248,1,0
3,234,1,1,1,1,278,297,221,2,0
3,235,1,1,2,1,681,720,647,3,0
3,236,1,1,1,1,202,233,194,4,0
3,237,1,1,1,1,541,553,509,5,0
3,238,1,1,2,1,269,NaN,226,6,0
3,239,1,1,2,0,NaN,NaN,NaN,0,0
3,240,1,1,1,1,227,NaN,176,0,0
4,1,1,1,1,1,270,345,291,0,0
4,2,1,1,2,0,NaN,NaN,NaN,0,0
4,3,1,1,2,0,NaN,NaN,NaN,0,0
4,4,1,1,1,0,NaN,NaN,NaN,0,0
4,5,1,1,2,1,389,NaN,335,-2,0
4,6,1,1,2,1,277,343,288,1,0
4,7,1,1,2,1,275,277,216,2,0
4,8,1,1,1,0,NaN,NaN,NaN,0,0
4,9,1,1,2,1,263,296,225,0,0
4,10,1,1,1,0,NaN,NaN,NaN,0,0
4,11,1,1,1,1,257,268,215,0,0
4,12,1,1,1,1,398,NaN,293,1,0
4,13,1,1,2,1,192,220,201,2,0
4,14,1,1,2,1,220,234,168,3,0
4,15,1,1,2,1,267,279,241,4,0
4,16,1,1,2,1,276,277,230,5,0
4,17,1,1,2,1,347,349,291,6,0
4,18,1,1,1,1,267,NaN,224,7,0
4,19,1,1,2,0,NaN,NaN,NaN,0,0
4,20,1,1,2,1,232,296,207,0,0
4,21,1,1,1,1,193,238,137,1,0
4,22,1,1,1,1,233,267,184,2,0
4,23,1,1,2,0,NaN,NaN,NaN,0,0
4,24,1,1,1,1,283,350,277,0,0
4,25,1,1,2,1,208,229,160,1,0
4,26,1,1,1,1,NaN,NaN,322,2,0
4,27,1,1,2,1,293,314,272,3,0
4,28,1,1,1,1,220,278,217,4,0
4,29,1,1,1,1,261,NaN,214,5,0
4,30,1,1,2,1,309,344,185,6,0
4,31,1,1,1,1,239,305,251,7,0
4,32,1,1,2,0,NaN,NaN,NaN,0,0
4,33,1,1,1,1,NaN,NaN,NaN,0,1
4,34,1,1,1,0,NaN,NaN,NaN,0,0
4,35,1,1,2,1,260,NaN,235,0,0
4,36,1,1,1,1,213,NaN,187,1,0
4,37,1,1,1,0,NaN,NaN,NaN,0,0
4,38,1,1,1,1,298,314,205,0,0
4,39,1,1,2,1,254,279,230,1,0
4,40,1,1,1,1,224,228,137,2,0
4,41,1,1,2,1,216,255,166,3,0
4,42,1,1,2,1,264,286,218,4,0
4,43,1,1,1,1,NaN,NaN,NaN,5,1
4,44,1,1,2,1,NaN,NaN,NaN,6,1
4,45,1,1,1,0,NaN,NaN,NaN,0,0
4,46,1,1,2,1,230,268,195,0,0
4,47,1,1,2,1,387,438,381,1,0
4,48,1,1,1,1,NaN,NaN,NaN,2,1
4,49,1,1,2,1,231,244,181,3,0
4,50,1,1,1,1,248,264,202,4,0
4,51,1,1,1,0,NaN,NaN,NaN,0,0
4,52,1,1,1,0,NaN,NaN,NaN,0,0
4,53,1,1,2,0,NaN,NaN,NaN,0,0
4,54,1,1,2,0,NaN,NaN,NaN,0,0
4,55,1,1,1,1,545,NaN,509,-3,0
4,56,1,1,1,1,154,347,283,1,0
4,57,1,1,1,1,314,377,323,2,0
4,58,1,1,1,1,330,NaN,259,3,0
4,59,1,1,2,1,281,NaN,234,4,0
4,60,1,1,2,1,479,495,423,5,0
4,61,1,1,1,1,434,NaN,250,6,0
4,62,1,1,2,1,237,240,194,7,0
4,63,1,1,2,1,300,325,272,8,0
4,64,1,1,1,1,206,228,154,9,0
4,65,1,1,2,1,290,352,258,10,0
4,66,1,1,1,1,244,NaN,191,11,0
4,67,1,1,2,0,NaN,NaN,NaN,0,0
4,68,1,1,2,1,334,NaN,252,0,0
4,69,1,1,1,1,261,NaN,152,1,0
4,70,1,1,1,1,326,451,369,2,0
4,71,1,1,2,1,213,231,196,3,0
4,72,1,1,2,1,285,NaN,279,4,0
4,73,1,1,2,1,262,263,273,5,0
4,74,1,1,1,1,293,463,215,6,0
4,75,1,1,2,1,295,NaN,257,7,0
4,76,1,1,1,1,255,286,217,8,0
4,77,1,1,2,0,NaN,NaN,NaN,0,0
4,78,1,1,1,0,NaN,NaN,NaN,0,0
4,79,1,1,1,0,NaN,NaN,NaN,0,0
4,80,1,1,2,1,292,350,345,-2,0
4,81,1,1,2,0,NaN,NaN,NaN,0,0
4,82,1,1,1,1,376,418,413,0,0
4,83,1,1,1,1,269,289,218,1,0
4,84,1,1,2,1,249,263,196,2,0
4,85,1,1,2,1,274,307,222,3,0
4,86,1,1,1,1,264,304,267,4,0
4,87,1,1,1,1,NaN,NaN,NaN,5,1
4,88,1,1,1,0,NaN,NaN,NaN,0,0
4,89,1,1,1,1,311,NaN,226,0,0
4,90,1,1,1,0,NaN,NaN,NaN,0,0
4,91,1,1,1,0,NaN,NaN,NaN,0,0
4,92,1,1,1,1,260,284,254,-1,0
4,93,1,1,1,1,244,320,239,1,0
4,94,1,1,2,1,81,264,273,2,0
4,95,1,1,1,1,NaN,NaN,NaN,3,1
4,96,1,1,1,1,379,392,322,4,0
4,97,1,1,1,1,280,281,276,5,0
4,98,1,1,1,1,NaN,NaN,281,6,0
4,99,1,1,2,1,NaN,NaN,138,7,0
4,100,1,1,2,1,281,NaN,229,8,0
4,101,1,1,2,1,238,240,186,9,0
4,102,1,1,2,1,NaN,NaN,NaN,10,1
4,103,1,1,2,0,NaN,NaN,NaN,0,0
4,104,1,1,1,1,NaN,NaN,241,0,0
4,105,1,1,1,1,266,296,198,1,0
4,106,1,1,2,0,NaN,NaN,NaN,0,0
4,107,1,1,2,1,254,NaN,136,0,0
4,108,1,1,2,1,NaN,NaN,177,1,0
4,109,1,1,2,1,310,NaN,148,2,0
4,110,1,1,2,1,212,NaN,210,3,0
4,111,1,1,2,0,NaN,NaN,NaN,0,0
4,112,1,1,2,0,NaN,NaN,NaN,0,0
4,113,1,1,1,0,NaN,NaN,NaN,0,0
4,114,1,1,2,1,NaN,NaN,297,-2,0
4,115,1,1,2,1,537,539,549,1,0
4,116,1,1,1,1,464,477,265,2,0
4,117,1,1,2,1,286,NaN,257,3,0
4,118,1,1,1,0,NaN,NaN,NaN,0,0
4,119,1,1,1,1,276,NaN,237,0,0
4,120,1,1,1,0,NaN,NaN,NaN,0,0
4,121,1,2,2,0,NaN,NaN,NaN,0,0
4,122,1,2,2,0,NaN,NaN,NaN,0,0
4,123,1,2,1,0,NaN,NaN,NaN,0,0
4,124,1,2,1,0,NaN,NaN,NaN,0,0
4,125,1,2,2,1,288,352,212,-4,0
4,126,1,2,2,0,NaN,NaN,NaN,0,0
4,127,1,2,1,0,NaN,NaN,NaN,0,0
4,128,1,2,2,0,NaN,NaN,NaN,0,0
4,129,1,2,2,1,350,351,346,-2,0
4,130,1,2,2,1,370,415,285,1,0
4,131,1,2,1,0,NaN,NaN,NaN,0,0
4,132,1,2,2,0,NaN,NaN,NaN,0,0
4,133,1,2,2,1,375,475,344,-1,0
4,134,1,2,2,1,245,270,210,1,0
4,135,1,2,2,0,NaN,NaN,NaN,0,0
4,136,1,2,2,0,NaN,NaN,NaN,0,0
4,137,1,2,1,0,NaN,NaN,NaN,0,0
4,138,1,2,1,1,307,NaN,280,-2,0
4,139,1,2,1,0,NaN,NaN,NaN,0,0
4,140,1,2,1,0,NaN,NaN,NaN,0,0
4,141,1,2,1,0,NaN,NaN,NaN,0,0
4,142,1,2,2,1,307,338,268,-2,0
4,143,1,2,1,0,NaN,NaN,NaN,0,0
4,144,1,2,2,0,NaN,NaN,NaN,0,0
4,145,1,2,2,0,NaN,NaN,NaN,0,0
4,146,1,2,2,1,396,479,362,-2,0
4,147,1,2,1,0,NaN,NaN,NaN,0,0
4,148,1,2,1,0,NaN,NaN,NaN,0,0
4,149,1,2,2,0,NaN,NaN,NaN,0,0
4,150,1,2,2,0,NaN,NaN,NaN,0,0
4,151,1,2,1,1,411,460,368,-3,0
4,152,1,2,1,0,NaN,NaN,NaN,0,0
4,153,1,2,1,1,345,431,315,0,0
4,154,1,2,1,1,599,NaN,527,1,0
4,155,1,2,1,0,NaN,NaN,NaN,0,0
4,156,1,2,2,0,NaN,NaN,NaN,0,0
4,157,1,2,1,0,NaN,NaN,NaN,0,0
4,158,1,2,2,0,NaN,NaN,NaN,0,0
4,159,1,2,2,0,NaN,NaN,NaN,0,0
4,160,1,2,1,0,NaN,NaN,NaN,0,0
4,161,1,2,1,0,NaN,NaN,NaN,0,0
4,162,1,2,2,0,NaN,NaN,NaN,0,0
4,163,1,2,1,1,381,476,344,-7,0
4,164,1,2,2,0,NaN,NaN,NaN,0,0
4,165,1,2,1,0,NaN,NaN,NaN,0,0
4,166,1,2,1,1,346,347,342,-1,0
4,167,1,2,2,0,NaN,NaN,NaN,0,0
4,168,1,2,2,0,NaN,NaN,NaN,0,0
4,169,1,2,2,0,NaN,NaN,NaN,0,0
4,170,1,2,1,0,NaN,NaN,NaN,0,0
4,171,1,2,2,0,NaN,NaN,NaN,0,0
4,172,1,2,1,0,NaN,NaN,NaN,0,0
4,173,1,2,2,0,NaN,NaN,NaN,0,0
4,174,1,2,1,0,NaN,NaN,NaN,0,0
4,175,1,2,2,0,NaN,NaN,NaN,0,0
4,176,1,2,1,1,490,559,484,-8,0
4,177,1,2,1,0,NaN,NaN,NaN,0,0
4,178,1,2,1,0,NaN,NaN,NaN,0,0
4,179,1,2,2,0,NaN,NaN,NaN,0,0
4,180,1,2,1,1,286,288,229,-2,0
4,181,1,2,2,0,NaN,NaN,NaN,0,0
4,182,1,2,1,0,NaN,NaN,NaN,0,0
4,183,1,2,2,0,NaN,NaN,NaN,0,0
4,184,1,2,1,0,NaN,NaN,NaN,0,0
4,185,1,2,2,1,301,335,261,-3,0
4,186,1,2,1,0,NaN,NaN,NaN,0,0
4,187,1,2,2,0,NaN,NaN,NaN,0,0
4,188,1,2,1,0,NaN,NaN,NaN,0,0
4,189,1,2,2,1,347,NaN,270,-2,0
4,190,1,2,1,0,NaN,NaN,NaN,0,0
4,191,1,2,2,0,NaN,NaN,NaN,0,0
4,192,1,2,1,0,NaN,NaN,NaN,0,0
4,193,1,2,2,0,NaN,NaN,NaN,0,0
4,194,1,2,1,0,NaN,NaN,NaN,0,0
4,195,1,2,1,0,NaN,NaN,NaN,0,0
4,196,1,2,1,0,NaN,NaN,NaN,0,0
4,197,1,2,1,1,396,NaN,334,-6,0
4,198,1,2,1,1,494,NaN,503,1,0
4,199,1,2,1,0,NaN,NaN,NaN,0,0
4,200,1,2,1,0,NaN,NaN,NaN,0,0
4,201,1,2,1,1,345,409,301,-1,0
4,202,1,2,1,1,341,343,353,1,0
4,203,1,2,2,1,286,305,281,2,0
4,204,1,2,1,1,NaN,NaN,171,3,0
4,205,1,2,1,0,NaN,NaN,NaN,0,0
4,206,1,2,1,0,NaN,NaN,NaN,0,0
4,207,1,2,1,1,229,262,204,-1,0
4,208,1,2,2,0,NaN,NaN,NaN,0,0
4,209,1,2,2,0,NaN,NaN,NaN,0,0
4,210,1,2,2,0,NaN,NaN,NaN,0,0
4,211,1,2,2,0,NaN,NaN,NaN,0,0
4,212,1,2,2,0,NaN,NaN,NaN,0,0
4,213,1,2,1,0,NaN,NaN,NaN,0,0
4,214,1,2,2,1,349,NaN,257,-5,0
4,215,1,2,2,0,NaN,NaN,NaN,0,0
4,216,1,2,1,1,329,402,314,0,0
4,217,1,2,2,0,NaN,NaN,NaN,0,0
4,218,1,2,1,0,NaN,NaN,NaN,0,0
4,219,1,2,2,0,NaN,NaN,NaN,0,0
4,220,1,2,1,0,NaN,NaN,NaN,0,0
4,221,1,2,2,0,NaN,NaN,NaN,0,0
4,222,1,2,2,0,NaN,NaN,NaN,0,0
4,223,1,2,1,0,NaN,NaN,NaN,0,0
4,224,1,2,2,0,NaN,NaN,NaN,0,0
4,225,1,2,2,0,NaN,NaN,NaN,0,0
4,226,1,2,1,0,NaN,NaN,NaN,0,0
4,227,1,2,1,0,NaN,NaN,NaN,0,0
4,228,1,2,1,0,NaN,NaN,NaN,0,0
4,229,1,2,2,0,NaN,NaN,NaN,0,0
4,230,1,2,1,0,NaN,NaN,NaN,0,0
4,231,1,2,2,1,322,NaN,316,-13,0
4,232,1,2,2,0,NaN,NaN,NaN,0,0
4,233,1,2,2,0,NaN,NaN,NaN,0,0
4,234,1,2,2,1,NaN,NaN,NaN,-1,1
4,235,1,2,2,0,NaN,NaN,NaN,0,0
4,236,1,2,1,0,NaN,NaN,NaN,0,0
4,237,1,2,1,1,290,319,260,-1,0
4,238,1,2,2,0,NaN,NaN,NaN,0,0
4,239,1,2,2,1,305,344,300,0,0
4,240,1,2,2,0,NaN,NaN,NaN,0,0
5,1,1,2,2,0,NaN,NaN,NaN,0,0
5,2,1,2,1,0,NaN,NaN,NaN,0,0
5,3,1,2,2,0,NaN,NaN,NaN,0,0
5,4,1,2,2,0,NaN,NaN,NaN,0,0
5,5,1,2,1,1,434,437,403,-3,0
5,6,1,2,2,1,277,NaN,224,1,0
5,7,1,2,2,0,NaN,NaN,NaN,0,0
5,8,1,2,1,0,NaN,NaN,NaN,0,0
5,9,1,2,2,0,NaN,NaN,NaN,0,0
5,10,1,2,2,0,NaN,NaN,NaN,0,0
5,11,1,2,1,1,212,257,194,-3,0
5,12,1,2,1,0,NaN,NaN,NaN,0,0
5,13,1,2,1,0,NaN,NaN,NaN,0,0
5,14,1,2,1,0,NaN,NaN,NaN,0,0
5,15,1,2,2,0,NaN,NaN,NaN,0,0
5,16,1,2,1,0,NaN,NaN,NaN,0,0
5,17,1,2,1,0,NaN,NaN,NaN,0,0
5,18,1,2,1,0,NaN,NaN,NaN,0,0
5,19,1,2,2,1,222,302,216,-6,0
5,20,1,2,2,1,327,379,268,1,0
5,21,1,2,2,0,NaN,NaN,NaN,0,0
5,22,1,2,1,1,237,260,196,0,0
5,23,1,2,2,0,NaN,NaN,NaN,0,0
5,24,1,2,1,0,NaN,NaN,NaN,0,0
5,25,1,2,1,0,NaN,NaN,NaN,0,0
5,26,1,2,2,0,NaN,NaN,NaN,0,0
5,27,1,2,1,0,NaN,NaN,NaN,0,0
5,28,1,2,2,0,NaN,NaN,NaN,0,0
5,29,1,2,1,0,NaN,NaN,NaN,0,0
5,30,1,2,2,0,NaN,NaN,NaN,0,0
5,31,1,2,2,0,NaN,NaN,NaN,0,0
5,32,1,2,2,1,129,220,231,-8,0
5,33,1,2,2,0,NaN,NaN,NaN,0,0
5,34,1,2,1,0,NaN,NaN,NaN,0,0
5,35,1,2,1,0,NaN,NaN,NaN,0,0
5,36,1,2,1,1,272,298,247,-2,0
5,37,1,2,1,0,NaN,NaN,NaN,0,0
5,38,1,2,1,0,NaN,NaN,NaN,0,0
5,39,1,2,2,0,NaN,NaN,NaN,0,0
5,40,1,2,2,0,NaN,NaN,NaN,0,0
5,41,1,2,1,0,NaN,NaN,NaN,0,0
5,42,1,2,2,0,NaN,NaN,NaN,0,0
5,43,1,2,2,0,NaN,NaN,NaN,0,0
5,44,1,2,2,0,NaN,NaN,NaN,0,0
5,45,1,2,1,1,288,305,255,-7,0
5,46,1,2,1,1,105,355,349,1,0
5,47,1,2,2,1,303,306,287,2,0
5,48,1,2,1,0,NaN,NaN,NaN,0,0
5,49,1,2,1,1,246,284,212,0,0
5,50,1,2,2,1,334,376,280,1,0
5,51,1,2,2,0,NaN,NaN,NaN,0,0
5,52,1,2,1,0,NaN,NaN,NaN,0,0
5,53,1,2,2,0,NaN,NaN,NaN,0,0
5,54,1,2,1,0,NaN,NaN,NaN,0,0
5,55,1,2,1,0,NaN,NaN,NaN,0,0
5,56,1,2,1,1,107,277,260,-4,0
5,57,1,2,2,1,302,329,288,1,0
5,58,1,2,2,0,NaN,NaN,NaN,0,0
5,59,1,2,1,0,NaN,NaN,NaN,0,0
5,60,1,2,2,0,NaN,NaN,NaN,0,0
5,61,1,2,2,0,NaN,NaN,NaN,0,0
5,62,1,2,2,0,NaN,NaN,NaN,0,0
5,63,1,2,2,0,NaN,NaN,NaN,0,0
5,64,1,2,1,1,317,344,291,-5,0
5,65,1,2,2,1,334,396,368,1,0
5,66,1,2,2,0,NaN,NaN,NaN,0,0
5,67,1,2,2,0,NaN,NaN,NaN,0,0
5,68,1,2,1,0,NaN,NaN,NaN,0,0
5,69,1,2,1,0,NaN,NaN,NaN,0,0
5,70,1,2,1,0,NaN,NaN,NaN,0,0
5,71,1,2,1,0,NaN,NaN,NaN,0,0
5,72,1,2,1,0,NaN,NaN,NaN,0,0
5,73,1,2,2,0,NaN,NaN,NaN,0,0
5,74,1,2,2,0,NaN,NaN,NaN,0,0
5,75,1,2,2,1,278,292,239,-8,0
5,76,1,2,1,0,NaN,NaN,NaN,0,0
5,77,1,2,2,0,NaN,NaN,NaN,0,0
5,78,1,2,1,1,253,279,214,-1,0
5,79,1,2,1,0,NaN,NaN,NaN,0,0
5,80,1,2,1,0,NaN,NaN,NaN,0,0
5,81,1,2,1,0,NaN,NaN,NaN,0,0
5,82,1,2,2,1,402,427,376,-2,0
5,83,1,2,1,0,NaN,NaN,NaN,0,0
5,84,1,2,2,0,NaN,NaN,NaN,0,0
5,85,1,2,1,1,323,328,276,-1,0
5,86,1,2,1,0,NaN,NaN,NaN,0,0
5,87,1,2,2,0,NaN,NaN,NaN,0,0
5,88,1,2,2,0,NaN,NaN,NaN,0,0
5,89,1,2,1,0,NaN,NaN,NaN,0,0
5,90,1,2,1,0,NaN,NaN,NaN,0,0
5,91,1,2,1,0,NaN,NaN,NaN,0,0
5,92,1,2,2,0,NaN,NaN,NaN,0,0
5,93,1,2,1,0,NaN,NaN,NaN,0,0
5,94,1,2,2,1,257,258,240,-7,0
5,95,1,2,2,0,NaN,NaN,NaN,0,0
5,96,1,2,2,0,NaN,NaN,NaN,0,0
5,97,1,2,1,1,294,345,290,-1,0
5,98,1,2,2,1,308,333,255,1,0
5,99,1,2,1,0,NaN,NaN,NaN,0,0
5,100,1,2,2,1,496,497,218,0,0
5,101,1,2,1,1,212,216,166,1,0
5,102,1,2,2,0,NaN,NaN,NaN,0,0
5,103,1,2,1,0,NaN,NaN,NaN,0,0
5,104,1,2,1,0,NaN,NaN,NaN,0,0
5,105,1,2,1,1,232,235,204,-2,0
5,106,1,2,1,1,181,215,193,1,0
5,107,1,2,2,0,NaN,NaN,NaN,0,0
5,108,1,2,1,0,NaN,NaN,NaN,0,0
5,109,1,2,2,0,NaN,NaN,NaN,0,0
5,110,1,2,2,0,NaN,NaN,NaN,0,0
5,111,1,2,2,0,NaN,NaN,NaN,0,0
5,112,1,2,2,0,NaN,NaN,NaN,0,0
5,113,1,2,2,1,218,232,202,-5,0
5,114,1,2,1,1,277,327,252,1,0
5,115,1,2,1,0,NaN,NaN,NaN,0,0
5,116,1,2,2,0,NaN,NaN,NaN,0,0
5,117,1,2,1,0,NaN,NaN,NaN,0,0
5,118,1,2,1,0,NaN,NaN,NaN,0,0
5,119,1,2,2,0,NaN,NaN,NaN,0,0
5,120,1,2,2,0,NaN,NaN,NaN,0,0
5,121,1,1,2,1,259,280,225,-5,0
5,122,1,1,2,1,190,208,170,1,0
5,123,1,1,2,1,268,278,233,2,0
5,124,1,1,2,1,259,302,253,3,0
5,125,1,1,2,0,NaN,NaN,NaN,0,0
5,126,1,1,1,1,224,225,233,0,0
5,127,1,1,1,0,NaN,NaN,NaN,0,0
5,128,1,1,2,1,172,174,167,0,0
5,129,1,1,2,0,NaN,NaN,NaN,0,0
5,130,1,1,2,0,NaN,NaN,NaN,0,0
5,131,1,1,1,1,66,295,187,-1,0
5,132,1,1,2,0,NaN,NaN,NaN,0,0
5,133,1,1,1,1,194,250,191,0,0
5,134,1,1,1,0,NaN,NaN,NaN,0,0
5,135,1,1,2,1,277,306,232,0,0
5,136,1,1,1,0,NaN,NaN,NaN,0,0
5,137,1,1,2,0,NaN,NaN,NaN,0,0
5,138,1,1,1,1,233,270,206,-1,0
5,139,1,1,2,1,301,332,244,1,0
5,140,1,1,1,1,221,233,197,2,0
5,141,1,1,1,1,211,239,187,3,0
5,142,1,1,2,1,306,309,267,4,0
5,143,1,1,1,1,203,235,216,5,0
5,144,1,1,1,1,47,330,296,6,0
5,145,1,1,2,1,268,287,205,7,0
5,146,1,1,1,1,215,233,200,8,0
5,147,1,1,1,1,231,245,184,9,0
5,148,1,1,1,1,214,224,193,10,0
5,149,1,1,1,0,NaN,NaN,NaN,0,0
5,150,1,1,2,1,197,219,156,0,0
5,151,1,1,1,1,58,NaN,65,1,0
5,152,1,1,1,0,NaN,NaN,NaN,0,0
5,153,1,1,1,0,NaN,NaN,NaN,0,0
5,154,1,1,1,0,NaN,NaN,NaN,0,0
5,155,1,1,2,1,274,294,219,-2,0
5,156,1,1,1,1,271,288,234,1,0
5,157,1,1,2,1,190,244,202,2,0
5,158,1,1,1,1,237,240,186,3,0
5,159,1,1,2,1,NaN,NaN,190,4,0
5,160,1,1,1,1,277,NaN,229,5,0
5,161,1,1,2,0,NaN,NaN,NaN,0,0
5,162,1,1,1,1,202,248,222,0,0
5,163,1,1,2,1,208,227,203,1,0
5,164,1,1,2,1,226,239,167,2,0
5,165,1,1,2,1,264,290,228,3,0
5,166,1,1,1,1,209,212,183,4,0
5,167,1,1,2,1,258,278,231,5,0
5,168,1,1,2,1,268,307,208,6,0
5,169,1,1,1,0,NaN,NaN,NaN,0,0
5,170,1,1,1,1,268,289,258,0,0
5,171,1,1,1,1,194,246,205,1,0
5,172,1,1,2,1,233,235,190,2,0
5,173,1,1,1,1,282,308,260,3,0
5,174,1,1,2,0,NaN,NaN,NaN,0,0
5,175,1,1,2,1,235,249,215,0,0
5,176,1,1,1,1,223,239,206,1,0
5,177,1,1,2,1,242,309,236,2,0
5,178,1,1,1,1,224,255,218,3,0
5,179,1,1,2,1,209,238,183,4,0
5,180,1,1,2,1,294,332,257,5,0
5,181,1,1,1,1,182,191,155,6,0
5,182,1,1,1,1,219,221,179,7,0
5,183,1,1,1,1,213,240,150,8,0
5,184,1,1,2,1,217,235,150,9,0
5,185,1,1,2,1,232,269,157,10,0
5,186,1,1,2,1,248,NaN,164,11,0
5,187,1,1,2,1,307,323,251,12,0
5,188,1,1,2,1,154,170,139,13,0
5,189,1,1,2,1,285,298,247,14,0
5,190,1,1,2,0,NaN,NaN,NaN,0,0
5,191,1,1,1,1,NaN,NaN,NaN,0,1
5,192,1,1,2,0,NaN,NaN,NaN,0,0
5,193,1,1,2,1,258,291,218,0,0
5,194,1,1,1,1,200,231,195,1,0
5,195,1,1,2,1,275,334,269,2,0
5,196,1,1,1,1,200,224,165,3,0
5,197,1,1,1,1,212,NaN,206,4,0
5,198,1,1,1,0,NaN,NaN,NaN,0,0
5,199,1,1,2,1,217,229,186,0,0
5,200,1,1,1,0,NaN,NaN,NaN,0,0
5,201,1,1,2,1,193,221,150,0,0
5,202,1,1,2,0,NaN,NaN,NaN,0,0
5,203,1,1,2,1,193,231,175,0,0
5,204,1,1,1,1,256,272,206,1,0
5,205,1,1,1,1,NaN,NaN,162,2,0
5,206,1,1,2,0,NaN,NaN,NaN,0,0
5,207,1,1,2,0,NaN,NaN,NaN,0,0
5,208,1,1,1,1,274,276,259,-1,0
5,209,1,1,2,1,231,243,199,1,0
5,210,1,1,2,1,340,377,294,2,0
5,211,1,1,2,1,263,283,234,3,0
5,212,1,1,1,1,63,65,144,4,0
5,213,1,1,2,1,195,205,190,5,0
5,214,1,1,1,1,230,252,224,6,0
5,215,1,1,1,1,256,289,245,7,0
5,216,1,1,2,1,239,268,215,8,0
5,217,1,1,2,1,212,273,223,9,0
5,218,1,1,1,0,NaN,NaN,NaN,0,0
5,219,1,1,2,1,315,330,258,0,0
5,220,1,1,1,1,280,304,274,1,0
5,221,1,1,2,1,190,202,162,2,0
5,222,1,1,2,0,NaN,NaN,NaN,0,0
5,223,1,1,2,1,190,245,229,0,0
5,224,1,1,2,1,329,333,315,1,0
5,225,1,1,1,1,316,384,351,2,0
5,226,1,1,1,1,231,272,209,3,0
5,227,1,1,1,0,NaN,NaN,NaN,0,0
5,228,1,1,1,0,NaN,NaN,NaN,0,0
5,229,1,1,1,1,211,214,176,-1,0
5,230,1,1,1,1,256,272,208,1,0
5,231,1,1,2,1,232,262,207,2,0
5,232,1,1,2,1,230,265,191,3,0
5,233,1,1,1,1,201,229,181,4,0
5,234,1,1,1,1,228,256,180,5,0
5,235,1,1,1,0,NaN,NaN,NaN,0,0
5,236,1,1,1,1,310,326,272,0,0
5,237,1,1,1,0,NaN,NaN,NaN,0,0
5,238,1,1,2,0,NaN,NaN,NaN,0,0
5,239,1,1,1,1,230,231,192,-1,0
5,240,1,1,1,0,NaN,NaN,NaN,0,0
6,1,1,1,1,0,NaN,NaN,NaN,0,0
6,2,1,1,1,1,269,286,262,0,0
6,3,1,1,1,0,NaN,NaN,NaN,0,0
6,4,1,1,1,1,235,239,213,0,0
6,5,1,1,2,1,341,369,322,1,0
6,6,1,1,2,1,410,425,367,2,0
6,7,1,1,1,1,231,374,183,3,0
6,8,1,1,2,1,175,337,288,4,0
6,9,1,1,2,1,320,335,295,5,0
6,10,1,1,1,1,323,325,318,6,0
6,11,1,1,1,0,NaN,NaN,NaN,0,0
6,12,1,1,2,1,228,230,213,0,0
6,13,1,1,2,1,228,260,172,1,0
6,14,1,1,1,1,383,NaN,319,2,0
6,15,1,1,2,1,272,301,247,3,0
6,16,1,1,1,0,NaN,NaN,NaN,0,0
6,17,1,1,1,1,400,459,394,0,0
6,18,1,1,1,1,267,330,198,1,0
6,19,1,1,2,1,107,192,NaN,2,1
6,20,1,1,2,1,271,273,207,3,0
6,21,1,1,2,1,206,220,187,4,0
6,22,1,1,1,1,282,320,256,5,0
6,23,1,1,2,1,214,376,345,6,0
6,24,1,1,1,1,248,NaN,209,7,0
6,25,1,1,2,1,235,253,229,8,0
6,26,1,1,1,1,288,311,274,9,0
6,27,1,1,1,1,199,215,234,10,0
6,28,1,1,2,1,470,472,423,11,0
6,29,1,1,1,1,232,288,227,12,0
6,30,1,1,2,1,523,NaN,517,13,0
6,31,1,1,2,1,239,242,181,14,0
6,32,1,1,1,1,224,275,219,15,0
6,33,1,1,1,1,247,272,210,16,0
6,34,1,1,1,0,NaN,NaN,NaN,0,0
6,35,1,1,2,1,263,268,182,0,0
6,36,1,1,2,1,236,272,221,1,0
6,37,1,1,1,1,320,362,280,2,0
6,38,1,1,2,0,NaN,NaN,NaN,0,0
6,39,1,1,1,0,NaN,NaN,NaN,0,0
6,40,1,1,1,1,281,446,396,-1,0
6,41,1,1,2,0,NaN,NaN,NaN,0,0
6,42,1,1,2,0,NaN,NaN,NaN,0,0
6,43,1,1,1,1,376,413,385,-1,0
6,44,1,1,1,0,NaN,NaN,NaN,0,0
6,45,1,1,1,1,253,311,264,0,0
6,46,1,1,2,0,NaN,NaN,NaN,0,0
6,47,1,1,1,1,322,377,218,0,0
6,48,1,1,1,1,467,NaN,462,1,0
6,49,1,1,2,1,289,292,218,2,0
6,50,1,1,2,0,NaN,NaN,NaN,0,0
6,51,1,1,2,1,261,322,242,0,0
6,52,1,1,2,1,247,261,230,1,0
6,53,1,1,2,0,NaN,NaN,NaN,0,0
6,54,1,1,2,1,220,239,165,0,0
6,55,1,1,2,1,299,313,274,1,0
6,56,1,1,1,1,262,264,248,2,0
6,57,1,1,2,1,232,256,187,3,0
6,58,1,1,2,0,NaN,NaN,NaN,0,0
6,59,1,1,1,1,232,247,200,0,0
6,60,1,1,1,0,NaN,NaN,NaN,0,0
6,61,1,1,1,1,197,209,144,0,0
6,62,1,1,1,0,NaN,NaN,NaN,0,0
6,63,1,1,1,1,255,266,225,0,0
6,64,1,1,1,0,NaN,NaN,NaN,0,0
6,65,1,1,2,1,283,NaN,292,0,0
6,66,1,1,2,1,462,477,472,1,0
6,67,1,1,1,1,287,396,281,2,0
6,68,1,1,2,1,341,NaN,274,3,0
6,69,1,1,1,0,NaN,NaN,NaN,0,0
6,70,1,1,2,1,NaN,NaN,244,0,0
6,71,1,1,1,1,273,NaN,240,1,0
6,72,1,1,1,1,228,324,223,2,0
6,73,1,1,1,1,216,232,198,3,0
6,74,1,1,2,1,207,241,166,4,0
6,75,1,1,1,1,263,NaN,159,5,0
6,76,1,1,2,0,NaN,NaN,NaN,0,0
6,77,1,1,1,1,282,297,237,0,0
6,78,1,1,2,1,263,287,247,1,0
6,79,1,1,1,1,171,226,150,2,0
6,80,1,1,2,0,NaN,NaN,NaN,0,0
6,81,1,1,2,1,292,317,251,0,0
6,82,1,1,1,1,240,272,216,1,0
6,83,1,1,2,1,328,344,310,2,0
6,84,1,1,2,0,NaN,NaN,NaN,0,0
6,85,1,1,2,1,179,236,244,0,0
6,86,1,1,2,1,807,858,645,1,0
6,87,1,1,2,1,419,430,311,2,0
6,88,1,1,1,1,187,224,129,3,0
6,89,1,1,1,1,277,NaN,211,4,0
6,90,1,1,2,0,NaN,NaN,NaN,0,0
6,91,1,1,2,1,631,644,522,0,0
6,92,1,1,1,0,NaN,NaN,NaN,0,0
6,93,1,1,2,0,NaN,NaN,NaN,0,0
6,94,1,1,1,1,42,372,322,-1,0
6,95,1,1,1,1,247,270,215,1,0
6,96,1,1,1,0,NaN,NaN,NaN,0,0
6,97,1,1,1,0,NaN,NaN,NaN,0,0
6,98,1,1,2,1,251,301,204,-1,0
6,99,1,1,2,0,NaN,NaN,NaN,0,0
6,100,1,1,1,1,20,33,NaN,0,1
6,101,1,1,2,1,234,247,203,1,0
6,102,1,1,2,1,NaN,NaN,239,2,0
6,103,1,1,1,1,266,284,245,3,0
6,104,1,1,2,1,629,NaN,150,4,0
6,105,1,1,1,1,268,NaN,160,5,0
6,106,1,1,2,1,223,NaN,159,6,0
6,107,1,1,2,1,273,325,230,7,0
6,108,1,1,1,1,NaN,NaN,134,8,0
6,109,1,1,2,0,NaN,NaN,NaN,0,0
6,110,1,1,1,1,257,NaN,217,0,0
6,111,1,1,1,1,351,391,322,1,0
6,112,1,1,1,1,238,270,201,2,0
6,113,1,1,2,1,277,302,240,3,0
6,114,1,1,2,1,167,362,344,4,0
6,115,1,1,1,0,NaN,NaN,NaN,0,0
6,116,1,1,1,1,257,275,230,0,0
6,117,1,1,2,1,NaN,NaN,231,1,0
6,118,1,1,2,1,250,NaN,208,2,0
6,119,1,1,2,1,247,269,219,3,0
6,120,1,1,1,0,NaN,NaN,NaN,0,0
6,121,1,2,2,0,NaN,NaN,NaN,0,0
6,122,1,2,2,0,NaN,NaN,NaN,0,0
6,123,1,2,2,0,NaN,NaN,NaN,0,0
6,124,1,2,2,0,NaN,NaN,NaN,0,0
6,125,1,2,1,0,NaN,NaN,NaN,0,0
6,126,1,2,1,1,248,463,447,-5,0
6,127,1,2,2,0,NaN,NaN,NaN,0,0
6,128,1,2,1,0,NaN,NaN,NaN,0,0
6,129,1,2,1,1,481,496,453,-1,0
6,130,1,2,1,0,NaN,NaN,NaN,0,0
6,131,1,2,1,1,313,341,245,0,0
6,132,1,2,2,1,282,NaN,218,1,0
6,133,1,2,1,0,NaN,NaN,NaN,0,0
6,134,1,2,2,0,NaN,NaN,NaN,0,0
6,135,1,2,2,0,NaN,NaN,NaN,0,0
6,136,1,2,2,1,193,220,162,-2,0
6,137,1,2,2,1,264,NaN,260,1,0
6,138,1,2,1,0,NaN,NaN,NaN,0,0
6,139,1,2,2,0,NaN,NaN,NaN,0,0
6,140,1,2,2,1,382,NaN,313,-1,0
6,141,1,2,1,0,NaN,NaN,NaN,0,0
6,142,1,2,1,0,NaN,NaN,NaN,0,0
6,143,1,2,1,1,260,285,228,-1,0
6,144,1,2,2,1,183,221,164,1,0
6,145,1,2,2,1,252,282,223,2,0
6,146,1,2,1,0,NaN,NaN,NaN,0,0
6,147,1,2,2,0,NaN,NaN,NaN,0,0
6,148,1,2,1,0,NaN,NaN,NaN,0,0
6,149,1,2,2,0,NaN,NaN,NaN,0,0
6,150,1,2,2,1,310,NaN,235,-3,0
6,151,1,2,1,1,389,403,357,1,0
6,152,1,2,2,0,NaN,NaN,NaN,0,0
6,153,1,2,1,0,NaN,NaN,NaN,0,0
6,154,1,2,1,0,NaN,NaN,NaN,0,0
6,155,1,2,2,0,NaN,NaN,NaN,0,0
6,156,1,2,2,0,NaN,NaN,NaN,0,0
6,157,1,2,2,0,NaN,NaN,NaN,0,0
6,158,1,2,1,0,NaN,NaN,NaN,0,0
6,159,1,2,2,0,NaN,NaN,NaN,0,0
6,160,1,2,2,0,NaN,NaN,NaN,0,0
6,161,1,2,1,1,1202,1218,1165,-8,0
6,162,1,2,1,0,NaN,NaN,NaN,0,0
6,163,1,2,1,0,NaN,NaN,NaN,0,0
6,164,1,2,2,0,NaN,NaN,NaN,0,0
6,165,1,2,2,0,NaN,NaN,NaN,0,0
6,166,1,2,2,0,NaN,NaN,NaN,0,0
6,167,1,2,1,0,NaN,NaN,NaN,0,0
6,168,1,2,1,0,NaN,NaN,NaN,0,0
6,169,1,2,1,0,NaN,NaN,NaN,0,0
6,170,1,2,1,0,NaN,NaN,NaN,0,0
6,171,1,2,1,0,NaN,NaN,NaN,0,0
6,172,1,2,1,1,805,807,753,-9,0
6,173,1,2,1,0,NaN,NaN,NaN,0,0
6,174,1,2,2,0,NaN,NaN,NaN,0,0
6,175,1,2,2,0,NaN,NaN,NaN,0,0
6,176,1,2,1,0,NaN,NaN,NaN,0,0
6,177,1,2,2,0,NaN,NaN,NaN,0,0
6,178,1,2,2,0,NaN,NaN,NaN,0,0
6,179,1,2,1,1,285,323,259,-5,0
6,180,1,2,1,0,NaN,NaN,NaN,0,0
6,181,1,2,2,1,192,235,185,0,0
6,182,1,2,2,0,NaN,NaN,NaN,0,0
6,183,1,2,2,0,NaN,NaN,NaN,0,0
6,184,1,2,1,0,NaN,NaN,NaN,0,0
6,185,1,2,1,0,NaN,NaN,NaN,0,0
6,186,1,2,2,0,NaN,NaN,NaN,0,0
6,187,1,2,1,0,NaN,NaN,NaN,0,0
6,188,1,2,2,0,NaN,NaN,NaN,0,0
6,189,1,2,1,0,NaN,NaN,NaN,0,0
6,190,1,2,1,1,247,336,257,-7,0
6,191,1,2,1,0,NaN,NaN,NaN,0,0
6,192,1,2,2,0,NaN,NaN,NaN,0,0
6,193,1,2,1,0,NaN,NaN,NaN,0,0
6,194,1,2,1,0,NaN,NaN,NaN,0,0
6,195,1,2,2,0,NaN,NaN,NaN,0,0
6,196,1,2,1,0,NaN,NaN,NaN,0,0
6,197,1,2,1,0,NaN,NaN,NaN,0,0
6,198,1,2,1,0,NaN,NaN,NaN,0,0
6,199,1,2,2,0,NaN,NaN,NaN,0,0
6,200,1,2,2,0,NaN,NaN,NaN,0,0
6,201,1,2,1,0,NaN,NaN,NaN,0,0
6,202,1,2,2,1,202,336,305,-10,0
6,203,1,2,1,0,NaN,NaN,NaN,0,0
6,204,1,2,2,1,253,279,221,0,0
6,205,1,2,2,0,NaN,NaN,NaN,0,0
6,206,1,2,1,0,NaN,NaN,NaN,0,0
6,207,1,2,2,0,NaN,NaN,NaN,0,0
6,208,1,2,1,1,287,300,219,-2,0
6,209,1,2,1,0,NaN,NaN,NaN,0,0
6,210,1,2,2,0,NaN,NaN,NaN,0,0
6,211,1,2,1,0,NaN,NaN,NaN,0,0
6,212,1,2,1,0,NaN,NaN,NaN,0,0
6,213,1,2,2,0,NaN,NaN,NaN,0,0
6,214,1,2,1,1,806,821,746,-4,0
6,215,1,2,2,1,275,277,250,1,0
6,216,1,2,1,0,NaN,NaN,NaN,0,0
6,217,1,2,2,0,NaN,NaN,NaN,0,0
6,218,1,2,2,0,NaN,NaN,NaN,0,0
6,219,1,2,1,1,407,490,364,-2,0
6,220,1,2,1,1,253,310,319,1,0
6,221,1,2,2,0,NaN,NaN,NaN,0,0
6,222,1,2,2,1,334,349,320,0,0
6,223,1,2,2,1,NaN,NaN,236,1,0
6,224,1,2,1,1,248,259,234,2,0
6,225,1,2,2,0,NaN,NaN,NaN,0,0
6,226,1,2,2,1,248,269,242,0,0
6,227,1,2,2,0,NaN,NaN,NaN,0,0
6,228,1,2,2,0,NaN,NaN,NaN,0,0
6,229,1,2,1,0,NaN,NaN,NaN,0,0
6,230,1,2,2,0,NaN,NaN,NaN,0,0
6,231,1,2,1,0,NaN,NaN,NaN,0,0
6,232,1,2,1,1,270,297,239,-4,0
6,233,1,2,1,0,NaN,NaN,NaN,0,0
6,234,1,2,1,1,253,293,207,0,0
6,235,1,2,2,0,NaN,NaN,NaN,0,0
6,236,1,2,1,0,NaN,NaN,NaN,0,0
6,237,1,2,2,0,NaN,NaN,NaN,0,0
6,238,1,2,1,0,NaN,NaN,NaN,0,0
6,239,1,2,2,0,NaN,NaN,NaN,0,0
6,240,1,2,2,0,NaN,NaN,NaN,0,0
7,1,1,2,2,0,NaN,NaN,NaN,0,0
7,2,1,2,1,0,NaN,NaN,NaN,0,0
7,3,1,2,2,0,NaN,NaN,NaN,0,0
7,4,1,2,2,0,NaN,NaN,NaN,0,0
7,5,1,2,1,1,290,302,259,-3,0
7,6,1,2,2,1,392,407,374,1,0
7,7,1,2,2,0,NaN,NaN,NaN,0,0
7,8,1,2,1,0,NaN,NaN,NaN,0,0
7,9,1,2,2,0,NaN,NaN,NaN,0,0
7,10,1,2,2,0,NaN,NaN,NaN,0,0
7,11,1,2,1,1,331,332,327,-3,0
7,12,1,2,1,0,NaN,NaN,NaN,0,0
7,13,1,2,1,0,NaN,NaN,NaN,0,0
7,14,1,2,1,0,NaN,NaN,NaN,0,0
7,15,1,2,2,0,NaN,NaN,NaN,0,0
7,16,1,2,1,0,NaN,NaN,NaN,0,0
7,17,1,2,1,0,NaN,NaN,NaN,0,0
7,18,1,2,1,0,NaN,NaN,NaN,0,0
7,19,1,2,2,1,246,272,219,-6,0
7,20,1,2,2,1,420,443,314,1,0
7,21,1,2,2,0,NaN,NaN,NaN,0,0
7,22,1,2,1,1,293,316,312,0,0
7,23,1,2,2,0,NaN,NaN,NaN,0,0
7,24,1,2,1,0,NaN,NaN,NaN,0,0
7,25,1,2,1,0,NaN,NaN,NaN,0,0
7,26,1,2,2,0,NaN,NaN,NaN,0,0
7,27,1,2,1,0,NaN,NaN,NaN,0,0
7,28,1,2,2,0,NaN,NaN,NaN,0,0
7,29,1,2,1,0,NaN,NaN,NaN,0,0
7,30,1,2,2,0,NaN,NaN,NaN,0,0
7,31,1,2,2,0,NaN,NaN,NaN,0,0
7,32,1,2,2,1,338,340,349,-8,0
7,33,1,2,2,0,NaN,NaN,NaN,0,0
7,34,1,2,1,0,NaN,NaN,NaN,0,0
7,35,1,2,1,0,NaN,NaN,NaN,0,0
7,36,1,2,1,1,465,486,432,-2,0
7,37,1,2,1,0,NaN,NaN,NaN,0,0
7,38,1,2,1,0,NaN,NaN,NaN,0,0
7,39,1,2,2,0,NaN,NaN,NaN,0,0
7,40,1,2,2,0,NaN,NaN,NaN,0,0
7,41,1,2,1,0,NaN,NaN,NaN,0,0
7,42,1,2,2,0,NaN,NaN,NaN,0,0
7,43,1,2,2,0,NaN,NaN,NaN,0,0
7,44,1,2,2,0,NaN,NaN,NaN,0,0
7,45,1,2,1,1,384,431,320,-7,0
7,46,1,2,1,1,357,375,326,1,0
7,47,1,2,2,1,305,326,276,2,0
7,48,1,2,1,0,NaN,NaN,NaN,0,0
7,49,1,2,1,1,247,249,243,0,0
7,50,1,2,2,1,257,268,232,1,0
7,51,1,2,2,0,NaN,NaN,NaN,0,0
7,52,1,2,1,0,NaN,NaN,NaN,0,0
7,53,1,2,2,0,NaN,NaN,NaN,0,0
7,54,1,2,1,0,NaN,NaN,NaN,0,0
7,55,1,2,1,0,NaN,NaN,NaN,0,0
7,56,1,2,1,1,457,469,422,-4,0
7,57,1,2,2,1,331,355,291,1,0
7,58,1,2,2,0,NaN,NaN,NaN,0,0
7,59,1,2,1,0,NaN,NaN,NaN,0,0
7,60,1,2,2,0,NaN,NaN,NaN,0,0
7,61,1,2,2,0,NaN,NaN,NaN,0,0
7,62,1,2,2,0,NaN,NaN,NaN,0,0
7,63,1,2,2,0,NaN,NaN,NaN,0,0
7,64,1,2,1,1,473,485,459,-5,0
7,65,1,2,2,1,457,459,437,1,0
7,66,1,2,2,0,NaN,NaN,NaN,0,0
7,67,1,2,2,0,NaN,NaN,NaN,0,0
7,68,1,2,1,0,NaN,NaN,NaN,0,0
7,69,1,2,1,0,NaN,NaN,NaN,0,0
7,70,1,2,1,0,NaN,NaN,NaN,0,0
7,71,1,2,1,0,NaN,NaN,NaN,0,0
7,72,1,2,1,0,NaN,NaN,NaN,0,0
7,73,1,2,2,0,NaN,NaN,NaN,0,0
7,74,1,2,2,0,NaN,NaN,NaN,0,0
7,75,1,2,2,1,434,437,420,-8,0
7,76,1,2,1,0,NaN,NaN,NaN,0,0
7,77,1,2,2,0,NaN,NaN,NaN,0,0
7,78,1,2,1,1,442,445,410,-1,0
7,79,1,2,1,0,NaN,NaN,NaN,0,0
7,80,1,2,1,0,NaN,NaN,NaN,0,0
7,81,1,2,1,0,NaN,NaN,NaN,0,0
7,82,1,2,2,1,451,464,409,-2,0
7,83,1,2,1,0,NaN,NaN,NaN,0,0
7,84,1,2,2,0,NaN,NaN,NaN,0,0
7,85,1,2,1,1,317,336,282,-1,0
7,86,1,2,1,0,NaN,NaN,NaN,0,0
7,87,1,2,2,0,NaN,NaN,NaN,0,0
7,88,1,2,2,0,NaN,NaN,NaN,0,0
7,89,1,2,1,0,NaN,NaN,NaN,0,0
7,90,1,2,1,0,NaN,NaN,NaN,0,0
7,91,1,2,1,0,NaN,NaN,NaN,0,0
7,92,1,2,2,0,NaN,NaN,NaN,0,0
7,93,1,2,1,0,NaN,NaN,NaN,0,0
7,94,1,2,2,1,400,460,386,-7,0
7,95,1,2,2,0,NaN,NaN,NaN,0,0
7,96,1,2,2,0,NaN,NaN,NaN,0,0
7,97,1,2,1,1,414,427,406,-1,0
7,98,1,2,2,1,318,337,282,1,0
7,99,1,2,1,0,NaN,NaN,NaN,0,0
7,100,1,2,2,1,283,298,234,0,0
7,101,1,2,1,1,278,308,273,1,0
7,102,1,2,2,0,NaN,NaN,NaN,0,0
7,103,1,2,1,0,NaN,NaN,NaN,0,0
7,104,1,2,1,0,NaN,NaN,NaN,0,0
7,105,1,2,1,1,321,323,317,-2,0
7,106,1,2,1,1,256,257,266,1,0
7,107,1,2,2,0,NaN,NaN,NaN,0,0
7,108,1,2,1,0,NaN,NaN,NaN,0,0
7,109,1,2,2,0,NaN,NaN,NaN,0,0
7,110,1,2,2,0,NaN,NaN,NaN,0,0
7,111,1,2,2,0,NaN,NaN,NaN,0,0
7,112,1,2,2,0,NaN,NaN,NaN,0,0
7,113,1,2,2,1,288,NaN,196,-5,0
7,114,1,2,1,1,327,338,305,1,0
7,115,1,2,1,0,NaN,NaN,NaN,0,0
7,116,1,2,2,0,NaN,NaN,NaN,0,0
7,117,1,2,1,0,NaN,NaN,NaN,0,0
7,118,1,2,1,0,NaN,NaN,NaN,0,0
7,119,1,2,2,0,NaN,NaN,NaN,0,0
7,120,1,2,2,0,NaN,NaN,NaN,0,0
7,121,1,1,2,1,293,339,266,-5,0
7,122,1,1,2,1,210,212,176,1,0
7,123,1,1,2,1,184,216,181,2,0
7,124,1,1,2,1,304,327,275,3,0
7,125,1,1,2,0,NaN,NaN,NaN,0,0
7,126,1,1,1,1,277,296,257,0,0
7,127,1,1,1,0,NaN,NaN,NaN,0,0
7,128,1,1,2,1,232,292,228,0,0
7,129,1,1,2,0,NaN,NaN,NaN,0,0
7,130,1,1,2,0,NaN,NaN,NaN,0,0
7,131,1,1,1,1,486,495,481,-1,0
7,132,1,1,2,0,NaN,NaN,NaN,0,0
7,133,1,1,1,1,306,307,284,0,0
7,134,1,1,1,0,NaN,NaN,NaN,0,0
7,135,1,1,2,1,306,322,239,0,0
7,136,1,1,1,0,NaN,NaN,NaN,0,0
7,137,1,1,2,0,NaN,NaN,NaN,0,0
7,138,1,1,1,1,312,332,305,-1,0
7,139,1,1,2,1,277,300,257,1,0
7,140,1,1,1,1,214,296,225,2,0
7,141,1,1,1,1,405,452,413,3,0
7,142,1,1,2,1,279,299,230,4,0
7,143,1,1,1,1,348,368,329,5,0
7,144,1,1,1,1,72,389,362,6,0
7,145,1,1,2,1,261,262,257,7,0
7,146,1,1,1,1,258,278,250,8,0
7,147,1,1,1,1,293,294,274,9,0
7,148,1,1,1,1,140,251,233,10,0
7,149,1,1,1,0,NaN,NaN,NaN,0,0
7,150,1,1,2,1,248,278,218,0,0
7,151,1,1,1,1,56,294,262,1,0
7,152,1,1,1,0,NaN,NaN,NaN,0,0
7,153,1,1,1,0,NaN,NaN,NaN,0,0
7,154,1,1,1,0,NaN,NaN,NaN,0,0
7,155,1,1,2,1,402,560,489,-2,0
7,156,1,1,1,1,260,262,223,1,0
7,157,1,1,2,1,285,333,278,2,0
7,158,1,1,1,1,280,298,254,3,0
7,159,1,1,2,1,173,237,200,4,0
7,160,1,1,1,1,282,299,257,5,0
7,161,1,1,2,0,NaN,NaN,NaN,0,0
7,162,1,1,1,1,346,359,330,0,0
7,163,1,1,2,1,88,313,269,1,0
7,164,1,1,2,1,397,415,394,2,0
7,165,1,1,2,1,235,241,188,3,0
7,166,1,1,1,1,339,353,332,4,0
7,167,1,1,2,1,299,323,273,5,0
7,168,1,1,2,1,234,245,206,6,0
7,169,1,1,1,0,NaN,NaN,NaN,0,0
7,170,1,1,1,1,300,314,254,0,0
7,171,1,1,1,1,295,312,257,1,0
7,172,1,1,2,1,242,276,237,2,0
7,173,1,1,1,1,242,261,226,3,0
7,174,1,1,2,0,NaN,NaN,NaN,0,0
7,175,1,1,2,1,327,340,268,0,0
7,176,1,1,1,1,305,317,272,1,0
7,177,1,1,2,1,252,277,215,2,0
7,178,1,1,1,1,240,261,216,3,0
7,179,1,1,2,1,264,302,229,4,0
7,180,1,1,2,1,393,396,372,5,0
7,181,1,1,1,1,378,385,359,6,0
7,182,1,1,1,1,272,301,242,7,0
7,183,1,1,1,1,258,285,226,8,0
7,184,1,1,2,1,161,200,179,9,0
7,185,1,1,2,1,311,342,336,10,0
7,186,1,1,2,1,227,240,203,11,0
7,187,1,1,2,1,236,249,230,12,0
7,188,1,1,2,1,241,244,199,13,0
7,189,1,1,2,1,172,189,164,14,0
7,190,1,1,2,0,NaN,NaN,NaN,0,0
7,191,1,1,1,1,104,314,252,0,0
7,192,1,1,2,0,NaN,NaN,NaN,0,0
7,193,1,1,2,1,327,346,303,0,0
7,194,1,1,1,1,207,226,190,1,0
7,195,1,1,2,1,190,191,187,2,0
7,196,1,1,1,1,222,236,230,3,0
7,197,1,1,1,1,266,300,229,4,0
7,198,1,1,1,0,NaN,NaN,NaN,0,0
7,199,1,1,2,1,135,235,194,0,0
7,200,1,1,1,0,NaN,NaN,NaN,0,0
7,201,1,1,2,1,255,276,246,0,0
7,202,1,1,2,0,NaN,NaN,NaN,0,0
7,203,1,1,2,1,265,295,237,0,0
7,204,1,1,1,1,231,254,180,1,0
7,205,1,1,1,1,330,332,326,2,0
7,206,1,1,2,0,NaN,NaN,NaN,0,0
7,207,1,1,2,0,NaN,NaN,NaN,0,0
7,208,1,1,1,1,267,303,215,-1,0
7,209,1,1,2,1,276,278,235,1,0
7,210,1,1,2,1,223,236,196,2,0
7,211,1,1,2,1,212,234,193,3,0
7,212,1,1,1,1,155,252,204,4,0
7,213,1,1,2,1,256,279,249,5,0
7,214,1,1,1,1,284,294,241,6,0
7,215,1,1,1,1,319,329,282,7,0
7,216,1,1,2,1,193,196,170,8,0
7,217,1,1,2,1,226,253,235,9,0
7,218,1,1,1,0,NaN,NaN,NaN,0,0
7,219,1,1,2,1,207,NaN,153,0,0
7,220,1,1,1,1,354,368,270,1,0
7,221,1,1,2,1,274,292,220,2,0
7,222,1,1,2,0,NaN,NaN,NaN,0,0
7,223,1,1,2,1,238,246,187,0,0
7,224,1,1,2,1,228,253,197,1,0
7,225,1,1,1,1,270,288,264,2,0
7,226,1,1,1,1,248,268,276,3,0
7,227,1,1,1,0,NaN,NaN,NaN,0,0
7,228,1,1,1,0,NaN,NaN,NaN,0,0
7,229,1,1,1,1,101,201,229,-1,0
7,230,1,1,1,1,242,260,184,1,0
7,231,1,1,2,1,223,252,159,2,0
7,232,1,1,2,1,224,252,207,3,0
7,233,1,1,1,1,216,228,183,4,0
7,234,1,1,1,1,377,392,321,5,0
7,235,1,1,1,0,NaN,NaN,NaN,0,0
7,236,1,1,1,1,321,324,272,0,0
7,237,1,1,1,0,NaN,NaN,NaN,0,0
7,238,1,1,2,0,NaN,NaN,NaN,0,0
7,239,1,1,1,1,260,276,223,-1,0
7,240,1,1,1,0,NaN,NaN,NaN,0,0
8,1,1,1,2,1,51,339,324,0,0
8,2,1,1,1,1,112,149,61,1,0
8,3,1,1,2,0,NaN,NaN,NaN,0,0
8,4,1,1,1,1,187,191,159,0,0
8,5,1,1,2,1,210,223,180,1,0
8,6,1,1,2,1,178,193,131,2,0
8,7,1,1,1,1,248,263,230,3,0
8,8,1,1,1,1,158,181,125,4,0
8,9,1,1,2,1,167,187,139,5,0
8,10,1,1,2,1,195,201,150,6,0
8,11,1,1,1,0,NaN,NaN,NaN,0,0
8,12,1,1,2,1,200,202,160,0,0
8,13,1,1,2,1,186,213,161,1,0
8,14,1,1,1,1,171,189,180,2,0
8,15,1,1,2,1,157,160,122,3,0
8,16,1,1,1,1,165,166,271,4,0
8,17,1,1,1,1,209,228,151,5,0
8,18,1,1,2,0,NaN,NaN,NaN,0,0
8,19,1,1,2,1,207,232,192,0,0
8,20,1,1,1,1,132,138,94,1,0
8,21,1,1,1,1,74,95,72,2,0
8,22,1,1,1,1,156,158,126,3,0
8,23,1,1,1,0,NaN,NaN,NaN,0,0
8,24,1,1,1,1,236,251,208,0,0
8,25,1,1,2,1,175,195,139,1,0
8,26,1,1,1,1,253,266,236,2,0
8,27,1,1,2,1,203,217,165,3,0
8,28,1,1,2,1,215,216,187,4,0
8,29,1,1,1,1,213,226,183,5,0
8,30,1,1,2,1,166,175,150,6,0
8,31,1,1,1,0,NaN,NaN,NaN,0,0
8,32,1,1,1,0,NaN,NaN,NaN,0,0
8,33,1,1,1,0,NaN,NaN,NaN,0,0
8,34,1,1,1,1,181,193,158,-2,0
8,35,1,1,1,1,186,188,144,1,0
8,36,1,1,2,0,NaN,NaN,NaN,0,0
8,37,1,1,1,1,182,185,296,0,0
8,38,1,1,2,1,155,168,140,1,0
8,39,1,1,2,1,74,271,232,2,0
8,40,1,1,1,0,NaN,NaN,NaN,0,0
8,41,1,1,2,0,NaN,NaN,NaN,0,0
8,42,1,1,2,1,138,199,147,-1,0
8,43,1,1,2,0,NaN,NaN,NaN,0,0
8,44,1,1,1,0,NaN,NaN,NaN,0,0
8,45,1,1,2,1,221,237,193,-1,0
8,46,1,1,2,0,NaN,NaN,NaN,0,0
8,47,1,1,1,1,161,163,143,0,0
8,48,1,1,1,1,NaN,NaN,NaN,1,1
8,49,1,1,1,1,NaN,NaN,NaN,2,1
8,50,1,1,2,1,204,213,194,3,0
8,51,1,1,2,0,NaN,NaN,NaN,0,0
8,52,1,1,2,1,160,162,142,0,0
8,53,1,1,2,1,219,223,189,1,0
8,54,1,1,2,1,258,271,241,2,0
8,55,1,1,1,1,311,318,293,3,0
8,56,1,1,1,0,NaN,NaN,NaN,0,0
8,57,1,1,1,1,192,207,162,0,0
8,58,1,1,2,1,143,204,137,1,0
8,59,1,1,2,1,165,170,124,2,0
8,60,1,1,1,1,164,167,139,3,0
8,61,1,1,1,1,152,179,116,4,0
8,62,1,1,1,1,165,168,135,5,0
8,63,1,1,2,1,156,157,131,6,0
8,64,1,1,1,0,NaN,NaN,NaN,0,0
8,65,1,1,2,1,169,189,149,0,0
8,66,1,1,2,1,39,246,189,1,0
8,67,1,1,1,0,NaN,NaN,NaN,0,0
8,68,1,1,2,0,NaN,NaN,NaN,0,0
8,69,1,1,1,1,173,188,150,-1,0
8,70,1,1,1,1,177,191,146,1,0
8,71,1,1,2,1,199,209,183,2,0
8,72,1,1,2,1,171,173,148,3,0
8,73,1,1,2,1,179,181,158,4,0
8,74,1,1,2,1,174,186,147,5,0
8,75,1,1,2,1,184,185,167,6,0
8,76,1,1,2,1,260,274,236,7,0
8,77,1,1,1,0,NaN,NaN,NaN,0,0
8,78,1,1,2,1,188,195,153,0,0
8,79,1,1,1,1,187,189,171,1,0
8,80,1,1,1,1,187,190,157,2,0
8,81,1,1,1,1,156,158,142,3,0
8,82,1,1,1,1,184,200,166,4,0
8,83,1,1,1,1,35,171,123,5,0
8,84,1,1,1,0,NaN,NaN,NaN,0,0
8,85,1,1,2,1,134,210,193,0,0
8,86,1,1,1,1,167,179,149,1,0
8,87,1,1,2,0,NaN,NaN,NaN,0,0
8,88,1,1,1,1,209,214,180,0,0
8,89,1,1,1,1,152,169,127,1,0
8,90,1,1,2,1,167,185,122,2,0
8,91,1,1,2,0,NaN,NaN,NaN,0,0
8,92,1,1,1,1,353,356,336,0,0
8,93,1,1,1,0,NaN,NaN,NaN,0,0
8,94,1,1,2,1,182,203,157,0,0
8,95,1,1,1,1,242,249,165,1,0
8,96,1,1,2,0,NaN,NaN,NaN,0,0
8,97,1,1,1,1,142,156,126,0,0
8,98,1,1,1,1,175,192,171,1,0
8,99,1,1,1,1,155,174,129,2,0
8,100,1,1,2,1,57,136,107,3,0
8,101,1,1,2,1,193,198,157,4,0
8,102,1,1,2,1,263,265,239,5,0
8,103,1,1,1,1,159,160,155,6,0
8,104,1,1,2,1,164,211,172,7,0
8,105,1,1,2,0,NaN,NaN,NaN,0,0
8,106,1,1,1,1,258,261,240,0,0
8,107,1,1,2,1,152,154,131,1,0
8,108,1,1,2,0,NaN,NaN,NaN,0,0
8,109,1,1,1,0,NaN,NaN,NaN,0,0
8,110,1,1,1,1,179,348,294,-1,0
8,111,1,1,2,1,181,182,152,1,0
8,112,1,1,2,1,53,127,99,2,0
8,113,1,1,1,1,162,165,149,3,0
8,114,1,1,1,0,NaN,NaN,NaN,0,0
8,115,1,1,2,1,195,202,159,0,0
8,116,1,1,1,0,NaN,NaN,NaN,0,0
8,117,1,1,2,1,196,270,219,0,0
8,118,1,1,1,1,184,187,156,1,0
8,119,1,1,2,1,192,194,157,2,0
8,120,1,1,2,0,NaN,NaN,NaN,0,0
8,121,1,2,2,0,NaN,NaN,NaN,0,0
8,122,1,2,1,0,NaN,NaN,NaN,0,0
8,123,1,2,1,0,NaN,NaN,NaN,0,0
8,124,1,2,1,1,276,296,257,-3,0
8,125,1,2,1,0,NaN,NaN,NaN,0,0
8,126,1,2,1,0,NaN,NaN,NaN,0,0
8,127,1,2,2,0,NaN,NaN,NaN,0,0
8,128,1,2,2,0,NaN,NaN,NaN,0,0
8,129,1,2,2,0,NaN,NaN,NaN,0,0
8,130,1,2,1,1,225,234,190,-4,0
8,131,1,2,2,0,NaN,NaN,NaN,0,0
8,132,1,2,1,0,NaN,NaN,NaN,0,0
8,133,1,2,2,0,NaN,NaN,NaN,0,0
8,134,1,2,2,0,NaN,NaN,NaN,0,0
8,135,1,2,1,0,NaN,NaN,NaN,0,0
8,136,1,2,2,0,NaN,NaN,NaN,0,0
8,137,1,2,1,0,NaN,NaN,NaN,0,0
8,138,1,2,1,1,62,212,205,-6,0
8,139,1,2,2,0,NaN,NaN,NaN,0,0
8,140,1,2,2,1,478,490,464,0,0
8,141,1,2,1,0,NaN,NaN,NaN,0,0
8,142,1,2,2,0,NaN,NaN,NaN,0,0
8,143,1,2,2,1,211,213,190,-1,0
8,144,1,2,1,0,NaN,NaN,NaN,0,0
8,145,1,2,1,0,NaN,NaN,NaN,0,0
8,146,1,2,2,0,NaN,NaN,NaN,0,0
8,147,1,2,1,0,NaN,NaN,NaN,0,0
8,148,1,2,1,0,NaN,NaN,NaN,0,0
8,149,1,2,1,0,NaN,NaN,NaN,0,0
8,150,1,2,1,0,NaN,NaN,NaN,0,0
8,151,1,2,2,1,301,318,296,-6,0
8,152,1,2,2,0,NaN,NaN,NaN,0,0
8,153,1,2,1,1,177,181,134,0,0
8,154,1,2,1,0,NaN,NaN,NaN,0,0
8,155,1,2,1,0,NaN,NaN,NaN,0,0
8,156,1,2,2,1,184,193,155,-1,0
8,157,1,2,1,0,NaN,NaN,NaN,0,0
8,158,1,2,2,0,NaN,NaN,NaN,0,0
8,159,1,2,1,0,NaN,NaN,NaN,0,0
8,160,1,2,1,0,NaN,NaN,NaN,0,0
8,161,1,2,2,1,276,296,272,-3,0
8,162,1,2,1,1,217,231,187,1,0
8,163,1,2,1,1,182,193,168,2,0
8,164,1,2,1,0,NaN,NaN,NaN,0,0
8,165,1,2,2,0,NaN,NaN,NaN,0,0
8,166,1,2,2,0,NaN,NaN,NaN,0,0
8,167,1,2,2,1,242,249,177,-2,0
8,168,1,2,1,0,NaN,NaN,NaN,0,0
8,169,1,2,2,0,NaN,NaN,NaN,0,0
8,170,1,2,1,0,NaN,NaN,NaN,0,0
8,171,1,2,2,0,NaN,NaN,NaN,0,0
8,172,1,2,2,0,NaN,NaN,NaN,0,0
8,173,1,2,2,0,NaN,NaN,NaN,0,0
8,174,1,2,2,0,NaN,NaN,NaN,0,0
8,175,1,2,1,1,227,230,197,-6,0
8,176,1,2,1,1,187,203,181,1,0
8,177,1,2,2,0,NaN,NaN,NaN,0,0
8,178,1,2,2,0,NaN,NaN,NaN,0,0
8,179,1,2,2,0,NaN,NaN,NaN,0,0
8,180,1,2,2,1,206,208,173,-2,0
8,181,1,2,1,0,NaN,NaN,NaN,0,0
8,182,1,2,2,0,NaN,NaN,NaN,0,0
8,183,1,2,1,1,158,171,143,-1,0
8,184,1,2,2,1,204,219,179,1,0
8,185,1,2,2,1,165,167,135,2,0
8,186,1,2,2,0,NaN,NaN,NaN,0,0
8,187,1,2,2,0,NaN,NaN,NaN,0,0
8,188,1,2,2,0,NaN,NaN,NaN,0,0
8,189,1,2,1,0,NaN,NaN,NaN,0,0
8,190,1,2,1,0,NaN,NaN,NaN,0,0
8,191,1,2,2,0,NaN,NaN,NaN,0,0
8,192,1,2,1,0,NaN,NaN,NaN,0,0
8,193,1,2,1,0,NaN,NaN,NaN,0,0
8,194,1,2,1,1,503,513,454,-7,0
8,195,1,2,2,0,NaN,NaN,NaN,0,0
8,196,1,2,2,0,NaN,NaN,NaN,0,0
8,197,1,2,2,0,NaN,NaN,NaN,0,0
8,198,1,2,2,1,242,249,212,-2,0
8,199,1,2,1,0,NaN,NaN,NaN,0,0
8,200,1,2,1,1,192,204,164,0,0
8,201,1,2,1,1,236,249,209,1,0
8,202,1,2,1,0,NaN,NaN,NaN,0,0
8,203,1,2,2,0,NaN,NaN,NaN,0,0
8,204,1,2,2,0,NaN,NaN,NaN,0,0
8,205,1,2,2,0,NaN,NaN,NaN,0,0
8,206,1,2,1,1,268,282,220,-3,0
8,207,1,2,2,1,199,217,154,1,0
8,208,1,2,1,0,NaN,NaN,NaN,0,0
8,209,1,2,1,1,162,186,155,0,0
8,210,1,2,1,0,NaN,NaN,NaN,0,0
8,211,1,2,2,0,NaN,NaN,NaN,0,0
8,212,1,2,1,0,NaN,NaN,NaN,0,0
8,213,1,2,2,0,NaN,NaN,NaN,0,0
8,214,1,2,2,0,NaN,NaN,NaN,0,0
8,215,1,2,2,1,182,199,158,-4,0
8,216,1,2,2,0,NaN,NaN,NaN,0,0
8,217,1,2,1,0,NaN,NaN,NaN,0,0
8,218,1,2,2,0,NaN,NaN,NaN,0,0
8,219,1,2,1,0,NaN,NaN,NaN,0,0
8,220,1,2,2,0,NaN,NaN,NaN,0,0
8,221,1,2,2,0,NaN,NaN,NaN,0,0
8,222,1,2,1,0,NaN,NaN,NaN,0,0
8,223,1,2,2,1,181,182,170,-6,0
8,224,1,2,1,1,178,196,210,1,0
8,225,1,2,2,0,NaN,NaN,NaN,0,0
8,226,1,2,1,0,NaN,NaN,NaN,0,0
8,227,1,2,2,1,436,440,396,-1,0
8,228,1,2,1,0,NaN,NaN,NaN,0,0
8,229,1,2,2,0,NaN,NaN,NaN,0,0
8,230,1,2,2,0,NaN,NaN,NaN,0,0
8,231,1,2,1,1,238,246,233,-2,0
8,232,1,2,1,0,NaN,NaN,NaN,0,0
8,233,1,2,2,0,NaN,NaN,NaN,0,0
8,234,1,2,1,0,NaN,NaN,NaN,0,0
8,235,1,2,1,0,NaN,NaN,NaN,0,0
8,236,1,2,2,0,NaN,NaN,NaN,0,0
8,237,1,2,1,0,NaN,NaN,NaN,0,0
8,238,1,2,1,0,NaN,NaN,NaN,0,0
8,239,1,2,1,0,NaN,NaN,NaN,0,0
8,240,1,2,1,0,NaN,NaN,NaN,0,0
9,1,1,2,1,1,283,334,248,0,0
9,2,1,2,2,0,NaN,NaN,NaN,0,0
9,3,1,2,1,0,NaN,NaN,NaN,0,0
9,4,1,2,2,0,NaN,NaN,NaN,0,0
9,5,1,2,1,0,NaN,NaN,NaN,0,0
9,6,1,2,2,0,NaN,NaN,NaN,0,0
9,7,1,2,1,1,498,499,507,-4,0
9,8,1,2,2,0,NaN,NaN,NaN,0,0
9,9,1,2,2,0,NaN,NaN,NaN,0,0
9,10,1,2,2,0,NaN,NaN,NaN,0,0
9,11,1,2,1,0,NaN,NaN,NaN,0,0
9,12,1,2,1,0,NaN,NaN,NaN,0,0
9,13,1,2,2,0,NaN,NaN,NaN,0,0
9,14,1,2,1,1,282,395,306,-5,0
9,15,1,2,1,0,NaN,NaN,NaN,0,0
9,16,1,2,1,0,NaN,NaN,NaN,0,0
9,17,1,2,2,1,232,271,191,-1,0
9,18,1,2,2,0,NaN,NaN,NaN,0,0
9,19,1,2,2,0,NaN,NaN,NaN,0,0
9,20,1,2,2,1,57,495,449,-1,0
9,21,1,2,2,0,NaN,NaN,NaN,0,0
9,22,1,2,1,1,238,258,206,0,0
9,23,1,2,1,0,NaN,NaN,NaN,0,0
9,24,1,2,2,0,NaN,NaN,NaN,0,0
9,25,1,2,2,1,239,264,234,-1,0
9,26,1,2,1,0,NaN,NaN,NaN,0,0
9,27,1,2,2,0,NaN,NaN,NaN,0,0
9,28,1,2,2,0,NaN,NaN,NaN,0,0
9,29,1,2,1,0,NaN,NaN,NaN,0,0
9,30,1,2,1,0,NaN,NaN,NaN,0,0
9,31,1,2,2,0,NaN,NaN,NaN,0,0
9,32,1,2,2,0,NaN,NaN,NaN,0,0
9,33,1,2,1,0,NaN,NaN,NaN,0,0
9,34,1,2,2,1,582,595,482,-7,0
9,35,1,2,1,0,NaN,NaN,NaN,0,0
9,36,1,2,1,0,NaN,NaN,NaN,0,0
9,37,1,2,2,0,NaN,NaN,NaN,0,0
9,38,1,2,1,0,NaN,NaN,NaN,0,0
9,39,1,2,1,1,206,208,201,-3,0
9,40,1,2,2,0,NaN,NaN,NaN,0,0
9,41,1,2,2,0,NaN,NaN,NaN,0,0
9,42,1,2,2,0,NaN,NaN,NaN,0,0
9,43,1,2,1,0,NaN,NaN,NaN,0,0
9,44,1,2,1,0,NaN,NaN,NaN,0,0
9,45,1,2,2,1,365,452,375,-4,0
9,46,1,2,1,1,145,261,256,1,0
9,47,1,2,1,0,NaN,NaN,NaN,0,0
9,48,1,2,1,0,NaN,NaN,NaN,0,0
9,49,1,2,2,0,NaN,NaN,NaN,0,0
9,50,1,2,2,1,358,360,337,-2,0
9,51,1,2,1,0,NaN,NaN,NaN,0,0
9,52,1,2,2,0,NaN,NaN,NaN,0,0
9,53,1,2,1,1,303,318,297,-1,0
9,54,1,2,1,1,381,398,303,1,0
9,55,1,2,1,0,NaN,NaN,NaN,0,0
9,56,1,2,2,1,288,313,234,0,0
9,57,1,2,1,0,NaN,NaN,NaN,0,0
9,58,1,2,1,0,NaN,NaN,NaN,0,0
9,59,1,2,2,0,NaN,NaN,NaN,0,0
9,60,1,2,2,0,NaN,NaN,NaN,0,0
9,61,1,2,2,0,NaN,NaN,NaN,0,0
9,62,1,2,2,0,NaN,NaN,NaN,0,0
9,63,1,2,2,1,168,283,208,-5,0
9,64,1,2,2,0,NaN,NaN,NaN,0,0
9,65,1,2,2,0,NaN,NaN,NaN,0,0
9,66,1,2,1,0,NaN,NaN,NaN,0,0
9,67,1,2,2,0,NaN,NaN,NaN,0,0
9,68,1,2,1,1,275,290,240,-3,0
9,69,1,2,1,1,307,340,291,1,0
9,70,1,2,1,0,NaN,NaN,NaN,0,0
9,71,1,2,2,0,NaN,NaN,NaN,0,0
9,72,1,2,2,0,NaN,NaN,NaN,0,0
9,73,1,2,1,0,NaN,NaN,NaN,0,0
9,74,1,2,1,0,NaN,NaN,NaN,0,0
9,75,1,2,2,0,NaN,NaN,NaN,0,0
9,76,1,2,1,0,NaN,NaN,NaN,0,0
9,77,1,2,1,0,NaN,NaN,NaN,0,0
9,78,1,2,1,0,NaN,NaN,NaN,0,0
9,79,1,2,1,0,NaN,NaN,NaN,0,0
9,80,1,2,2,1,332,347,303,-9,0
9,81,1,2,1,0,NaN,NaN,NaN,0,0
9,82,1,2,1,1,267,286,238,0,0
9,83,1,2,2,0,NaN,NaN,NaN,0,0
9,84,1,2,1,0,NaN,NaN,NaN,0,0
9,85,1,2,2,0,NaN,NaN,NaN,0,0
9,86,1,2,2,0,NaN,NaN,NaN,0,0
9,87,1,2,2,0,NaN,NaN,NaN,0,0
9,88,1,2,1,0,NaN,NaN,NaN,0,0
9,89,1,2,2,0,NaN,NaN,NaN,0,0
9,90,1,2,1,0,NaN,NaN,NaN,0,0
9,91,1,2,2,1,296,343,253,-7,0
9,92,1,2,1,1,334,351,345,1,0
9,93,1,2,1,1,269,NaN,232,2,0
9,94,1,2,2,0,NaN,NaN,NaN,0,0
9,95,1,2,2,0,NaN,NaN,NaN,0,0
9,96,1,2,2,1,447,463,406,-1,0
9,97,1,2,1,0,NaN,NaN,NaN,0,0
9,98,1,2,2,1,178,193,188,0,0
9,99,1,2,1,0,NaN,NaN,NaN,0,0
9,100,1,2,1,0,NaN,NaN,NaN,0,0
9,101,1,2,1,0,NaN,NaN,NaN,0,0
9,102,1,2,1,0,NaN,NaN,NaN,0,0
9,103,1,2,1,0,NaN,NaN,NaN,0,0
9,104,1,2,2,1,266,303,232,-4,0
9,105,1,2,2,0,NaN,NaN,NaN,0,0
9,106,1,2,1,0,NaN,NaN,NaN,0,0
9,107,1,2,1,0,NaN,NaN,NaN,0,0
9,108,1,2,2,0,NaN,NaN,NaN,0,0
9,109,1,2,2,0,NaN,NaN,NaN,0,0
9,110,1,2,2,0,NaN,NaN,NaN,0,0
9,111,1,2,1,1,298,300,243,-5,0
9,112,1,2,1,1,153,332,327,1,0
9,113,1,2,2,0,NaN,NaN,NaN,0,0
9,114,1,2,1,0,NaN,NaN,NaN,0,0
9,115,1,2,2,0,NaN,NaN,NaN,0,0
9,116,1,2,2,0,NaN,NaN,NaN,0,0
9,117,1,2,2,0,NaN,NaN,NaN,0,0
9,118,1,2,2,1,543,558,553,-4,0
9,119,1,2,1,1,461,464,432,1,0
9,120,1,2,1,0,NaN,NaN,NaN,0,0
9,121,1,1,1,1,216,228,190,0,0
9,122,1,1,1,1,265,305,244,1,0
9,123,1,1,2,1,273,275,231,2,0
9,124,1,1,2,0,NaN,NaN,NaN,0,0
9,125,1,1,1,1,188,218,184,0,0
9,126,1,1,1,0,NaN,NaN,NaN,0,0
9,127,1,1,2,1,305,321,259,0,0
9,128,1,1,2,0,NaN,NaN,NaN,0,0
9,129,1,1,2,1,69,271,217,0,0
9,130,1,1,1,1,327,366,293,1,0
9,131,1,1,1,0,NaN,NaN,NaN,0,0
9,132,1,1,1,1,407,409,379,0,0
9,133,1,1,1,1,233,248,198,1,0
9,134,1,1,2,1,335,338,310,2,0
9,135,1,1,2,1,252,286,226,3,0
9,136,1,1,2,1,274,290,223,4,0
9,137,1,1,1,1,185,214,155,5,0
9,138,1,1,2,0,NaN,NaN,NaN,0,0
9,139,1,1,1,1,233,289,201,0,0
9,140,1,1,2,1,80,95,338,1,0
9,141,1,1,1,1,292,294,254,2,0
9,142,1,1,2,1,245,247,211,3,0
9,143,1,1,1,1,187,232,166,4,0
9,144,1,1,1,0,NaN,NaN,NaN,0,0
9,145,1,1,2,1,366,368,324,0,0
9,146,1,1,1,1,239,297,206,1,0
9,147,1,1,1,1,250,265,215,2,0
9,148,1,1,2,1,224,248,202,3,0
9,149,1,1,1,1,233,235,229,4,0
9,150,1,1,1,0,NaN,NaN,NaN,0,0
9,151,1,1,2,1,281,284,208,0,0
9,152,1,1,2,0,NaN,NaN,NaN,0,0
9,153,1,1,2,1,218,243,202,0,0
9,154,1,1,2,1,257,258,222,1,0
9,155,1,1,2,1,221,258,216,2,0
9,156,1,1,1,1,257,291,242,3,0
9,157,1,1,2,1,222,223,261,4,0
9,158,1,1,2,1,206,245,175,5,0
9,159,1,1,1,1,291,305,287,6,0
9,160,1,1,2,0,NaN,NaN,NaN,0,0
9,161,1,1,1,1,221,253,193,0,0
9,162,1,1,1,1,270,272,227,1,0
9,163,1,1,2,1,49,50,238,2,0
9,164,1,1,1,0,NaN,NaN,NaN,0,0
9,165,1,1,1,1,233,236,207,0,0
9,166,1,1,1,0,NaN,NaN,NaN,0,0
9,167,1,1,1,1,154,277,244,0,0
9,168,1,1,2,1,335,351,318,1,0
9,169,1,1,1,0,NaN,NaN,NaN,0,0
9,170,1,1,1,1,244,271,193,0,0
9,171,1,1,2,1,261,302,228,1,0
9,172,1,1,2,1,276,292,253,2,0
9,173,1,1,1,1,268,270,238,3,0
9,174,1,1,2,1,258,298,221,4,0
9,175,1,1,2,1,263,266,228,5,0
9,176,1,1,2,1,299,372,311,6,0
9,177,1,1,2,0,NaN,NaN,NaN,0,0
9,178,1,1,2,0,NaN,NaN,NaN,0,0
9,179,1,1,1,0,NaN,NaN,NaN,0,0
9,180,1,1,1,1,232,233,229,-2,0
9,181,1,1,2,0,NaN,NaN,NaN,0,0
9,182,1,1,1,1,246,294,239,0,0
9,183,1,1,2,1,419,488,393,1,0
9,184,1,1,2,1,264,277,241,2,0
9,185,1,1,2,0,NaN,NaN,NaN,0,0
9,186,1,1,1,1,291,304,229,0,0
9,187,1,1,2,0,NaN,NaN,NaN,0,0
9,188,1,1,2,1,441,471,427,0,0
9,189,1,1,1,1,403,429,356,1,0
9,190,1,1,1,1,241,296,236,2,0
9,191,1,1,2,1,251,267,205,3,0
9,192,1,1,2,1,262,264,257,4,0
9,193,1,1,1,1,222,237,186,5,0
9,194,1,1,1,1,252,NaN,224,6,0
9,195,1,1,2,1,241,NaN,203,7,0
9,196,1,1,2,1,322,354,302,8,0
9,197,1,1,2,0,NaN,NaN,NaN,0,0
9,198,1,1,1,1,223,248,175,0,0
9,199,1,1,1,1,301,NaN,244,1,0
9,200,1,1,2,1,319,357,277,2,0
9,201,1,1,2,1,251,254,220,3,0
9,202,1,1,1,0,NaN,NaN,NaN,0,0
9,203,1,1,2,0,NaN,NaN,NaN,0,0
9,204,1,1,1,1,246,270,233,-1,0
9,205,1,1,2,1,260,275,236,1,0
9,206,1,1,2,0,NaN,NaN,NaN,0,0
9,207,1,1,1,1,362,544,312,0,0
9,208,1,1,2,1,329,331,242,1,0
9,209,1,1,2,1,262,300,233,2,0
9,210,1,1,1,1,231,233,198,3,0
9,211,1,1,1,1,298,345,246,4,0
9,212,1,1,1,0,NaN,NaN,NaN,0,0
9,213,1,1,2,1,237,286,232,0,0
9,214,1,1,1,1,269,337,211,1,0
9,215,1,1,2,1,214,NaN,349,2,0
9,216,1,1,1,0,NaN,NaN,NaN,0,0
9,217,1,1,2,1,353,NaN,379,0,0
9,218,1,1,2,1,144,273,233,1,0
9,219,1,1,1,0,NaN,NaN,NaN,0,0
9,220,1,1,2,1,308,354,273,0,0
9,221,1,1,1,0,NaN,NaN,NaN,0,0
9,222,1,1,2,1,243,268,228,0,0
9,223,1,1,1,1,211,243,179,1,0
9,224,1,1,2,1,170,234,181,2,0
9,225,1,1,1,1,308,322,262,3,0
9,226,1,1,1,1,272,NaN,198,4,0
9,227,1,1,1,0,NaN,NaN,NaN,0,0
9,228,1,1,2,1,67,299,252,0,0
9,229,1,1,2,1,359,417,250,1,0
9,230,1,1,2,1,279,322,293,2,0
9,231,1,1,1,0,NaN,NaN,NaN,0,0
9,232,1,1,1,1,313,357,266,0,0
9,233,1,1,1,1,261,283,223,1,0
9,234,1,1,1,1,321,NaN,189,2,0
9,235,1,1,1,1,285,351,247,3,0
9,236,1,1,2,1,141,220,204,4,0
9,237,1,1,1,1,235,236,205,5,0
9,238,1,1,1,1,251,447,347,6,0
9,239,1,1,2,0,NaN,NaN,NaN,0,0
9,240,1,1,1,0,NaN,NaN,NaN,0,0
10,1,1,1,1,0,NaN,NaN,NaN,0,0
10,2,1,1,2,1,293,358,237,0,0
10,3,1,1,1,1,199,248,209,1,0
10,4,1,1,2,1,208,211,162,2,0
10,5,1,1,1,1,250,271,214,3,0
10,6,1,1,2,1,239,243,167,4,0
10,7,1,1,1,0,NaN,NaN,NaN,0,0
10,8,1,1,2,1,NaN,NaN,NaN,0,1
10,9,1,1,2,1,244,301,311,1,0
10,10,1,1,2,1,235,282,230,2,0
10,11,1,1,1,1,184,213,195,3,0
10,12,1,1,1,1,275,318,202,4,0
10,13,1,1,2,1,210,247,180,5,0
10,14,1,1,1,0,NaN,NaN,NaN,0,0
10,15,1,1,1,1,321,442,271,0,0
10,16,1,1,1,1,103,217,154,1,0
10,17,1,1,2,0,NaN,NaN,NaN,0,0
10,18,1,1,2,1,227,229,210,0,0
10,19,1,1,2,1,237,251,192,1,0
10,20,1,1,2,0,NaN,NaN,NaN,0,0
10,21,1,1,2,1,253,263,219,0,0
10,22,1,1,1,0,NaN,NaN,NaN,0,0
10,23,1,1,1,1,242,259,194,0,0
10,24,1,1,2,1,208,210,193,1,0
10,25,1,1,2,0,NaN,NaN,NaN,0,0
10,26,1,1,1,1,227,257,200,0,0
10,27,1,1,2,1,235,280,218,1,0
10,28,1,1,2,1,240,318,197,2,0
10,29,1,1,1,1,288,290,298,3,0
10,30,1,1,1,1,206,222,176,4,0
10,31,1,1,2,1,266,303,263,5,0
10,32,1,1,2,1,262,314,257,6,0
10,33,1,1,1,1,208,256,221,7,0
10,34,1,1,2,0,NaN,NaN,NaN,0,0
10,35,1,1,1,1,66,227,171,0,0
10,36,1,1,1,1,221,269,231,1,0
10,37,1,1,2,1,203,220,170,2,0
10,38,1,1,1,1,227,255,173,3,0
10,39,1,1,1,0,NaN,NaN,NaN,0,0
10,40,1,1,2,1,237,265,204,0,0
10,41,1,1,2,1,291,365,284,1,0
10,42,1,1,2,1,293,296,248,2,0
10,43,1,1,1,1,319,337,295,3,0
10,44,1,1,1,1,252,261,235,4,0
10,45,1,1,2,0,NaN,NaN,NaN,0,0
10,46,1,1,1,0,NaN,NaN,NaN,0,0
10,47,1,1,1,1,46,253,221,-1,0
10,48,1,1,1,1,256,258,181,1,0
10,49,1,1,2,1,303,304,258,2,0
10,50,1,1,2,0,NaN,NaN,NaN,0,0
10,51,1,1,1,1,177,228,186,0,0
10,52,1,1,2,1,64,259,197,1,0
10,53,1,1,1,0,NaN,NaN,NaN,0,0
10,54,1,1,1,0,NaN,NaN,NaN,0,0
10,55,1,1,1,1,322,379,239,-1,0
10,56,1,1,2,0,NaN,NaN,NaN,0,0
10,57,1,1,1,1,242,244,203,0,0
10,58,1,1,1,1,281,313,239,1,0
10,59,1,1,2,1,218,233,172,2,0
10,60,1,1,2,1,278,314,227,3,0
10,61,1,1,2,1,199,237,209,4,0
10,62,1,1,2,1,357,380,352,5,0
10,63,1,1,2,0,NaN,NaN,NaN,0,0
10,64,1,1,2,1,178,216,173,0,0
10,65,1,1,2,1,299,328,222,1,0
10,66,1,1,1,1,217,269,211,2,0
10,67,1,1,2,1,57,218,158,3,0
10,68,1,1,1,0,NaN,NaN,NaN,0,0
10,69,1,1,1,0,NaN,NaN,NaN,0,0
10,70,1,1,1,1,252,308,262,-1,0
10,71,1,1,2,1,283,286,257,1,0
10,72,1,1,2,1,245,338,216,2,0
10,73,1,1,1,1,222,250,166,3,0
10,74,1,1,1,1,265,281,234,4,0
10,75,1,1,2,1,234,556,200,5,0
10,76,1,1,1,1,217,231,179,6,0
10,77,1,1,1,1,156,222,164,7,0
10,78,1,1,1,1,223,248,187,8,0
10,79,1,1,1,1,180,245,211,9,0
10,80,1,1,2,0,NaN,NaN,NaN,0,0
10,81,1,1,1,1,351,NaN,213,0,0
10,82,1,1,1,0,NaN,NaN,NaN,0,0
10,83,1,1,2,1,199,307,211,0,0
10,84,1,1,1,1,263,NaN,197,1,0
10,85,1,1,2,1,198,200,170,2,0
10,86,1,1,2,1,248,268,195,3,0
10,87,1,1,2,1,44,214,155,4,0
10,88,1,1,1,1,NaN,NaN,NaN,5,1
10,89,1,1,2,1,183,185,150,6,0
10,90,1,1,1,1,202,229,156,7,0
10,91,1,1,2,0,NaN,NaN,NaN,0,0
10,92,1,1,1,0,NaN,NaN,NaN,0,0
10,93,1,1,1,0,NaN,NaN,NaN,0,0
10,94,1,1,2,1,281,339,276,-2,0
10,95,1,1,2,1,208,236,172,1,0
10,96,1,1,2,0,NaN,NaN,NaN,0,0
10,97,1,1,1,1,250,267,198,0,0
10,98,1,1,2,0,NaN,NaN,NaN,0,0
10,99,1,1,1,1,229,231,202,0,0
10,100,1,1,1,1,241,284,218,1,0
10,101,1,1,1,1,247,268,210,2,0
10,102,1,1,1,1,286,379,343,3,0
10,103,1,1,1,1,252,NaN,234,4,0
10,104,1,1,2,0,NaN,NaN,NaN,0,0
10,105,1,1,2,1,NaN,NaN,NaN,0,1
10,106,1,1,1,1,340,379,300,1,0
10,107,1,1,1,1,215,252,200,2,0
10,108,1,1,2,1,324,339,297,3,0
10,109,1,1,2,1,350,355,329,4,0
10,110,1,1,2,1,199,256,207,5,0
10,111,1,1,1,0,NaN,NaN,NaN,0,0
10,112,1,1,1,0,NaN,NaN,NaN,0,0
10,113,1,1,2,1,205,254,214,-1,0
10,114,1,1,1,1,73,209,192,1,0
10,115,1,1,2,1,313,316,214,2,0
10,116,1,1,2,1,168,217,181,3,0
10,117,1,1,2,1,27,261,232,4,0
10,118,1,1,2,0,NaN,NaN,NaN,0,0
10,119,1,1,1,0,NaN,NaN,NaN,0,0
10,120,1,1,1,1,192,362,245,-1,0
10,121,1,2,1,0,NaN,NaN,NaN,0,0
10,122,1,2,1,0,NaN,NaN,NaN,0,0
10,123,1,2,2,0,NaN,NaN,NaN,0,0
10,124,1,2,2,1,256,274,230,-2,0
10,125,1,2,1,0,NaN,NaN,NaN,0,0
10,126,1,2,1,1,367,369,348,0,0
10,127,1,2,2,0,NaN,NaN,NaN,0,0
10,128,1,2,2,1,229,247,240,0,0
10,129,1,2,NaN,NaN,NaN,NaN,NaN,0,1
10,130,1,2,1,0,NaN,NaN,NaN,0,0
10,131,1,2,1,1,334,380,316,0,0
10,132,1,2,1,0,NaN,NaN,NaN,0,0
10,133,1,2,1,0,NaN,NaN,NaN,0,0
10,134,1,2,2,0,NaN,NaN,NaN,0,0
10,135,1,2,2,0,NaN,NaN,NaN,0,0
10,136,1,2,2,0,NaN,NaN,NaN,0,0
10,137,1,2,1,0,NaN,NaN,NaN,0,0
10,138,1,2,2,1,297,299,292,-5,0
10,139,1,2,1,0,NaN,NaN,NaN,0,0
10,140,1,2,2,0,NaN,NaN,NaN,0,0
10,141,1,2,1,0,NaN,NaN,NaN,0,0
10,142,1,2,2,0,NaN,NaN,NaN,0,0
10,143,1,2,1,0,NaN,NaN,NaN,0,0
10,144,1,2,1,1,262,284,218,-4,0
10,145,1,2,2,0,NaN,NaN,NaN,0,0
10,146,1,2,1,0,NaN,NaN,NaN,0,0
10,147,1,2,1,0,NaN,NaN,NaN,0,0
10,148,1,2,2,0,NaN,NaN,NaN,0,0
10,149,1,2,1,0,NaN,NaN,NaN,0,0
10,150,1,2,1,1,371,381,321,-4,0
10,151,1,2,2,0,NaN,NaN,NaN,0,0
10,152,1,2,2,1,293,295,268,0,0
10,153,1,2,2,0,NaN,NaN,NaN,0,0
10,154,1,2,2,0,NaN,NaN,NaN,0,0
10,155,1,2,2,0,NaN,NaN,NaN,0,0
10,156,1,2,1,0,NaN,NaN,NaN,0,0
10,157,1,2,2,0,NaN,NaN,NaN,0,0
10,158,1,2,2,0,NaN,NaN,NaN,0,0
10,159,1,2,1,0,NaN,NaN,NaN,0,0
10,160,1,2,2,1,273,290,255,-6,0
10,161,1,2,1,0,NaN,NaN,NaN,0,0
10,162,1,2,1,0,NaN,NaN,NaN,0,0
10,163,1,2,2,0,NaN,NaN,NaN,0,0
10,164,1,2,1,1,327,328,287,-2,0
10,165,1,2,1,0,NaN,NaN,NaN,0,0
10,166,1,2,1,1,326,342,290,0,0
10,167,1,2,1,0,NaN,NaN,NaN,0,0
10,168,1,2,2,0,NaN,NaN,NaN,0,0
10,169,1,2,1,1,461,NaN,405,-1,0
10,170,1,2,1,0,NaN,NaN,NaN,0,0
10,171,1,2,2,0,NaN,NaN,NaN,0,0
10,172,1,2,2,0,NaN,NaN,NaN,0,0
10,173,1,2,1,0,NaN,NaN,NaN,0,0
10,174,1,2,2,0,NaN,NaN,NaN,0,0
10,175,1,2,2,0,NaN,NaN,NaN,0,0
10,176,1,2,2,0,NaN,NaN,NaN,0,0
10,177,1,2,2,1,375,390,357,-6,0
10,178,1,2,2,1,NaN,NaN,NaN,1,1
10,179,1,2,1,1,295,440,387,2,0
10,180,1,2,1,0,NaN,NaN,NaN,0,0
10,181,1,2,2,1,173,204,169,0,0
10,182,1,2,1,0,NaN,NaN,NaN,0,0
10,183,1,2,2,0,NaN,NaN,NaN,0,0
10,184,1,2,2,0,NaN,NaN,NaN,0,0
10,185,1,2,2,1,427,429,393,-2,0
10,186,1,2,1,0,NaN,NaN,NaN,0,0
10,187,1,2,2,1,225,304,247,0,0
10,188,1,2,2,0,NaN,NaN,NaN,0,0
10,189,1,2,1,0,NaN,NaN,NaN,0,0
10,190,1,2,1,0,NaN,NaN,NaN,0,0
10,191,1,2,2,0,NaN,NaN,NaN,0,0
10,192,1,2,2,0,NaN,NaN,NaN,0,0
10,193,1,2,1,0,NaN,NaN,NaN,0,0
10,194,1,2,1,0,NaN,NaN,NaN,0,0
10,195,1,2,2,0,NaN,NaN,NaN,0,0
10,196,1,2,2,0,NaN,NaN,NaN,0,0
10,197,1,2,2,1,205,256,226,-8,0
10,198,1,2,1,0,NaN,NaN,NaN,0,0
10,199,1,2,1,0,NaN,NaN,NaN,0,0
10,200,1,2,2,0,NaN,NaN,NaN,0,0
10,201,1,2,2,0,NaN,NaN,NaN,0,0
10,202,1,2,1,1,NaN,NaN,NaN,-3,1
10,203,1,2,2,1,312,315,260,1,0
10,204,1,2,1,0,NaN,NaN,NaN,0,0
10,205,1,2,2,0,NaN,NaN,NaN,0,0
10,206,1,2,2,1,290,332,250,-1,0
10,207,1,2,1,0,NaN,NaN,NaN,0,0
10,208,1,2,2,0,NaN,NaN,NaN,0,0
10,209,1,2,2,0,NaN,NaN,NaN,0,0
10,210,1,2,1,0,NaN,NaN,NaN,0,0
10,211,1,2,1,0,NaN,NaN,NaN,0,0
10,212,1,2,1,1,384,399,364,-4,0
10,213,1,2,2,0,NaN,NaN,NaN,0,0
10,214,1,2,1,0,NaN,NaN,NaN,0,0
10,215,1,2,2,0,NaN,NaN,NaN,0,0
10,216,1,2,1,1,295,322,256,-2,0
10,217,1,2,2,0,NaN,NaN,NaN,0,0
10,218,1,2,2,0,NaN,NaN,NaN,0,0
10,219,1,2,1,1,293,337,222,-1,0
10,220,1,2,2,0,NaN,NaN,NaN,0,0
10,221,1,2,1,1,216,NaN,353,0,0
10,222,1,2,2,0,NaN,NaN,NaN,0,0
10,223,1,2,1,0,NaN,NaN,NaN,0,0
10,224,1,2,2,0,NaN,NaN,NaN,0,0
10,225,1,2,1,0,NaN,NaN,NaN,0,0
10,226,1,2,1,0,NaN,NaN,NaN,0,0
10,227,1,2,1,1,267,287,252,-4,0
10,228,1,2,2,0,NaN,NaN,NaN,0,0
10,229,1,2,2,0,NaN,NaN,NaN,0,0
10,230,1,2,2,0,NaN,NaN,NaN,0,0
10,231,1,2,1,1,206,249,216,-2,0
10,232,1,2,1,0,NaN,NaN,NaN,0,0
10,233,1,2,1,0,NaN,NaN,NaN,0,0
10,234,1,2,1,0,NaN,NaN,NaN,0,0
10,235,1,2,1,0,NaN,NaN,NaN,0,0
10,236,1,2,2,0,NaN,NaN,NaN,0,0
10,237,1,2,1,0,NaN,NaN,NaN,0,0
10,238,1,2,1,0,NaN,NaN,NaN,0,0
10,239,1,2,2,1,NaN,NaN,NaN,-6,1
10,240,1,2,1,1,213,266,261,1,0
11,1,1,2,2,0,NaN,NaN,NaN,0,0
11,2,1,2,1,0,NaN,NaN,NaN,0,0
11,3,1,2,2,1,244,271,207,-1,0
11,4,1,2,2,0,NaN,NaN,NaN,0,0
11,5,1,2,2,1,200,227,192,0,0
11,6,1,2,1,0,NaN,NaN,NaN,0,0
11,7,1,2,1,0,NaN,NaN,NaN,0,0
11,8,1,2,2,0,NaN,NaN,NaN,0,0
11,9,1,2,1,0,NaN,NaN,NaN,0,0
11,10,1,2,1,1,210,246,253,-3,0
11,11,1,2,2,0,NaN,NaN,NaN,0,0
11,12,1,2,2,0,NaN,NaN,NaN,0,0
11,13,1,2,1,0,NaN,NaN,NaN,0,0
11,14,1,2,2,0,NaN,NaN,NaN,0,0
11,15,1,2,2,0,NaN,NaN,NaN,0,0
11,16,1,2,2,0,NaN,NaN,NaN,0,0
11,17,1,2,1,1,457,NaN,375,-5,0
11,18,1,2,1,0,NaN,NaN,NaN,0,0
11,19,1,2,1,1,344,347,282,0,0
11,20,1,2,2,0,NaN,NaN,NaN,0,0
11,21,1,2,1,1,117,119,240,0,0
11,22,1,2,2,1,305,342,265,1,0
11,23,1,2,1,0,NaN,NaN,NaN,0,0
11,24,1,2,2,0,NaN,NaN,NaN,0,0
11,25,1,2,2,0,NaN,NaN,NaN,0,0
11,26,1,2,2,0,NaN,NaN,NaN,0,0
11,27,1,2,2,1,481,522,456,-3,0
11,28,1,2,1,0,NaN,NaN,NaN,0,0
11,29,1,2,2,0,NaN,NaN,NaN,0,0
11,30,1,2,1,1,256,258,233,-1,0
11,31,1,2,1,0,NaN,NaN,NaN,0,0
11,32,1,2,2,0,NaN,NaN,NaN,0,0
11,33,1,2,2,0,NaN,NaN,NaN,0,0
11,34,1,2,2,1,249,252,186,-2,0
11,35,1,2,1,0,NaN,NaN,NaN,0,0
11,36,1,2,2,0,NaN,NaN,NaN,0,0
11,37,1,2,1,0,NaN,NaN,NaN,0,0
11,38,1,2,2,1,340,389,384,-2,0
11,39,1,2,2,0,NaN,NaN,NaN,0,0
11,40,1,2,1,0,NaN,NaN,NaN,0,0
11,41,1,2,1,0,NaN,NaN,NaN,0,0
11,42,1,2,1,0,NaN,NaN,NaN,0,0
11,43,1,2,1,1,297,323,265,-3,0
11,44,1,2,2,0,NaN,NaN,NaN,0,0
11,45,1,2,1,1,246,NaN,214,0,0
11,46,1,2,2,0,NaN,NaN,NaN,0,0
11,47,1,2,1,0,NaN,NaN,NaN,0,0
11,48,1,2,1,0,NaN,NaN,NaN,0,0
11,49,1,2,2,0,NaN,NaN,NaN,0,0
11,50,1,2,1,0,NaN,NaN,NaN,0,0
11,51,1,2,1,0,NaN,NaN,NaN,0,0
11,52,1,2,2,1,283,300,210,-5,0
11,53,1,2,2,0,NaN,NaN,NaN,0,0
11,54,1,2,2,0,NaN,NaN,NaN,0,0
11,55,1,2,1,0,NaN,NaN,NaN,0,0
11,56,1,2,2,0,NaN,NaN,NaN,0,0
11,57,1,2,1,0,NaN,NaN,NaN,0,0
11,58,1,2,1,0,NaN,NaN,NaN,0,0
11,59,1,2,1,0,NaN,NaN,NaN,0,0
11,60,1,2,1,1,348,651,569,-6,0
11,61,1,2,1,0,NaN,NaN,NaN,0,0
11,62,1,2,2,0,NaN,NaN,NaN,0,0
11,63,1,2,2,0,NaN,NaN,NaN,0,0
11,64,1,2,2,0,NaN,NaN,NaN,0,0
11,65,1,2,2,0,NaN,NaN,NaN,0,0
11,66,1,2,2,0,NaN,NaN,NaN,0,0
11,67,1,2,1,0,NaN,NaN,NaN,0,0
11,68,1,2,1,0,NaN,NaN,NaN,0,0
11,69,1,2,1,0,NaN,NaN,NaN,0,0
11,70,1,2,1,0,NaN,NaN,NaN,0,0
11,71,1,2,1,0,NaN,NaN,NaN,0,0
11,72,1,2,2,0,NaN,NaN,NaN,0,0
11,73,1,2,2,0,NaN,NaN,NaN,0,0
11,74,1,2,1,1,474,477,429,-12,0
11,75,1,2,2,0,NaN,NaN,NaN,0,0
11,76,1,2,2,1,154,324,292,0,0
11,77,1,2,1,0,NaN,NaN,NaN,0,0
11,78,1,2,1,0,NaN,NaN,NaN,0,0
11,79,1,2,2,0,NaN,NaN,NaN,0,0
11,80,1,2,2,1,557,572,522,-2,0
11,81,1,2,2,0,NaN,NaN,NaN,0,0
11,82,1,2,1,0,NaN,NaN,NaN,0,0
11,83,1,2,2,0,NaN,NaN,NaN,0,0
11,84,1,2,2,0,NaN,NaN,NaN,0,0
11,85,1,2,1,1,53,376,345,-3,0
11,86,1,2,1,0,NaN,NaN,NaN,0,0
11,87,1,2,1,0,NaN,NaN,NaN,0,0
11,88,1,2,2,0,NaN,NaN,NaN,0,0
11,89,1,2,2,1,332,345,295,-2,0
11,90,1,2,2,0,NaN,NaN,NaN,0,0
11,91,1,2,2,0,NaN,NaN,NaN,0,0
11,92,1,2,2,0,NaN,NaN,NaN,0,0
11,93,1,2,2,0,NaN,NaN,NaN,0,0
11,94,1,2,1,0,NaN,NaN,NaN,0,0
11,95,1,2,2,1,320,324,287,-4,0
11,96,1,2,2,1,282,298,306,1,0
11,97,1,2,1,0,NaN,NaN,NaN,0,0
11,98,1,2,1,0,NaN,NaN,NaN,0,0
11,99,1,2,1,0,NaN,NaN,NaN,0,0
11,100,1,2,1,0,NaN,NaN,NaN,0,0
11,101,1,2,1,1,321,382,303,-3,0
11,102,1,2,1,0,NaN,NaN,NaN,0,0
11,103,1,2,1,1,29,308,273,0,0
11,104,1,2,2,0,NaN,NaN,NaN,0,0
11,105,1,2,1,1,76,77,159,0,0
11,106,1,2,2,0,NaN,NaN,NaN,0,0
11,107,1,2,1,1,375,403,383,0,0
11,108,1,2,1,0,NaN,NaN,NaN,0,0
11,109,1,2,2,1,428,467,374,0,0
11,110,1,2,1,0,NaN,NaN,NaN,0,0
11,111,1,2,2,1,338,383,292,0,0
11,112,1,2,1,0,NaN,NaN,NaN,0,0
11,113,1,2,1,1,293,314,260,0,0
11,114,1,2,1,0,NaN,NaN,NaN,0,0
11,115,1,2,2,0,NaN,NaN,NaN,0,0
11,116,1,2,1,0,NaN,NaN,NaN,0,0
11,117,1,2,2,0,NaN,NaN,NaN,0,0
11,118,1,2,1,1,108,519,493,-3,0
11,119,1,2,2,0,NaN,NaN,NaN,0,0
11,120,1,2,2,0,NaN,NaN,NaN,0,0
11,121,1,1,2,1,304,326,293,-1,0
11,122,1,1,1,0,NaN,NaN,NaN,0,0
11,123,1,1,1,0,NaN,NaN,NaN,0,0
11,124,1,1,1,1,324,337,285,-1,0
11,125,1,1,2,1,475,504,444,1,0
11,126,1,1,2,1,251,300,228,2,0
11,127,1,1,1,1,169,261,236,3,0
11,128,1,1,1,1,196,222,207,4,0
11,129,1,1,1,1,242,NaN,220,5,0
11,130,1,1,2,1,308,321,290,6,0
11,131,1,1,1,1,164,246,254,7,0
11,132,1,1,1,1,320,354,254,8,0
11,133,1,1,1,1,265,280,208,9,0
11,134,1,1,2,1,233,289,179,10,0
11,135,1,1,2,1,213,363,299,11,0
11,136,1,1,2,1,224,NaN,217,12,0
11,137,1,1,1,1,229,231,193,13,0
11,138,1,1,2,1,217,230,179,14,0
11,139,1,1,1,1,231,411,345,15,0
11,140,1,1,2,0,NaN,NaN,NaN,0,0
11,141,1,1,1,1,436,448,354,0,0
11,142,1,1,1,0,NaN,NaN,NaN,0,0
11,143,1,1,2,1,293,309,282,0,0
11,144,1,1,1,1,263,283,202,1,0
11,145,1,1,1,0,NaN,NaN,NaN,0,0
11,146,1,1,2,0,NaN,NaN,NaN,0,0
11,147,1,1,1,1,273,317,241,-1,0
11,148,1,1,2,0,NaN,NaN,NaN,0,0
11,149,1,1,2,1,217,266,183,0,0
11,150,1,1,1,1,363,377,291,1,0
11,151,1,1,2,1,236,281,243,2,0
11,152,1,1,1,1,304,357,254,3,0
11,153,1,1,2,0,NaN,NaN,NaN,0,0
11,154,1,1,1,0,NaN,NaN,NaN,0,0
11,155,1,1,1,1,574,615,539,-1,0
11,156,1,1,1,1,365,436,375,1,0
11,157,1,1,1,1,290,312,270,2,0
11,158,1,1,1,0,NaN,NaN,NaN,0,0
11,159,1,1,1,1,342,344,282,0,0
11,160,1,1,2,1,270,282,171,1,0
11,161,1,1,2,1,266,299,240,2,0
11,162,1,1,2,1,130,338,303,3,0
11,163,1,1,2,1,312,328,232,4,0
11,164,1,1,2,1,136,241,198,5,0
11,165,1,1,2,1,241,253,207,6,0
11,166,1,1,2,1,NaN,NaN,NaN,7,1
11,167,1,1,1,1,197,NaN,151,8,0
11,168,1,1,2,1,250,251,210,9,0
11,169,1,1,2,0,NaN,NaN,NaN,0,0
11,170,1,1,1,1,272,341,200,0,0
11,171,1,1,1,1,230,237,201,1,0
11,172,1,1,1,1,234,293,228,2,0
11,173,1,1,2,1,351,419,271,3,0
11,174,1,1,2,0,NaN,NaN,NaN,0,0
11,175,1,1,2,1,265,301,240,0,0
11,176,1,1,1,0,NaN,NaN,NaN,0,0
11,177,1,1,2,1,232,247,206,0,0
11,178,1,1,2,1,235,272,228,1,0
11,179,1,1,2,0,NaN,NaN,NaN,0,0
11,180,1,1,1,0,NaN,NaN,NaN,0,0
11,181,1,1,1,1,134,334,272,-1,0
11,182,1,1,1,1,229,231,206,1,0
11,183,1,1,1,1,244,286,212,2,0
11,184,1,1,2,1,231,253,190,3,0
11,185,1,1,1,1,121,222,218,4,0
11,186,1,1,2,1,198,211,161,5,0
11,187,1,1,1,1,247,281,242,6,0
11,188,1,1,2,1,200,214,178,7,0
11,189,1,1,2,1,194,197,175,8,0
11,190,1,1,1,1,405,407,396,9,0
11,191,1,1,2,1,257,271,252,10,0
11,192,1,1,2,1,205,289,201,11,0
11,193,1,1,1,1,247,250,191,12,0
11,194,1,1,1,1,184,206,164,13,0
11,195,1,1,2,1,220,236,174,14,0
11,196,1,1,1,0,NaN,NaN,NaN,0,0
11,197,1,1,2,1,250,253,198,0,0
11,198,1,1,2,1,236,238,231,1,0
11,199,1,1,1,1,198,214,172,2,0
11,200,1,1,1,1,284,NaN,235,3,0
11,201,1,1,2,1,280,301,241,4,0
11,202,1,1,2,1,218,222,153,5,0
11,203,1,1,1,0,NaN,NaN,NaN,0,0
11,204,1,1,2,1,166,216,210,0,0
11,205,1,1,1,1,337,360,302,1,0
11,206,1,1,1,1,326,NaN,221,2,0
11,207,1,1,1,1,307,NaN,230,3,0
11,208,1,1,2,1,307,NaN,191,4,0
11,209,1,1,2,0,NaN,NaN,NaN,0,0
11,210,1,1,1,1,307,NaN,216,0,0
11,211,1,1,1,0,NaN,NaN,NaN,0,0
11,212,1,1,1,0,NaN,NaN,NaN,0,0
11,213,1,1,2,1,203,207,159,-1,0
11,214,1,1,1,0,NaN,NaN,NaN,0,0
11,215,1,1,1,1,299,344,272,0,0
11,216,1,1,2,0,NaN,NaN,NaN,0,0
11,217,1,1,1,0,NaN,NaN,NaN,0,0
11,218,1,1,2,0,NaN,NaN,NaN,0,0
11,219,1,1,1,1,776,1103,1072,-2,0
11,220,1,1,2,0,NaN,NaN,NaN,0,0
11,221,1,1,2,1,220,238,231,0,0
11,222,1,1,1,1,221,382,251,1,0
11,223,1,1,2,1,268,327,280,2,0
11,224,1,1,2,1,244,330,340,3,0
11,225,1,1,1,1,289,547,248,4,0
11,226,1,1,2,0,NaN,NaN,NaN,0,0
11,227,1,1,2,1,911,937,868,0,0
11,228,1,1,1,1,267,NaN,227,1,0
11,229,1,1,1,0,NaN,NaN,NaN,0,0
11,230,1,1,2,1,462,463,374,0,0
11,231,1,1,1,1,263,265,258,1,0
11,232,1,1,1,1,290,303,234,2,0
11,233,1,1,2,1,168,183,136,3,0
11,234,1,1,2,0,NaN,NaN,NaN,0,0
11,235,1,1,1,1,297,362,357,0,0
11,236,1,1,2,1,358,407,273,1,0
11,237,1,1,1,0,NaN,NaN,NaN,0,0
11,238,1,1,2,1,223,267,192,0,0
11,239,1,1,2,1,140,575,979,1,0
11,240,1,1,2,0,NaN,NaN,NaN,0,0
12,1,1,1,2,1,214,241,183,0,0
12,2,1,1,2,0,NaN,NaN,NaN,0,0
12,3,1,1,1,1,342,354,308,0,0
12,4,1,1,2,1,262,285,246,1,0
12,5,1,1,1,1,314,316,260,2,0
12,6,1,1,1,1,325,NaN,267,3,0
12,7,1,1,2,1,462,549,398,4,0
12,8,1,1,2,1,NaN,NaN,NaN,5,1
12,9,1,1,1,0,NaN,NaN,NaN,0,0
12,10,1,1,1,1,197,221,167,0,0
12,11,1,1,1,1,268,270,249,1,0
12,12,1,1,2,1,312,578,494,2,0
12,13,1,1,2,1,241,340,386,3,0
12,14,1,1,2,1,95,96,223,4,0
12,15,1,1,2,1,321,349,292,5,0
12,16,1,1,2,1,243,258,224,6,0
12,17,1,1,2,1,494,519,469,7,0
12,18,1,1,2,1,335,337,307,8,0
12,19,1,1,1,1,303,305,455,9,0
12,20,1,1,1,1,250,339,304,10,0
12,21,1,1,2,1,282,284,253,11,0
12,22,1,1,1,1,267,284,229,12,0
12,23,1,1,1,1,353,492,446,13,0
12,24,1,1,1,1,317,319,288,14,0
12,25,1,1,1,1,164,261,236,15,0
12,26,1,1,2,1,215,217,167,16,0
12,27,1,1,2,0,NaN,NaN,NaN,0,0
12,28,1,1,1,1,513,515,482,0,0
12,29,1,1,2,1,273,301,283,1,0
12,30,1,1,2,1,390,408,335,2,0
12,31,1,1,1,0,NaN,NaN,NaN,0,0
12,32,1,1,1,1,199,214,192,0,0
12,33,1,1,2,0,NaN,NaN,NaN,0,0
12,34,1,1,1,1,383,402,348,0,0
12,35,1,1,2,1,232,246,191,1,0
12,36,1,1,1,1,257,278,234,2,0
12,37,1,1,2,0,NaN,NaN,NaN,0,0
12,38,1,1,1,0,NaN,NaN,NaN,0,0
12,39,1,1,1,1,388,466,413,-1,0
12,40,1,1,1,1,240,253,212,1,0
12,41,1,1,2,1,204,227,169,2,0
12,42,1,1,2,0,NaN,NaN,NaN,0,0
12,43,1,1,2,1,226,451,430,0,0
12,44,1,1,2,1,49,391,375,1,0
12,45,1,1,2,0,NaN,NaN,NaN,0,0
12,46,1,1,1,0,NaN,NaN,NaN,0,0
12,47,1,1,1,1,320,332,295,-1,0
12,48,1,1,2,1,323,325,285,1,0
12,49,1,1,2,0,NaN,NaN,NaN,0,0
12,50,1,1,2,1,215,218,172,0,0
12,51,1,1,1,0,NaN,NaN,NaN,0,0
12,52,1,1,1,1,294,295,266,0,0
12,53,1,1,1,1,254,307,221,1,0
12,54,1,1,2,1,292,298,254,2,0
12,55,1,1,1,0,NaN,NaN,NaN,0,0
12,56,1,1,1,1,241,243,205,0,0
12,57,1,1,2,1,319,335,293,1,0
12,58,1,1,1,1,245,252,204,2,0
12,59,1,1,1,0,NaN,NaN,NaN,0,0
12,60,1,1,1,0,NaN,NaN,NaN,0,0
12,61,1,1,2,1,186,209,169,-1,0
12,62,1,1,1,0,NaN,NaN,NaN,0,0
12,63,1,1,2,1,329,343,299,0,0
12,64,1,1,1,0,NaN,NaN,NaN,0,0
12,65,1,1,1,1,192,213,187,0,0
12,66,1,1,2,1,321,323,261,1,0
12,67,1,1,1,1,234,236,188,2,0
12,68,1,1,1,0,NaN,NaN,NaN,0,0
12,69,1,1,2,1,234,275,229,0,0
12,70,1,1,2,1,475,501,459,1,0
12,71,1,1,1,1,255,267,229,2,0
12,72,1,1,2,0,NaN,NaN,NaN,0,0
12,73,1,1,1,1,216,218,211,0,0
12,74,1,1,1,0,NaN,NaN,NaN,0,0
12,75,1,1,2,1,286,428,410,0,0
12,76,1,1,2,1,190,216,156,1,0
12,77,1,1,1,1,222,225,180,2,0
12,78,1,1,1,1,217,219,161,3,0
12,79,1,1,2,1,358,383,320,4,0
12,80,1,1,1,1,195,221,178,5,0
12,81,1,1,2,0,NaN,NaN,NaN,0,0
12,82,1,1,1,1,263,267,224,0,0
12,83,1,1,1,0,NaN,NaN,NaN,0,0
12,84,1,1,1,1,263,276,211,0,0
12,85,1,1,2,1,239,251,202,1,0
12,86,1,1,2,1,191,206,157,2,0
12,87,1,1,2,1,320,346,281,3,0
12,88,1,1,1,1,206,224,171,4,0
12,89,1,1,1,0,NaN,NaN,NaN,0,0
12,90,1,1,1,1,201,232,191,0,0
12,91,1,1,2,1,177,189,150,1,0
12,92,1,1,1,1,334,365,308,2,0
12,93,1,1,1,1,283,285,251,3,0
12,94,1,1,1,1,228,248,198,4,0
12,95,1,1,2,0,NaN,NaN,NaN,0,0
12,96,1,1,2,1,205,219,178,0,0
12,97,1,1,1,1,177,181,154,1,0
12,98,1,1,1,1,209,240,204,2,0
12,99,1,1,2,1,281,307,253,3,0
12,100,1,1,1,1,242,287,237,4,0
12,101,1,1,2,0,NaN,NaN,NaN,0,0
12,102,1,1,2,1,NaN,NaN,NaN,0,1
12,103,1,1,2,1,283,304,279,1,0
12,104,1,1,2,0,NaN,NaN,NaN,0,0
12,105,1,1,1,1,262,278,192,0,0
12,106,1,1,1,1,209,213,175,1,0
12,107,1,1,1,1,289,315,209,2,0
12,108,1,1,2,0,NaN,NaN,NaN,0,0
12,109,1,1,2,1,256,268,237,0,0
12,110,1,1,1,0,NaN,NaN,NaN,0,0
12,111,1,1,2,1,201,204,164,0,0
12,112,1,1,2,1,159,202,154,1,0
12,113,1,1,1,0,NaN,NaN,NaN,0,0
12,114,1,1,1,1,226,247,198,0,0
12,115,1,1,2,1,291,292,275,1,0
12,116,1,1,2,1,292,305,258,2,0
12,117,1,1,2,1,218,273,169,3,0
12,118,1,1,2,1,238,255,184,4,0
12,119,1,1,2,0,NaN,NaN,NaN,0,0
12,120,1,1,1,1,449,547,408,0,0
12,121,1,2,2,1,237,240,226,1,0
12,122,1,2,1,0,NaN,NaN,NaN,0,0
12,123,1,2,2,0,NaN,NaN,NaN,0,0
12,124,1,2,1,0,NaN,NaN,NaN,0,0
12,125,1,2,1,1,354,367,349,-2,0
12,126,1,2,2,0,NaN,NaN,NaN,0,0
12,127,1,2,2,0,NaN,NaN,NaN,0,0
12,128,1,2,2,0,NaN,NaN,NaN,0,0
12,129,1,2,1,0,NaN,NaN,NaN,0,0
12,130,1,2,2,0,NaN,NaN,NaN,0,0
12,131,1,2,1,0,NaN,NaN,NaN,0,0
12,132,1,2,1,0,NaN,NaN,NaN,0,0
12,133,1,2,1,0,NaN,NaN,NaN,0,0
12,134,1,2,1,0,NaN,NaN,NaN,0,0
12,135,1,2,2,0,NaN,NaN,NaN,0,0
12,136,1,2,2,0,NaN,NaN,NaN,0,0
12,137,1,2,1,0,NaN,NaN,NaN,0,0
12,138,1,2,1,1,372,420,395,-11,0
12,139,1,2,2,0,NaN,NaN,NaN,0,0
12,140,1,2,1,0,NaN,NaN,NaN,0,0
12,141,1,2,2,0,NaN,NaN,NaN,0,0
12,142,1,2,1,0,NaN,NaN,NaN,0,0
12,143,1,2,1,0,NaN,NaN,NaN,0,0
12,144,1,2,1,0,NaN,NaN,NaN,0,0
12,145,1,2,1,0,NaN,NaN,NaN,0,0
12,146,1,2,1,0,NaN,NaN,NaN,0,0
12,147,1,2,2,0,NaN,NaN,NaN,0,0
12,148,1,2,1,0,NaN,NaN,NaN,0,0
12,149,1,2,1,1,219,222,200,-9,0
12,150,1,2,2,0,NaN,NaN,NaN,0,0
12,151,1,2,2,1,256,282,402,0,0
12,152,1,2,2,0,NaN,NaN,NaN,0,0
12,153,1,2,2,0,NaN,NaN,NaN,0,0
12,154,1,2,1,0,NaN,NaN,NaN,0,0
12,155,1,2,2,0,NaN,NaN,NaN,0,0
12,156,1,2,1,1,330,332,294,-3,0
12,157,1,2,1,0,NaN,NaN,NaN,0,0
12,158,1,2,2,1,579,598,549,0,0
12,159,1,2,2,1,307,310,238,1,0
12,160,1,2,2,1,219,241,197,2,0
12,161,1,2,2,1,258,282,252,3,0
12,162,1,2,1,1,270,272,235,4,0
12,163,1,2,1,0,NaN,NaN,NaN,0,0
12,164,1,2,1,1,206,NaN,181,0,0
12,165,1,2,2,0,NaN,NaN,NaN,0,0
12,166,1,2,2,0,NaN,NaN,NaN,0,0
12,167,1,2,2,0,NaN,NaN,NaN,0,0
12,168,1,2,1,1,274,310,220,-2,0
12,169,1,2,2,0,NaN,NaN,NaN,0,0
12,170,1,2,2,0,NaN,NaN,NaN,0,0
12,171,1,2,1,1,249,275,217,-1,0
12,172,1,2,1,0,NaN,NaN,NaN,0,0
12,173,1,2,2,0,NaN,NaN,NaN,0,0
12,174,1,2,2,0,NaN,NaN,NaN,0,0
12,175,1,2,1,0,NaN,NaN,NaN,0,0
12,176,1,2,1,0,NaN,NaN,NaN,0,0
12,177,1,2,2,0,NaN,NaN,NaN,0,0
12,178,1,2,2,0,NaN,NaN,NaN,0,0
12,179,1,2,2,1,282,308,230,-6,0
12,180,1,2,1,0,NaN,NaN,NaN,0,0
12,181,1,2,1,0,NaN,NaN,NaN,0,0
12,182,1,2,2,0,NaN,NaN,NaN,0,0
12,183,1,2,1,0,NaN,NaN,NaN,0,0
12,184,1,2,1,0,NaN,NaN,NaN,0,0
12,185,1,2,1,0,NaN,NaN,NaN,0,0
12,186,1,2,2,0,NaN,NaN,NaN,0,0
12,187,1,2,1,0,NaN,NaN,NaN,0,0
12,188,1,2,2,0,NaN,NaN,NaN,0,0
12,189,1,2,1,0,NaN,NaN,NaN,0,0
12,190,1,2,2,0,NaN,NaN,NaN,0,0
12,191,1,2,1,0,NaN,NaN,NaN,0,0
12,192,1,2,2,0,NaN,NaN,NaN,0,0
12,193,1,2,2,1,148,286,258,-12,0
12,194,1,2,1,0,NaN,NaN,NaN,0,0
12,195,1,2,2,0,NaN,NaN,NaN,0,0
12,196,1,2,2,0,NaN,NaN,NaN,0,0
12,197,1,2,1,0,NaN,NaN,NaN,0,0
12,198,1,2,2,1,415,441,363,-3,0
12,199,1,2,1,0,NaN,NaN,NaN,0,0
12,200,1,2,1,0,NaN,NaN,NaN,0,0
12,201,1,2,2,0,NaN,NaN,NaN,0,0
12,202,1,2,2,0,NaN,NaN,NaN,0,0
12,203,1,2,2,0,NaN,NaN,NaN,0,0
12,204,1,2,2,0,NaN,NaN,NaN,0,0
12,205,1,2,2,0,NaN,NaN,NaN,0,0
12,206,1,2,2,0,NaN,NaN,NaN,0,0
12,207,1,2,1,0,NaN,NaN,NaN,0,0
12,208,1,2,1,0,NaN,NaN,NaN,0,0
12,209,1,2,1,1,549,564,514,-9,0
12,210,1,2,1,1,273,282,232,1,0
12,211,1,2,1,1,228,239,192,2,0
12,212,1,2,2,0,NaN,NaN,NaN,0,0
12,213,1,2,2,1,53,55,247,0,0
12,214,1,2,2,0,NaN,NaN,NaN,0,0
12,215,1,2,2,0,NaN,NaN,NaN,0,0
12,216,1,2,2,0,NaN,NaN,NaN,0,0
12,217,1,2,1,0,NaN,NaN,NaN,0,0
12,218,1,2,1,0,NaN,NaN,NaN,0,0
12,219,1,2,2,1,844,914,805,-4,0
12,220,1,2,2,0,NaN,NaN,NaN,0,0
12,221,1,2,1,1,269,283,239,0,0
12,222,1,2,1,1,395,425,387,1,0
12,223,1,2,1,0,NaN,NaN,NaN,0,0
12,224,1,2,2,1,246,247,232,0,0
12,225,1,2,1,0,NaN,NaN,NaN,0,0
12,226,1,2,1,0,NaN,NaN,NaN,0,0
12,227,1,2,2,1,409,419,362,-1,0
12,228,1,2,2,0,NaN,NaN,NaN,0,0
12,229,1,2,2,0,NaN,NaN,NaN,0,0
12,230,1,2,1,1,266,269,233,-1,0
12,231,1,2,1,0,NaN,NaN,NaN,0,0
12,232,1,2,1,1,223,236,187,0,0
12,233,1,2,1,0,NaN,NaN,NaN,0,0
12,234,1,2,1,0,NaN,NaN,NaN,0,0
12,235,1,2,1,1,403,423,361,-1,0
12,236,1,2,2,0,NaN,NaN,NaN,0,0
12,237,1,2,2,0,NaN,NaN,NaN,0,0
12,238,1,2,2,1,385,412,394,-1,0
12,239,1,2,1,0,NaN,NaN,NaN,0,0
12,240,1,2,2,0,NaN,NaN,NaN,0,0
13,1,1,2,2,0,NaN,NaN,NaN,0,0
13,2,1,2,2,0,NaN,NaN,NaN,0,0
13,3,1,2,1,0,NaN,NaN,NaN,0,0
13,4,1,2,1,0,NaN,NaN,NaN,0,0
13,5,1,2,2,0,NaN,NaN,NaN,0,0
13,6,1,2,2,1,295,374,347,-4,0
13,7,1,2,2,0,NaN,NaN,NaN,0,0
13,8,1,2,2,0,NaN,NaN,NaN,0,0
13,9,1,2,1,0,NaN,NaN,NaN,0,0
13,10,1,2,1,0,NaN,NaN,NaN,0,0
13,11,1,2,1,0,NaN,NaN,NaN,0,0
13,12,1,2,1,0,NaN,NaN,NaN,0,0
13,13,1,2,1,0,NaN,NaN,NaN,0,0
13,14,1,2,2,0,NaN,NaN,NaN,0,0
13,15,1,2,1,0,NaN,NaN,NaN,0,0
13,16,1,2,1,1,403,404,400,-8,0
13,17,1,2,2,0,NaN,NaN,NaN,0,0
13,18,1,2,2,0,NaN,NaN,NaN,0,0
13,19,1,2,1,0,NaN,NaN,NaN,0,0
13,20,1,2,1,1,272,298,279,-2,0
13,21,1,2,2,0,NaN,NaN,NaN,0,0
13,22,1,2,1,0,NaN,NaN,NaN,0,0
13,23,1,2,1,1,390,479,401,-1,0
13,24,1,2,1,0,NaN,NaN,NaN,0,0
13,25,1,2,2,1,332,344,304,0,0
13,26,1,2,1,0,NaN,NaN,NaN,0,0
13,27,1,2,2,0,NaN,NaN,NaN,0,0
13,28,1,2,2,0,NaN,NaN,NaN,0,0
13,29,1,2,2,0,NaN,NaN,NaN,0,0
13,30,1,2,1,0,NaN,NaN,NaN,0,0
13,31,1,2,1,0,NaN,NaN,NaN,0,0
13,32,1,2,2,0,NaN,NaN,NaN,0,0
13,33,1,2,2,0,NaN,NaN,NaN,0,0
13,34,1,2,1,0,NaN,NaN,NaN,0,0
13,35,1,2,2,1,586,610,593,-8,0
13,36,1,2,2,0,NaN,NaN,NaN,0,0
13,37,1,2,1,1,401,421,374,0,0
13,38,1,2,1,0,NaN,NaN,NaN,0,0
13,39,1,2,1,0,NaN,NaN,NaN,0,0
13,40,1,2,2,1,304,318,287,-1,0
13,41,1,2,1,0,NaN,NaN,NaN,0,0
13,42,1,2,2,0,NaN,NaN,NaN,0,0
13,43,1,2,2,0,NaN,NaN,NaN,0,0
13,44,1,2,1,0,NaN,NaN,NaN,0,0
13,45,1,2,2,1,381,424,403,-3,0
13,46,1,2,1,1,355,358,290,1,0
13,47,1,2,2,0,NaN,NaN,NaN,0,0
13,48,1,2,2,1,84,274,267,0,0
13,49,1,2,2,1,311,328,283,1,0
13,50,1,2,2,0,NaN,NaN,NaN,0,0
13,51,1,2,1,1,351,354,337,0,0
13,52,1,2,2,0,NaN,NaN,NaN,0,0
13,53,1,2,2,0,NaN,NaN,NaN,0,0
13,54,1,2,2,0,NaN,NaN,NaN,0,0
13,55,1,2,1,0,NaN,NaN,NaN,0,0
13,56,1,2,2,0,NaN,NaN,NaN,0,0
13,57,1,2,1,1,411,442,327,-4,0
13,58,1,2,1,1,337,385,354,1,0
13,59,1,2,1,0,NaN,NaN,NaN,0,0
13,60,1,2,1,0,NaN,NaN,NaN,0,0
13,61,1,2,1,0,NaN,NaN,NaN,0,0
13,62,1,2,1,1,493,494,456,-2,0
13,63,1,2,2,0,NaN,NaN,NaN,0,0
13,64,1,2,1,0,NaN,NaN,NaN,0,0
13,65,1,2,1,0,NaN,NaN,NaN,0,0
13,66,1,2,1,0,NaN,NaN,NaN,0,0
13,67,1,2,1,1,331,385,295,-3,0
13,68,1,2,2,1,362,376,326,1,0
13,69,1,2,2,0,NaN,NaN,NaN,0,0
13,70,1,2,1,0,NaN,NaN,NaN,0,0
13,71,1,2,1,0,NaN,NaN,NaN,0,0
13,72,1,2,1,0,NaN,NaN,NaN,0,0
13,73,1,2,1,0,NaN,NaN,NaN,0,0
13,74,1,2,2,0,NaN,NaN,NaN,0,0
13,75,1,2,1,1,110,616,612,-5,0
13,76,1,2,2,0,NaN,NaN,NaN,0,0
13,77,1,2,1,0,NaN,NaN,NaN,0,0
13,78,1,2,2,0,NaN,NaN,NaN,0,0
13,79,1,2,2,0,NaN,NaN,NaN,0,0
13,80,1,2,1,0,NaN,NaN,NaN,0,0
13,81,1,2,2,0,NaN,NaN,NaN,0,0
13,82,1,2,2,0,NaN,NaN,NaN,0,0
13,83,1,2,2,1,381,386,350,-6,0
13,84,1,2,2,0,NaN,NaN,NaN,0,0
13,85,1,2,1,1,322,371,333,0,0
13,86,1,2,1,0,NaN,NaN,NaN,0,0
13,87,1,2,2,0,NaN,NaN,NaN,0,0
13,88,1,2,2,0,NaN,NaN,NaN,0,0
13,89,1,2,1,1,507,508,503,-2,0
13,90,1,2,1,1,308,321,271,1,0
13,91,1,2,NaN,NaN,NaN,NaN,NaN,0,1
13,92,1,2,NaN,NaN,NaN,NaN,NaN,0,1
13,93,1,2,NaN,NaN,NaN,NaN,NaN,0,1
13,94,1,2,NaN,NaN,NaN,NaN,NaN,0,1
13,95,1,2,NaN,NaN,NaN,NaN,NaN,0,1
13,96,1,2,NaN,NaN,NaN,NaN,NaN,0,1
13,97,1,2,NaN,NaN,NaN,NaN,NaN,0,1
13,98,1,2,NaN,NaN,NaN,NaN,NaN,0,1
13,99,1,2,NaN,NaN,NaN,NaN,NaN,0,1
13,100,1,2,NaN,NaN,NaN,NaN,NaN,0,1
13,101,1,2,2,0,NaN,NaN,NaN,0,0
13,102,1,2,2,0,NaN,NaN,NaN,0,0
13,103,1,2,2,0,NaN,NaN,NaN,0,0
13,104,1,2,1,0,NaN,NaN,NaN,0,0
13,105,1,2,1,0,NaN,NaN,NaN,0,0
13,106,1,2,2,1,277,300,258,-4,0
13,107,1,2,2,0,NaN,NaN,NaN,0,0
13,108,1,2,2,1,NaN,NaN,NaN,0,1
13,109,1,2,2,0,NaN,NaN,NaN,0,0
13,110,1,2,2,1,277,327,286,0,0
13,111,1,1,1,0,NaN,NaN,NaN,0,0
13,112,1,1,2,1,277,307,261,0,0
13,113,1,1,1,1,448,451,428,1,0
13,114,1,1,1,1,280,299,261,2,0
13,115,1,1,2,1,312,334,263,3,0
13,116,1,1,2,1,230,252,200,4,0
13,117,1,1,1,1,217,260,229,5,0
13,118,1,1,1,0,NaN,NaN,NaN,0,0
13,119,1,1,1,1,251,265,188,0,0
13,120,1,1,2,0,NaN,NaN,NaN,0,0
13,121,1,1,1,1,237,239,203,0,0
13,122,1,1,2,1,NaN,NaN,116,1,0
13,123,1,1,1,1,246,248,189,2,0
13,124,1,1,1,1,211,349,291,3,0
13,125,1,1,2,1,218,242,173,4,0
13,126,1,1,2,1,261,275,238,5,0
13,127,1,1,2,1,213,247,194,6,0
13,128,1,1,1,1,238,264,224,7,0
13,129,1,1,2,0,NaN,NaN,NaN,0,0
13,130,1,1,2,1,279,293,262,0,0
13,131,1,1,1,1,101,274,225,1,0
13,132,1,1,1,1,43,187,107,2,0
13,133,1,1,2,1,220,222,203,3,0
13,134,1,1,1,0,NaN,NaN,NaN,0,0
13,135,1,1,1,0,NaN,NaN,NaN,0,0
13,136,1,1,1,1,132,312,244,-1,0
13,137,1,1,1,1,NaN,NaN,118,1,0
13,138,1,1,2,1,235,292,257,2,0
13,139,1,1,1,1,224,256,196,3,0
13,140,1,1,1,1,226,240,166,4,0
13,141,1,1,2,1,261,285,197,5,0
13,142,1,1,1,0,NaN,NaN,NaN,0,0
13,143,1,1,1,1,237,248,180,0,0
13,144,1,1,2,1,NaN,NaN,113,1,0
13,145,1,1,1,1,291,293,211,2,0
13,146,1,1,1,0,NaN,NaN,NaN,0,0
13,147,1,1,1,1,190,296,238,0,0
13,148,1,1,2,1,251,273,227,1,0
13,149,1,1,2,1,242,269,235,2,0
13,150,1,1,2,1,216,219,182,3,0
13,151,1,1,2,1,229,258,200,4,0
13,152,1,1,2,0,NaN,NaN,NaN,0,0
13,153,1,1,2,0,NaN,NaN,NaN,0,0
13,154,1,1,2,1,250,NaN,123,-1,0
13,155,1,1,2,1,25,255,235,1,0
13,156,1,1,2,0,NaN,NaN,NaN,0,0
13,157,1,1,2,1,195,222,190,0,0
13,158,1,1,1,1,287,312,282,1,0
13,159,1,1,2,1,267,276,234,2,0
13,160,1,1,2,1,207,239,189,3,0
13,161,1,1,1,1,247,272,217,4,0
13,162,1,1,2,1,313,323,287,5,0
13,163,1,1,2,0,NaN,NaN,NaN,0,0
13,164,1,1,2,1,295,320,258,0,0
13,165,1,1,1,1,230,246,192,1,0
13,166,1,1,2,0,NaN,NaN,NaN,0,0
13,167,1,1,1,1,192,249,201,0,0
13,168,1,1,1,0,NaN,NaN,NaN,0,0
13,169,1,1,1,1,119,304,234,0,0
13,170,1,1,1,0,NaN,NaN,NaN,0,0
13,171,1,1,1,0,NaN,NaN,NaN,0,0
13,172,1,1,1,0,NaN,NaN,NaN,0,0
13,173,1,1,1,1,263,276,225,-2,0
13,174,1,1,1,1,290,292,240,1,0
13,175,1,1,1,1,318,342,263,2,0
13,176,1,1,2,0,NaN,NaN,NaN,0,0
13,177,1,1,2,1,218,259,226,0,0
13,178,1,1,2,1,224,257,205,1,0
13,179,1,1,2,1,232,246,176,2,0
13,180,1,1,2,1,221,223,189,3,0
13,181,1,1,2,0,NaN,NaN,NaN,0,0
13,182,1,1,2,0,NaN,NaN,NaN,0,0
13,183,1,1,1,1,199,212,147,-1,0
13,184,1,1,2,1,168,305,272,1,0
13,185,1,1,2,1,273,290,229,2,0
13,186,1,1,1,1,205,232,200,3,0
13,187,1,1,1,0,NaN,NaN,NaN,0,0
13,188,1,1,1,1,294,313,243,0,0
13,189,1,1,2,0,NaN,NaN,NaN,0,0
13,190,1,1,1,1,295,358,323,0,0
13,191,1,1,1,0,NaN,NaN,NaN,0,0
13,192,1,1,1,1,232,246,256,0,0
13,193,1,1,1,1,198,261,210,1,0
13,194,1,1,1,1,263,282,258,2,0
13,195,1,1,1,0,NaN,NaN,NaN,0,0
13,196,1,1,1,1,274,311,249,0,0
13,197,1,1,2,1,315,330,286,1,0
13,198,1,1,2,1,233,253,190,2,0
13,199,1,1,2,0,NaN,NaN,NaN,0,0
13,200,1,1,1,1,330,389,375,0,0
13,201,1,1,1,1,283,299,253,1,0
13,202,1,1,1,1,180,272,217,2,0
13,203,1,1,2,1,210,234,204,3,0
13,204,1,1,2,0,NaN,NaN,NaN,0,0
13,205,1,1,1,1,246,262,185,0,0
13,206,1,1,1,1,340,372,310,1,0
13,207,1,1,1,1,325,360,284,2,0
13,208,1,1,2,0,NaN,NaN,NaN,0,0
13,209,1,1,1,0,NaN,NaN,NaN,0,0
13,210,1,1,1,1,265,277,223,-1,0
13,211,1,1,2,1,197,223,182,1,0
13,212,1,1,2,1,252,273,211,2,0
13,213,1,1,1,1,171,189,165,3,0
13,214,1,1,2,1,202,205,197,4,0
13,215,1,1,2,1,191,227,199,5,0
13,216,1,1,2,1,NaN,NaN,NaN,6,1
13,217,1,1,1,1,246,262,214,7,0
13,218,1,1,1,0,NaN,NaN,NaN,0,0
13,219,1,1,2,1,237,264,174,0,0
13,220,1,1,2,1,302,317,275,1,0
13,221,1,1,1,1,189,237,135,2,0
13,222,1,1,2,1,257,270,242,3,0
13,223,1,1,2,1,223,267,218,4,0
13,224,1,1,2,1,211,235,164,5,0
13,225,1,1,1,0,NaN,NaN,NaN,0,0
13,226,1,1,2,1,268,302,250,0,0
13,227,1,1,2,1,246,274,216,1,0
13,228,1,1,2,1,179,209,127,2,0
13,229,1,1,1,1,191,284,200,3,0
13,230,1,1,2,1,217,218,188,4,0
14,1,1,1,1,1,254,256,226,0,0
14,2,1,1,1,1,342,370,336,1,0
14,3,1,1,1,1,362,400,312,2,0
14,4,1,1,1,1,212,213,195,3,0
14,5,1,1,2,1,250,264,229,4,0
14,6,1,1,1,1,235,261,205,5,0
14,7,1,1,2,0,NaN,NaN,NaN,0,0
14,8,1,1,2,1,172,186,145,0,0
14,9,1,1,2,1,322,363,263,1,0
14,10,1,1,1,1,171,186,153,2,0
14,11,1,1,2,1,179,181,141,3,0
14,12,1,1,1,1,195,208,175,4,0
14,13,1,1,2,1,212,214,182,5,0
14,14,1,1,2,0,NaN,NaN,NaN,0,0
14,15,1,1,2,1,74,301,276,0,0
14,16,1,1,1,0,NaN,NaN,NaN,0,0
14,17,1,1,1,1,283,299,240,0,0
14,18,1,1,1,0,NaN,NaN,NaN,0,0
14,19,1,1,2,0,NaN,NaN,NaN,0,0
14,20,1,1,1,1,335,347,304,-1,0
14,21,1,1,2,1,48,211,219,1,0
14,22,1,1,2,1,274,291,241,2,0
14,23,1,1,2,1,229,254,224,3,0
14,24,1,1,1,0,NaN,NaN,NaN,0,0
14,25,1,1,2,1,327,330,285,0,0
14,26,1,1,1,0,NaN,NaN,NaN,0,0
14,27,1,1,1,1,256,271,189,0,0
14,28,1,1,1,1,295,320,243,1,0
14,29,1,1,1,0,NaN,NaN,NaN,0,0
14,30,1,1,2,1,212,268,164,0,0
14,31,1,1,1,0,NaN,NaN,NaN,0,0
14,32,1,1,2,1,34,369,318,0,0
14,33,1,1,1,1,216,217,203,1,0
14,34,1,1,1,1,302,311,265,2,0
14,35,1,1,2,0,NaN,NaN,NaN,0,0
14,36,1,1,1,1,226,243,185,0,0
14,37,1,1,1,0,NaN,NaN,NaN,0,0
14,38,1,1,2,1,221,223,192,0,0
14,39,1,1,1,1,226,253,166,1,0
14,40,1,1,2,0,NaN,NaN,NaN,0,0
14,41,1,1,1,1,182,212,166,0,0
14,42,1,1,2,1,235,284,217,1,0
14,43,1,1,1,1,193,210,148,2,0
14,44,1,1,1,1,275,305,210,3,0
14,45,1,1,2,1,220,223,179,4,0
14,46,1,1,2,0,NaN,NaN,NaN,0,0
14,47,1,1,2,0,NaN,NaN,NaN,0,0
14,48,1,1,2,1,248,282,214,-1,0
14,49,1,1,1,1,236,248,202,1,0
14,50,1,1,1,0,NaN,NaN,NaN,0,0
14,51,1,1,2,1,252,283,209,0,0
14,52,1,1,1,1,238,262,190,1,0
14,53,1,1,1,1,194,229,201,2,0
14,54,1,1,2,1,231,274,194,3,0
14,55,1,1,2,1,323,NaN,332,4,0
14,56,1,1,2,1,666,668,637,5,0
14,57,1,1,2,1,282,304,264,6,0
14,58,1,1,1,1,184,268,192,7,0
14,59,1,1,2,1,NaN,NaN,NaN,8,1
14,60,1,1,2,1,333,335,302,9,0
14,61,1,1,2,1,256,272,210,10,0
14,62,1,1,2,1,273,275,249,11,0
14,63,1,1,2,1,347,403,256,12,0
14,64,1,1,2,1,353,354,331,13,0
14,65,1,1,2,1,283,344,249,14,0
14,66,1,1,2,1,244,277,216,15,0
14,67,1,1,1,0,NaN,NaN,NaN,0,0
14,68,1,1,1,1,299,379,311,0,0
14,69,1,1,1,0,NaN,NaN,NaN,0,0
14,70,1,1,1,1,219,244,202,0,0
14,71,1,1,1,0,NaN,NaN,NaN,0,0
14,72,1,1,2,1,243,258,188,0,0
14,73,1,1,1,1,220,222,215,1,0
14,74,1,1,1,1,224,237,179,2,0
14,75,1,1,2,0,NaN,NaN,NaN,0,0
14,76,1,1,2,0,NaN,NaN,NaN,0,0
14,77,1,1,2,1,239,272,267,-1,0
14,78,1,1,1,1,209,219,178,1,0
14,79,1,1,2,0,NaN,NaN,NaN,0,0
14,80,1,1,1,0,NaN,NaN,NaN,0,0
14,81,1,1,2,1,273,276,229,-1,0
14,82,1,1,2,1,297,314,229,1,0
14,83,1,1,1,0,NaN,NaN,NaN,0,0
14,84,1,1,1,1,232,233,242,0,0
14,85,1,1,2,1,254,266,214,1,0
14,86,1,1,1,1,260,283,211,2,0
14,87,1,1,2,1,309,321,280,3,0
14,88,1,1,2,1,253,279,234,4,0
14,89,1,1,2,0,NaN,NaN,NaN,0,0
14,90,1,1,1,1,273,275,239,0,0
14,91,1,1,1,1,193,195,190,1,0
14,92,1,1,2,1,238,265,190,2,0
14,93,1,1,1,1,NaN,NaN,341,3,0
14,94,1,1,2,1,270,281,242,4,0
14,95,1,1,1,1,272,288,202,5,0
14,96,1,1,1,1,314,326,303,6,0
14,97,1,1,1,1,281,305,225,7,0
14,98,1,1,2,1,227,252,222,8,0
14,99,1,1,2,1,383,398,340,9,0
14,100,1,1,2,0,NaN,NaN,NaN,0,0
14,101,1,1,1,1,201,221,196,0,0
14,102,1,1,2,0,NaN,NaN,NaN,0,0
14,103,1,1,2,0,NaN,NaN,NaN,0,0
14,104,1,1,2,1,241,281,224,-1,0
14,105,1,1,2,1,521,535,484,1,0
14,106,1,1,1,0,NaN,NaN,NaN,0,0
14,107,1,1,2,1,212,225,197,0,0
14,108,1,1,2,1,281,308,249,1,0
14,109,1,1,1,1,241,302,211,2,0
14,110,1,1,1,1,217,250,194,3,0
14,111,1,1,2,1,264,289,277,4,0
14,112,1,1,1,1,193,205,158,5,0
14,113,1,1,1,1,233,NaN,220,6,0
14,114,1,1,1,1,235,268,196,7,0
14,115,1,1,2,1,259,NaN,197,8,0
14,116,1,1,1,0,NaN,NaN,NaN,0,0
14,117,1,1,1,1,192,242,213,0,0
14,118,1,1,1,0,NaN,NaN,NaN,0,0
14,119,1,1,1,1,296,333,244,0,0
14,120,1,1,1,1,333,391,364,1,0
14,121,1,2,1,0,NaN,NaN,NaN,0,0
14,122,1,2,1,0,NaN,NaN,NaN,0,0
14,123,1,2,1,0,NaN,NaN,NaN,0,0
14,124,1,2,1,0,NaN,NaN,NaN,0,0
14,125,1,2,1,1,206,207,217,-3,0
14,126,1,2,1,0,NaN,NaN,NaN,0,0
14,127,1,2,1,0,NaN,NaN,NaN,0,0
14,128,1,2,1,0,NaN,NaN,NaN,0,0
14,129,1,2,1,0,NaN,NaN,NaN,0,0
14,130,1,2,2,1,486,509,442,-3,0
14,131,1,2,2,0,NaN,NaN,NaN,0,0
14,132,1,2,1,0,NaN,NaN,NaN,0,0
14,133,1,2,1,0,NaN,NaN,NaN,0,0
14,134,1,2,2,0,NaN,NaN,NaN,0,0
14,135,1,2,2,0,NaN,NaN,NaN,0,0
14,136,1,2,1,0,NaN,NaN,NaN,0,0
14,137,1,2,2,0,NaN,NaN,NaN,0,0
14,138,1,2,2,0,NaN,NaN,NaN,0,0
14,139,1,2,1,0,NaN,NaN,NaN,0,0
14,140,1,2,2,0,NaN,NaN,NaN,0,0
14,141,1,2,2,1,383,395,344,-9,0
14,142,1,2,2,0,NaN,NaN,NaN,0,0
14,143,1,2,1,0,NaN,NaN,NaN,0,0
14,144,1,2,1,0,NaN,NaN,NaN,0,0
14,145,1,2,2,0,NaN,NaN,NaN,0,0
14,146,1,2,2,1,304,NaN,278,-3,0
14,147,1,2,1,0,NaN,NaN,NaN,0,0
14,148,1,2,2,0,NaN,NaN,NaN,0,0
14,149,1,2,1,1,473,517,481,-1,0
14,150,1,2,2,0,NaN,NaN,NaN,0,0
14,151,1,2,2,1,226,228,222,0,0
14,152,1,2,1,1,194,195,160,1,0
14,153,1,2,1,0,NaN,NaN,NaN,0,0
14,154,1,2,1,1,278,287,248,0,0
14,155,1,2,2,0,NaN,NaN,NaN,0,0
14,156,1,2,1,0,NaN,NaN,NaN,0,0
14,157,1,2,2,0,NaN,NaN,NaN,0,0
14,158,1,2,2,1,338,351,305,-2,0
14,159,1,2,2,0,NaN,NaN,NaN,0,0
14,160,1,2,2,0,NaN,NaN,NaN,0,0
14,161,1,2,1,1,133,217,176,-1,0
14,162,1,2,2,0,NaN,NaN,NaN,0,0
14,163,1,2,1,0,NaN,NaN,NaN,0,0
14,164,1,2,2,0,NaN,NaN,NaN,0,0
14,165,1,2,1,0,NaN,NaN,NaN,0,0
14,166,1,2,1,1,410,430,398,-3,0
14,167,1,2,1,0,NaN,NaN,NaN,0,0
14,168,1,2,2,0,NaN,NaN,NaN,0,0
14,169,1,2,1,0,NaN,NaN,NaN,0,0
14,170,1,2,2,1,276,299,253,-2,0
14,171,1,2,2,0,NaN,NaN,NaN,0,0
14,172,1,2,2,0,NaN,NaN,NaN,0,0
14,173,1,2,2,1,138,288,256,-1,0
14,174,1,2,1,0,NaN,NaN,NaN,0,0
14,175,1,2,1,1,267,286,244,0,0
14,176,1,2,2,0,NaN,NaN,NaN,0,0
14,177,1,2,1,1,270,282,244,0,0
14,178,1,2,2,0,NaN,NaN,NaN,0,0
14,179,1,2,2,0,NaN,NaN,NaN,0,0
14,180,1,2,2,0,NaN,NaN,NaN,0,0
14,181,1,2,2,0,NaN,NaN,NaN,0,0
14,182,1,2,1,0,NaN,NaN,NaN,0,0
14,183,1,2,2,0,NaN,NaN,NaN,0,0
14,184,1,2,1,1,375,402,371,-5,0
14,185,1,2,2,1,348,351,325,1,0
14,186,1,2,1,0,NaN,NaN,NaN,0,0
14,187,1,2,1,1,128,413,373,0,0
14,188,1,2,1,0,NaN,NaN,NaN,0,0
14,189,1,2,1,0,NaN,NaN,NaN,0,0
14,190,1,2,2,0,NaN,NaN,NaN,0,0
14,191,1,2,2,0,NaN,NaN,NaN,0,0
14,192,1,2,1,0,NaN,NaN,NaN,0,0
14,193,1,2,2,0,NaN,NaN,NaN,0,0
14,194,1,2,2,1,263,295,248,-5,0
14,195,1,2,2,1,774,805,743,1,0
14,196,1,2,1,0,NaN,NaN,NaN,0,0
14,197,1,2,2,0,NaN,NaN,NaN,0,0
14,198,1,2,2,0,NaN,NaN,NaN,0,0
14,199,1,2,1,1,410,428,333,-2,0
14,200,1,2,1,0,NaN,NaN,NaN,0,0
14,201,1,2,2,0,NaN,NaN,NaN,0,0
14,202,1,2,1,0,NaN,NaN,NaN,0,0
14,203,1,2,2,0,NaN,NaN,NaN,0,0
14,204,1,2,1,0,NaN,NaN,NaN,0,0
14,205,1,2,2,1,295,312,275,-4,0
14,206,1,2,2,0,NaN,NaN,NaN,0,0
14,207,1,2,2,0,NaN,NaN,NaN,0,0
14,208,1,2,2,0,NaN,NaN,NaN,0,0
14,209,1,2,1,0,NaN,NaN,NaN,0,0
14,210,1,2,1,0,NaN,NaN,NaN,0,0
14,211,1,2,1,0,NaN,NaN,NaN,0,0
14,212,1,2,1,1,369,386,337,-5,0
14,213,1,2,2,1,246,264,210,1,0
14,214,1,2,1,1,265,317,278,2,0
14,215,1,2,1,0,NaN,NaN,NaN,0,0
14,216,1,2,2,1,52,340,306,0,0
14,217,1,2,1,0,NaN,NaN,NaN,0,0
14,218,1,2,2,0,NaN,NaN,NaN,0,0
14,219,1,2,2,0,NaN,NaN,NaN,0,0
14,220,1,2,2,0,NaN,NaN,NaN,0,0
14,221,1,2,2,0,NaN,NaN,NaN,0,0
14,222,1,2,2,0,NaN,NaN,NaN,0,0
14,223,1,2,1,1,275,289,235,-5,0
14,224,1,2,2,0,NaN,NaN,NaN,0,0
14,225,1,2,1,0,NaN,NaN,NaN,0,0
14,226,1,2,1,0,NaN,NaN,NaN,0,0
14,227,1,2,2,1,104,296,218,-2,0
14,228,1,2,1,0,NaN,NaN,NaN,0,0
14,229,1,2,1,0,NaN,NaN,NaN,0,0
14,230,1,2,1,0,NaN,NaN,NaN,0,0
14,231,1,2,1,0,NaN,NaN,NaN,0,0
14,232,1,2,2,0,NaN,NaN,NaN,0,0
14,233,1,2,2,0,NaN,NaN,NaN,0,0
14,234,1,2,1,1,226,229,194,-5,0
14,235,1,2,1,0,NaN,NaN,NaN,0,0
14,236,1,2,2,0,NaN,NaN,NaN,0,0
14,237,1,2,2,0,NaN,NaN,NaN,0,0
14,238,1,2,2,0,NaN,NaN,NaN,0,0
14,239,1,2,1,1,251,270,246,-3,0
14,240,1,2,1,0,NaN,NaN,NaN,0,0
15,1,1,2,1,0,NaN,NaN,NaN,0,0
15,2,1,2,2,0,NaN,NaN,NaN,0,0
15,3,1,2,1,0,NaN,NaN,NaN,0,0
15,4,1,2,2,1,224,268,232,-2,0
15,5,1,2,1,1,273,286,222,1,0
15,6,1,2,2,0,NaN,NaN,NaN,0,0
15,7,1,2,2,0,NaN,NaN,NaN,0,0
15,8,1,2,2,0,NaN,NaN,NaN,0,0
15,9,1,2,1,1,274,286,252,-2,0
15,10,1,2,2,0,NaN,NaN,NaN,0,0
15,11,1,2,1,1,252,263,219,0,0
15,12,1,2,1,0,NaN,NaN,NaN,0,0
15,13,1,2,1,0,NaN,NaN,NaN,0,0
15,14,1,2,2,0,NaN,NaN,NaN,0,0
15,15,1,2,2,0,NaN,NaN,NaN,0,0
15,16,1,2,2,1,245,275,255,-3,0
15,17,1,2,2,0,NaN,NaN,NaN,0,0
15,18,1,2,1,0,NaN,NaN,NaN,0,0
15,19,1,2,2,0,NaN,NaN,NaN,0,0
15,20,1,2,1,1,239,257,198,-2,0
15,21,1,2,2,1,281,301,275,1,0
15,22,1,2,1,0,NaN,NaN,NaN,0,0
15,23,1,2,2,0,NaN,NaN,NaN,0,0
15,24,1,2,2,0,NaN,NaN,NaN,0,0
15,25,1,2,2,1,410,414,381,-2,0
15,26,1,2,2,0,NaN,NaN,NaN,0,0
15,27,1,2,2,1,430,459,395,0,0
15,28,1,2,1,0,NaN,NaN,NaN,0,0
15,29,1,2,1,0,NaN,NaN,NaN,0,0
15,30,1,2,1,1,244,259,254,-1,0
15,31,1,2,1,0,NaN,NaN,NaN,0,0
15,32,1,2,2,0,NaN,NaN,NaN,0,0
15,33,1,2,2,0,NaN,NaN,NaN,0,0
15,34,1,2,2,0,NaN,NaN,NaN,0,0
15,35,1,2,1,0,NaN,NaN,NaN,0,0
15,36,1,2,2,0,NaN,NaN,NaN,0,0
15,37,1,2,1,1,1359,1371,1310,-5,0
15,38,1,2,1,0,NaN,NaN,NaN,0,0
15,39,1,2,1,0,NaN,NaN,NaN,0,0
15,40,1,2,2,0,NaN,NaN,NaN,0,0
15,41,1,2,1,0,NaN,NaN,NaN,0,0
15,42,1,2,2,0,NaN,NaN,NaN,0,0
15,43,1,2,1,0,NaN,NaN,NaN,0,0
15,44,1,2,2,0,NaN,NaN,NaN,0,0
15,45,1,2,1,0,NaN,NaN,NaN,0,0
15,46,1,2,1,1,244,249,202,-7,0
15,47,1,2,1,0,NaN,NaN,NaN,0,0
15,48,1,2,1,0,NaN,NaN,NaN,0,0
15,49,1,2,1,0,NaN,NaN,NaN,0,0
15,50,1,2,1,0,NaN,NaN,NaN,0,0
15,51,1,2,2,1,159,314,307,-3,0
15,52,1,2,1,0,NaN,NaN,NaN,0,0
15,53,1,2,2,0,NaN,NaN,NaN,0,0
15,54,1,2,1,1,379,421,391,-1,0
15,55,1,2,1,0,NaN,NaN,NaN,0,0
15,56,1,2,2,1,292,293,263,0,0
15,57,1,2,2,0,NaN,NaN,NaN,0,0
15,58,1,2,1,0,NaN,NaN,NaN,0,0
15,59,1,2,2,0,NaN,NaN,NaN,0,0
15,60,1,2,2,0,NaN,NaN,NaN,0,0
15,61,1,2,2,0,NaN,NaN,NaN,0,0
15,62,1,2,1,1,428,451,399,-4,0
15,63,1,2,1,0,NaN,NaN,NaN,0,0
15,64,1,2,2,0,NaN,NaN,NaN,0,0
15,65,1,2,1,1,115,283,266,-1,0
15,66,1,2,2,0,NaN,NaN,NaN,0,0
15,67,1,2,1,0,NaN,NaN,NaN,0,0
15,68,1,2,1,1,298,312,262,-1,0
15,69,1,2,2,0,NaN,NaN,NaN,0,0
15,70,1,2,1,0,NaN,NaN,NaN,0,0
15,71,1,2,2,0,NaN,NaN,NaN,0,0
15,72,1,2,2,1,357,473,399,-2,0
15,73,1,2,1,0,NaN,NaN,NaN,0,0
15,74,1,2,2,0,NaN,NaN,NaN,0,0
15,75,1,2,2,1,264,266,239,-1,0
15,76,1,2,2,0,NaN,NaN,NaN,0,0
15,77,1,2,2,0,NaN,NaN,NaN,0,0
15,78,1,2,1,1,254,300,263,-1,0
15,79,1,2,1,0,NaN,NaN,NaN,0,0
15,80,1,2,1,1,202,785,772,0,0
15,81,1,2,2,1,269,282,215,1,0
15,82,1,2,2,0,NaN,NaN,NaN,0,0
15,83,1,2,2,0,NaN,NaN,NaN,0,0
15,84,1,2,1,0,NaN,NaN,NaN,0,0
15,85,1,2,1,1,293,306,272,-2,0
15,86,1,2,2,0,NaN,NaN,NaN,0,0
15,87,1,2,1,0,NaN,NaN,NaN,0,0
15,88,1,2,2,0,NaN,NaN,NaN,0,0
15,89,1,2,1,0,NaN,NaN,NaN,0,0
15,90,1,2,2,0,NaN,NaN,NaN,0,0
15,91,1,2,2,1,480,492,448,-4,0
15,92,1,2,2,0,NaN,NaN,NaN,0,0
15,93,1,2,1,0,NaN,NaN,NaN,0,0
15,94,1,2,2,0,NaN,NaN,NaN,0,0
15,95,1,2,2,0,NaN,NaN,NaN,0,0
15,96,1,2,2,0,NaN,NaN,NaN,0,0
15,97,1,2,1,0,NaN,NaN,NaN,0,0
15,98,1,2,2,0,NaN,NaN,NaN,0,0
15,99,1,2,1,0,NaN,NaN,NaN,0,0
15,100,1,2,2,1,522,543,516,-7,0
15,101,1,2,1,0,NaN,NaN,NaN,0,0
15,102,1,2,1,0,NaN,NaN,NaN,0,0
15,103,1,2,1,0,NaN,NaN,NaN,0,0
15,104,1,2,2,1,550,564,508,-2,0
15,105,1,2,1,0,NaN,NaN,NaN,0,0
15,106,1,2,2,0,NaN,NaN,NaN,0,0
15,107,1,2,1,0,NaN,NaN,NaN,0,0
15,108,1,2,1,0,NaN,NaN,NaN,0,0
15,109,1,2,1,0,NaN,NaN,NaN,0,0
15,110,1,2,2,0,NaN,NaN,NaN,0,0
15,111,1,2,2,0,NaN,NaN,NaN,0,0
15,112,1,2,2,0,NaN,NaN,NaN,0,0
15,113,1,2,1,1,54,270,258,-7,0
15,114,1,2,1,0,NaN,NaN,NaN,0,0
15,115,1,2,1,0,NaN,NaN,NaN,0,0
15,116,1,2,1,1,293,315,236,-1,0
15,117,1,2,1,0,NaN,NaN,NaN,0,0
15,118,1,2,2,0,NaN,NaN,NaN,0,0
15,119,1,2,1,0,NaN,NaN,NaN,0,0
15,120,1,2,2,1,281,361,304,-2,0
15,121,1,1,2,1,534,536,530,1,0
15,122,1,1,2,1,322,352,329,2,0
15,123,1,1,1,1,311,336,304,3,0
15,124,1,1,1,0,NaN,NaN,NaN,0,0
15,125,1,1,1,1,317,330,268,0,0
15,126,1,1,1,1,NaN,NaN,NaN,1,1
15,127,1,1,2,0,NaN,NaN,NaN,0,0
15,128,1,1,2,1,280,327,276,0,0
15,129,1,1,2,1,240,333,309,1,0
15,130,1,1,2,1,312,346,286,2,0
15,131,1,1,1,0,NaN,NaN,NaN,0,0
15,132,1,1,2,1,377,415,348,0,0
15,133,1,1,2,1,402,421,352,1,0
15,134,1,1,1,0,NaN,NaN,NaN,0,0
15,135,1,1,2,0,NaN,NaN,NaN,0,0
15,136,1,1,1,0,NaN,NaN,NaN,0,0
15,137,1,1,2,1,686,697,665,-2,0
15,138,1,1,1,0,NaN,NaN,NaN,0,0
15,139,1,1,1,1,453,467,419,0,0
15,140,1,1,1,1,348,368,322,1,0
15,141,1,1,2,1,270,292,234,2,0
15,142,1,1,1,1,433,436,401,3,0
15,143,1,1,1,1,241,253,208,4,0
15,144,1,1,2,1,280,303,240,5,0
15,145,1,1,2,1,272,472,335,6,0
15,146,1,1,2,1,78,271,242,7,0
15,147,1,1,1,0,NaN,NaN,NaN,0,0
15,148,1,1,2,1,315,361,324,0,0
15,149,1,1,2,0,NaN,NaN,NaN,0,0
15,150,1,1,1,1,240,264,211,0,0
15,151,1,1,1,1,269,284,250,1,0
15,152,1,1,1,1,232,251,191,2,0
15,153,1,1,1,1,272,340,323,3,0
15,154,1,1,2,1,230,272,239,4,0
15,155,1,1,2,1,202,230,212,5,0
15,156,1,1,2,0,NaN,NaN,NaN,0,0
15,157,1,1,2,1,220,235,161,0,0
15,158,1,1,1,1,241,256,199,1,0
15,159,1,1,2,1,309,323,248,2,0
15,160,1,1,1,0,NaN,NaN,NaN,0,0
15,161,1,1,1,0,NaN,NaN,NaN,0,0
15,162,1,1,2,1,443,466,450,-1,0
15,163,1,1,1,1,228,230,206,1,0
15,164,1,1,1,1,203,293,239,2,0
15,165,1,1,1,1,199,212,155,3,0
15,166,1,1,1,1,322,353,288,4,0
15,167,1,1,1,1,251,252,200,5,0
15,168,1,1,1,1,241,251,191,6,0
15,169,1,1,2,0,NaN,NaN,NaN,0,0
15,170,1,1,2,1,295,312,241,0,0
15,171,1,1,2,1,279,331,271,1,0
15,172,1,1,2,0,NaN,NaN,NaN,0,0
15,173,1,1,1,1,238,257,216,0,0
15,174,1,1,2,1,671,875,856,1,0
15,175,1,1,1,1,242,257,215,2,0
15,176,1,1,2,0,NaN,NaN,NaN,0,0
15,177,1,1,2,1,251,253,210,0,0
15,178,1,1,1,1,228,242,214,1,0
15,179,1,1,2,1,256,258,240,2,0
15,180,1,1,1,1,200,254,213,3,0
15,181,1,1,2,0,NaN,NaN,NaN,0,0
15,182,1,1,2,1,562,591,529,0,0
15,183,1,1,1,1,286,332,262,1,0
15,184,1,1,1,1,219,223,185,2,0
15,185,1,1,1,1,254,273,204,3,0
15,186,1,1,2,1,291,307,232,4,0
15,187,1,1,1,1,227,253,185,5,0
15,188,1,1,1,0,NaN,NaN,NaN,0,0
15,189,1,1,1,0,NaN,NaN,NaN,0,0
15,190,1,1,1,1,37,413,364,-1,0
15,191,1,1,2,1,254,273,217,1,0
15,192,1,1,2,1,219,257,228,2,0
15,193,1,1,1,1,318,335,275,3,0
15,194,1,1,2,1,47,483,168,4,0
15,195,1,1,2,1,351,363,276,5,0
15,196,1,1,1,1,544,547,528,6,0
15,197,1,1,2,1,266,312,221,7,0
15,198,1,1,1,1,336,338,277,8,0
15,199,1,1,1,1,233,261,200,9,0
15,200,1,1,2,0,NaN,NaN,NaN,0,0
15,201,1,1,1,1,307,309,269,0,0
15,202,1,1,1,1,242,254,214,1,0
15,203,1,1,2,0,NaN,NaN,NaN,0,0
15,204,1,1,2,1,327,376,338,0,0
15,205,1,1,2,1,417,430,391,1,0
15,206,1,1,2,1,246,258,215,2,0
15,207,1,1,1,0,NaN,NaN,NaN,0,0
15,208,1,1,1,1,297,325,290,0,0
15,209,1,1,1,0,NaN,NaN,NaN,0,0
15,210,1,1,1,1,232,245,203,0,0
15,211,1,1,2,0,NaN,NaN,NaN,0,0
15,212,1,1,2,1,395,405,367,0,0
15,213,1,1,1,0,NaN,NaN,NaN,0,0
15,214,1,1,2,0,NaN,NaN,NaN,0,0
15,215,1,1,1,1,230,257,238,-1,0
15,216,1,1,2,1,472,488,465,1,0
15,217,1,1,1,0,NaN,NaN,NaN,0,0
15,218,1,1,1,1,319,330,279,0,0
15,219,1,1,2,1,730,739,691,1,0
15,220,1,1,2,1,409,432,391,2,0
15,221,1,1,1,1,242,277,252,3,0
15,222,1,1,2,1,240,241,236,4,0
15,223,1,1,1,0,NaN,NaN,NaN,0,0
15,224,1,1,2,1,261,263,245,0,0
15,225,1,1,1,1,330,340,296,1,0
15,226,1,1,2,1,269,279,220,2,0
15,227,1,1,2,1,304,316,265,3,0
15,228,1,1,2,0,NaN,NaN,NaN,0,0
15,229,1,1,1,1,353,378,345,0,0
15,230,1,1,2,1,263,277,237,1,0
15,231,1,1,2,1,239,311,234,2,0
15,232,1,1,1,1,258,302,267,3,0
15,233,1,1,1,1,289,298,241,4,0
15,234,1,1,1,1,353,361,273,5,0
15,235,1,1,2,1,390,405,351,6,0
15,236,1,1,2,0,NaN,NaN,NaN,0,0
15,237,1,1,1,1,228,231,206,0,0
15,238,1,1,1,0,NaN,NaN,NaN,0,0
15,239,1,1,2,1,222,423,416,0,0
15,240,1,1,2,1,237,251,223,1,0
16,1,1,1,2,0,NaN,NaN,NaN,0,0
16,2,1,1,1,0,NaN,NaN,NaN,0,0
16,3,1,1,1,1,308,337,302,-1,0
16,4,1,1,2,1,169,388,357,1,0
16,5,1,1,2,1,574,640,521,2,0
16,6,1,1,2,1,270,297,238,3,0
16,7,1,1,2,1,98,286,234,4,0
16,8,1,1,1,0,NaN,NaN,NaN,0,0
16,9,1,1,2,1,224,233,189,0,0
16,10,1,1,1,1,280,302,248,1,0
16,11,1,1,2,1,236,268,189,2,0
16,12,1,1,1,0,NaN,NaN,NaN,0,0
16,13,1,1,2,1,198,203,159,0,0
16,14,1,1,2,1,333,362,316,1,0
16,15,1,1,1,1,303,323,278,2,0
16,16,1,1,2,1,309,346,272,3,0
16,17,1,1,1,1,338,340,276,4,0
16,18,1,1,1,1,104,313,281,5,0
16,19,1,1,1,0,NaN,NaN,NaN,0,0
16,20,1,1,2,0,NaN,NaN,NaN,0,0
16,21,1,1,1,1,223,249,196,-1,0
16,22,1,1,2,0,NaN,NaN,NaN,0,0
16,23,1,1,1,0,NaN,NaN,NaN,0,0
16,24,1,1,1,1,291,293,260,-1,0
16,25,1,1,2,1,280,321,303,1,0
16,26,1,1,1,1,367,389,325,2,0
16,27,1,1,2,1,309,328,304,3,0
16,28,1,1,2,1,270,273,263,4,0
16,29,1,1,1,1,198,204,157,5,0
16,30,1,1,1,1,311,332,283,6,0
16,31,1,1,2,1,65,199,149,7,0
16,32,1,1,1,1,218,230,187,8,0
16,33,1,1,2,1,265,282,239,9,0
16,34,1,1,1,1,256,269,221,10,0
16,35,1,1,1,1,229,241,171,11,0
16,36,1,1,1,1,315,317,289,12,0
16,37,1,1,2,1,269,324,280,13,0
16,38,1,1,2,1,225,231,186,14,0
16,39,1,1,2,0,NaN,NaN,NaN,0,0
16,40,1,1,1,1,289,301,255,0,0
16,41,1,1,1,1,272,320,254,1,0
16,42,1,1,2,0,NaN,NaN,NaN,0,0
16,43,1,1,1,0,NaN,NaN,NaN,0,0
16,44,1,1,2,1,259,273,229,-1,0
16,45,1,1,2,1,158,254,193,1,0
16,46,1,1,2,1,295,334,246,2,0
16,47,1,1,2,1,263,327,245,3,0
16,48,1,1,1,1,175,216,189,4,0
16,49,1,1,2,1,209,211,182,5,0
16,50,1,1,1,0,NaN,NaN,NaN,0,0
16,51,1,1,1,1,367,387,328,0,0
16,52,1,1,1,1,298,301,282,1,0
16,53,1,1,2,0,NaN,NaN,NaN,0,0
16,54,1,1,2,1,68,292,251,0,0
16,55,1,1,1,0,NaN,NaN,NaN,0,0
16,56,1,1,1,1,267,271,200,0,0
16,57,1,1,2,1,305,314,287,1,0
16,58,1,1,1,1,275,301,255,2,0
16,59,1,1,1,1,270,306,267,3,0
16,60,1,1,2,0,NaN,NaN,NaN,0,0
16,61,1,1,2,0,NaN,NaN,NaN,0,0
16,62,1,1,1,1,203,296,261,-1,0
16,63,1,1,2,0,NaN,NaN,NaN,0,0
16,64,1,1,1,1,228,240,201,0,0
16,65,1,1,1,1,288,291,259,1,0
16,66,1,1,1,0,NaN,NaN,NaN,0,0
16,67,1,1,2,0,NaN,NaN,NaN,0,0
16,68,1,1,2,1,287,304,248,-1,0
16,69,1,1,1,1,392,880,763,1,0
16,70,1,1,1,1,235,265,213,2,0
16,71,1,1,2,1,167,193,162,3,0
16,72,1,1,1,1,290,297,259,4,0
16,73,1,1,2,1,208,222,202,5,0
16,74,1,1,2,1,140,234,230,6,0
16,75,1,1,2,1,204,206,201,7,0
16,76,1,1,1,1,208,224,182,8,0
16,77,1,1,2,0,NaN,NaN,NaN,0,0
16,78,1,1,1,0,NaN,NaN,NaN,0,0
16,79,1,1,2,1,286,306,243,-1,0
16,80,1,1,1,1,321,333,293,1,0
16,81,1,1,1,1,221,247,229,2,0
16,82,1,1,1,1,255,258,199,3,0
16,83,1,1,1,1,216,219,173,4,0
16,84,1,1,1,1,249,250,258,5,0
16,85,1,1,2,1,173,233,204,6,0
16,86,1,1,2,0,NaN,NaN,NaN,0,0
16,87,1,1,2,1,306,308,281,0,0
16,88,1,1,2,1,176,190,160,1,0
16,89,1,1,2,1,259,298,270,2,0
16,90,1,1,1,1,305,313,280,3,0
16,91,1,1,2,1,293,309,303,4,0
16,92,1,1,2,1,238,261,204,5,0
16,93,1,1,1,1,259,277,236,6,0
16,94,1,1,2,0,NaN,NaN,NaN,0,0
16,95,1,1,1,0,NaN,NaN,NaN,0,0
16,96,1,1,2,0,NaN,NaN,NaN,0,0
16,97,1,1,1,1,266,314,233,-2,0
16,98,1,1,1,0,NaN,NaN,NaN,0,0
16,99,1,1,2,1,260,272,223,0,0
16,100,1,1,2,1,241,255,191,1,0
16,101,1,1,1,1,204,232,191,2,0
16,102,1,1,1,1,178,314,187,3,0
16,103,1,1,1,0,NaN,NaN,NaN,0,0
16,104,1,1,2,1,175,177,160,0,0
16,105,1,1,2,1,196,222,180,1,0
16,106,1,1,1,0,NaN,NaN,NaN,0,0
16,107,1,1,2,1,103,242,217,0,0
16,108,1,1,1,1,446,450,434,1,0
16,109,1,1,1,0,NaN,NaN,NaN,0,0
16,110,1,1,2,1,225,240,208,0,0
16,111,1,1,1,1,99,148,143,1,0
16,112,1,1,1,0,NaN,NaN,NaN,0,0
16,113,1,1,2,1,181,245,140,0,0
16,114,1,1,2,1,210,247,220,1,0
16,115,1,1,2,1,120,208,180,2,0
16,116,1,1,2,1,211,235,220,3,0
16,117,1,1,1,1,271,281,256,4,0
16,118,1,1,1,1,181,245,211,5,0
16,119,1,1,1,1,231,248,196,6,0
16,120,1,1,2,1,240,278,190,7,0
16,121,1,2,2,0,NaN,NaN,NaN,0,0
16,122,1,2,1,1,572,575,547,0,0
16,123,1,2,2,0,NaN,NaN,NaN,0,0
16,124,1,2,1,0,NaN,NaN,NaN,0,0
16,125,1,2,1,0,NaN,NaN,NaN,0,0
16,126,1,2,2,0,NaN,NaN,NaN,0,0
16,127,1,2,2,1,249,251,224,-3,0
16,128,1,2,2,0,NaN,NaN,NaN,0,0
16,129,1,2,1,0,NaN,NaN,NaN,0,0
16,130,1,2,2,0,NaN,NaN,NaN,0,0
16,131,1,2,1,0,NaN,NaN,NaN,0,0
16,132,1,2,1,1,471,473,430,-3,0
16,133,1,2,2,0,NaN,NaN,NaN,0,0
16,134,1,2,1,0,NaN,NaN,NaN,0,0
16,135,1,2,1,1,498,512,483,-1,0
16,136,1,2,2,0,NaN,NaN,NaN,0,0
16,137,1,2,2,0,NaN,NaN,NaN,0,0
16,138,1,2,1,0,NaN,NaN,NaN,0,0
16,139,1,2,1,0,NaN,NaN,NaN,0,0
16,140,1,2,2,0,NaN,NaN,NaN,0,0
16,141,1,2,2,0,NaN,NaN,NaN,0,0
16,142,1,2,1,0,NaN,NaN,NaN,0,0
16,143,1,2,1,0,NaN,NaN,NaN,0,0
16,144,1,2,1,1,93,273,246,-7,0
16,145,1,2,2,0,NaN,NaN,NaN,0,0
16,146,1,2,1,0,NaN,NaN,NaN,0,0
16,147,1,2,1,0,NaN,NaN,NaN,0,0
16,148,1,2,2,0,NaN,NaN,NaN,0,0
16,149,1,2,1,1,909,916,864,-3,0
16,150,1,2,2,0,NaN,NaN,NaN,0,0
16,151,1,2,2,0,NaN,NaN,NaN,0,0
16,152,1,2,1,0,NaN,NaN,NaN,0,0
16,153,1,2,2,1,410,414,388,-2,0
16,154,1,2,1,1,304,310,279,1,0
16,155,1,2,2,1,327,341,308,2,0
16,156,1,2,2,0,NaN,NaN,NaN,0,0
16,157,1,2,1,0,NaN,NaN,NaN,0,0
16,158,1,2,2,0,NaN,NaN,NaN,0,0
16,159,1,2,1,0,NaN,NaN,NaN,0,0
16,160,1,2,2,0,NaN,NaN,NaN,0,0
16,161,1,2,2,0,NaN,NaN,NaN,0,0
16,162,1,2,1,0,NaN,NaN,NaN,0,0
16,163,1,2,1,0,NaN,NaN,NaN,0,0
16,164,1,2,1,1,452,460,442,-7,0
16,165,1,2,2,0,NaN,NaN,NaN,0,0
16,166,1,2,2,1,362,365,335,0,0
16,167,1,2,1,0,NaN,NaN,NaN,0,0
16,168,1,2,1,0,NaN,NaN,NaN,0,0
16,169,1,2,2,0,NaN,NaN,NaN,0,0
16,170,1,2,2,0,NaN,NaN,NaN,0,0
16,171,1,2,1,0,NaN,NaN,NaN,0,0
16,172,1,2,1,0,NaN,NaN,NaN,0,0
16,173,1,2,1,0,NaN,NaN,NaN,0,0
16,174,1,2,2,1,562,584,503,-6,0
16,175,1,2,2,0,NaN,NaN,NaN,0,0
16,176,1,2,2,1,254,306,249,0,0
16,177,1,2,2,1,167,243,171,1,0
16,178,1,2,1,0,NaN,NaN,NaN,0,0
16,179,1,2,1,1,388,390,368,0,0
16,180,1,2,2,0,NaN,NaN,NaN,0,0
16,181,1,2,2,0,NaN,NaN,NaN,0,0
16,182,1,2,2,0,NaN,NaN,NaN,0,0
16,183,1,2,2,0,NaN,NaN,NaN,0,0
16,184,1,2,1,0,NaN,NaN,NaN,0,0
16,185,1,2,1,0,NaN,NaN,NaN,0,0
16,186,1,2,2,1,409,411,392,-5,0
16,187,1,2,1,0,NaN,NaN,NaN,0,0
16,188,1,2,1,0,NaN,NaN,NaN,0,0
16,189,1,2,1,1,634,651,605,-1,0
16,190,1,2,2,1,303,305,261,1,0
16,191,1,2,2,0,NaN,NaN,NaN,0,0
16,192,1,2,2,0,NaN,NaN,NaN,0,0
16,193,1,2,2,1,286,317,295,-1,0
16,194,1,2,1,0,NaN,NaN,NaN,0,0
16,195,1,2,1,0,NaN,NaN,NaN,0,0
16,196,1,2,1,1,288,298,257,-1,0
16,197,1,2,2,0,NaN,NaN,NaN,0,0
16,198,1,2,1,0,NaN,NaN,NaN,0,0
16,199,1,2,1,0,NaN,NaN,NaN,0,0
16,200,1,2,1,1,437,452,414,-2,0
16,201,1,2,2,0,NaN,NaN,NaN,0,0
16,202,1,2,1,0,NaN,NaN,NaN,0,0
16,203,1,2,2,1,365,393,377,-1,0
16,204,1,2,2,0,NaN,NaN,NaN,0,0
16,205,1,2,2,0,NaN,NaN,NaN,0,0
16,206,1,2,1,0,NaN,NaN,NaN,0,0
16,207,1,2,2,0,NaN,NaN,NaN,0,0
16,208,1,2,1,0,NaN,NaN,NaN,0,0
16,209,1,2,2,0,NaN,NaN,NaN,0,0
16,210,1,2,2,1,296,333,254,-5,0
16,211,1,2,2,0,NaN,NaN,NaN,0,0
16,212,1,2,2,1,592,595,565,0,0
16,213,1,2,2,1,326,375,323,1,0
16,214,1,2,1,1,294,305,272,2,0
16,215,1,2,1,0,NaN,NaN,NaN,0,0
16,216,1,2,1,0,NaN,NaN,NaN,0,0
16,217,1,2,1,0,NaN,NaN,NaN,0,0
16,218,1,2,1,0,NaN,NaN,NaN,0,0
16,219,1,2,2,0,NaN,NaN,NaN,0,0
16,220,1,2,1,0,NaN,NaN,NaN,0,0
16,221,1,2,1,1,345,426,290,-5,0
16,222,1,2,2,0,NaN,NaN,NaN,0,0
16,223,1,2,2,0,NaN,NaN,NaN,0,0
16,224,1,2,1,1,362,384,314,-1,0
16,225,1,2,2,0,NaN,NaN,NaN,0,0
16,226,1,2,2,0,NaN,NaN,NaN,0,0
16,227,1,2,2,0,NaN,NaN,NaN,0,0
16,228,1,2,2,0,NaN,NaN,NaN,0,0
16,229,1,2,1,1,519,532,500,-3,0
16,230,1,2,2,0,NaN,NaN,NaN,0,0
16,231,1,2,1,1,341,358,323,0,0
16,232,1,2,1,0,NaN,NaN,NaN,0,0
16,233,1,2,1,0,NaN,NaN,NaN,0,0
16,234,1,2,2,0,NaN,NaN,NaN,0,0
16,235,1,2,1,0,NaN,NaN,NaN,0,0
16,236,1,2,1,0,NaN,NaN,NaN,0,0
16,237,1,2,2,0,NaN,NaN,NaN,0,0
16,238,1,2,2,0,NaN,NaN,NaN,0,0
16,239,1,2,1,0,NaN,NaN,NaN,0,0
16,240,1,2,1,0,NaN,NaN,NaN,0,0
17,1,1,2,1,0,NaN,NaN,NaN,0,0
17,2,1,2,1,0,NaN,NaN,NaN,0,0
17,3,1,2,2,1,287,323,258,-1,0
17,4,1,2,1,1,194,240,178,1,0
17,5,1,2,2,1,202,203,198,2,0
17,6,1,2,1,0,NaN,NaN,NaN,0,0
17,7,1,2,2,0,NaN,NaN,NaN,0,0
17,8,1,2,2,0,NaN,NaN,NaN,0,0
17,9,1,2,1,0,NaN,NaN,NaN,0,0
17,10,1,2,1,1,280,304,220,-3,0
17,11,1,2,1,0,NaN,NaN,NaN,0,0
17,12,1,2,1,1,272,285,266,0,0
17,13,1,2,1,0,NaN,NaN,NaN,0,0
17,14,1,2,1,0,NaN,NaN,NaN,0,0
17,15,1,2,2,0,NaN,NaN,NaN,0,0
17,16,1,2,1,0,NaN,NaN,NaN,0,0
17,17,1,2,2,0,NaN,NaN,NaN,0,0
17,18,1,2,2,0,NaN,NaN,NaN,0,0
17,19,1,2,1,1,383,390,360,-5,0
17,20,1,2,2,0,NaN,NaN,NaN,0,0
17,21,1,2,1,1,244,259,229,0,0
17,22,1,2,1,0,NaN,NaN,NaN,0,0
17,23,1,2,1,0,NaN,NaN,NaN,0,0
17,24,1,2,2,0,NaN,NaN,NaN,0,0
17,25,1,2,1,1,272,274,260,-2,0
17,26,1,2,2,1,315,329,252,1,0
17,27,1,2,1,0,NaN,NaN,NaN,0,0
17,28,1,2,2,0,NaN,NaN,NaN,0,0
17,29,1,2,2,0,NaN,NaN,NaN,0,0
17,30,1,2,2,0,NaN,NaN,NaN,0,0
17,31,1,2,2,0,NaN,NaN,NaN,0,0
17,32,1,2,2,0,NaN,NaN,NaN,0,0
17,33,1,2,2,1,412,488,361,-5,0
17,34,1,2,2,0,NaN,NaN,NaN,0,0
17,35,1,2,2,0,NaN,NaN,NaN,0,0
17,36,1,2,1,0,NaN,NaN,NaN,0,0
17,37,1,2,2,0,NaN,NaN,NaN,0,0
17,38,1,2,1,0,NaN,NaN,NaN,0,0
17,39,1,2,2,0,NaN,NaN,NaN,0,0
17,40,1,2,2,1,282,310,276,-5,0
17,41,1,2,1,0,NaN,NaN,NaN,0,0
17,42,1,2,1,0,NaN,NaN,NaN,0,0
17,43,1,2,2,0,NaN,NaN,NaN,0,0
17,44,1,2,2,1,467,481,476,-2,0
17,45,1,2,2,0,NaN,NaN,NaN,0,0
17,46,1,2,2,0,NaN,NaN,NaN,0,0
17,47,1,2,1,0,NaN,NaN,NaN,0,0
17,48,1,2,2,0,NaN,NaN,NaN,0,0
17,49,1,2,1,0,NaN,NaN,NaN,0,0
17,50,1,2,1,1,304,331,269,-4,0
17,51,1,2,1,0,NaN,NaN,NaN,0,0
17,52,1,2,2,0,NaN,NaN,NaN,0,0
17,53,1,2,2,0,NaN,NaN,NaN,0,0
17,54,1,2,1,0,NaN,NaN,NaN,0,0
17,55,1,2,2,0,NaN,NaN,NaN,0,0
17,56,1,2,1,0,NaN,NaN,NaN,0,0
17,57,1,2,1,0,NaN,NaN,NaN,0,0
17,58,1,2,1,1,612,623,585,-6,0
17,59,1,2,2,1,252,284,264,1,0
17,60,1,2,1,0,NaN,NaN,NaN,0,0
17,61,1,2,1,1,247,276,214,0,0
17,62,1,2,1,0,NaN,NaN,NaN,0,0
17,63,1,2,2,0,NaN,NaN,NaN,0,0
17,64,1,2,1,1,320,375,314,-1,0
17,65,1,2,1,0,NaN,NaN,NaN,0,0
17,66,1,2,1,0,NaN,NaN,NaN,0,0
17,67,1,2,1,0,NaN,NaN,NaN,0,0
17,68,1,2,2,1,249,274,226,-2,0
17,69,1,2,1,0,NaN,NaN,NaN,0,0
17,70,1,2,1,1,282,291,224,0,0
17,71,1,2,1,1,256,262,207,1,0
17,72,1,2,1,0,NaN,NaN,NaN,0,0
17,73,1,2,1,0,NaN,NaN,NaN,0,0
17,74,1,2,2,0,NaN,NaN,NaN,0,0
17,75,1,2,2,0,NaN,NaN,NaN,0,0
17,76,1,2,1,0,NaN,NaN,NaN,0,0
17,77,1,2,1,0,NaN,NaN,NaN,0,0
17,78,1,2,2,0,NaN,NaN,NaN,0,0
17,79,1,2,2,0,NaN,NaN,NaN,0,0
17,80,1,2,2,1,592,765,538,-7,0
17,81,1,2,2,0,NaN,NaN,NaN,0,0
17,82,1,2,2,0,NaN,NaN,NaN,0,0
17,83,1,2,1,1,271,276,244,-1,0
17,84,1,2,1,1,350,368,323,1,0
17,85,1,2,2,0,NaN,NaN,NaN,0,0
17,86,1,2,1,0,NaN,NaN,NaN,0,0
17,87,1,2,1,0,NaN,NaN,NaN,0,0
17,88,1,2,2,0,NaN,NaN,NaN,0,0
17,89,1,2,2,0,NaN,NaN,NaN,0,0
17,90,1,2,1,0,NaN,NaN,NaN,0,0
17,91,1,2,1,0,NaN,NaN,NaN,0,0
17,92,1,2,2,1,183,212,152,-6,0
17,93,1,2,2,1,288,301,258,1,0
17,94,1,2,2,0,NaN,NaN,NaN,0,0
17,95,1,2,1,0,NaN,NaN,NaN,0,0
17,96,1,2,2,0,NaN,NaN,NaN,0,0
17,97,1,2,2,1,298,311,273,-2,0
17,98,1,2,2,0,NaN,NaN,NaN,0,0
17,99,1,2,1,0,NaN,NaN,NaN,0,0
17,100,1,2,2,0,NaN,NaN,NaN,0,0
17,101,1,2,1,0,NaN,NaN,NaN,0,0
17,102,1,2,1,1,297,316,265,-3,0
17,103,1,2,2,0,NaN,NaN,NaN,0,0
17,104,1,2,2,0,NaN,NaN,NaN,0,0
17,105,1,2,2,0,NaN,NaN,NaN,0,0
17,106,1,2,1,0,NaN,NaN,NaN,0,0
17,107,1,2,2,1,565,570,521,-3,0
17,108,1,2,2,0,NaN,NaN,NaN,0,0
17,109,1,2,2,1,363,384,333,0,0
17,110,1,2,2,0,NaN,NaN,NaN,0,0
17,111,1,2,1,0,NaN,NaN,NaN,0,0
17,112,1,2,1,0,NaN,NaN,NaN,0,0
17,113,1,2,2,0,NaN,NaN,NaN,0,0
17,114,1,2,2,0,NaN,NaN,NaN,0,0
17,115,1,2,1,0,NaN,NaN,NaN,0,0
17,116,1,2,2,0,NaN,NaN,NaN,0,0
17,117,1,2,1,0,NaN,NaN,NaN,0,0
17,118,1,2,1,1,284,287,262,-7,0
17,119,1,2,1,0,NaN,NaN,NaN,0,0
17,120,1,2,2,0,NaN,NaN,NaN,0,0
17,121,1,1,1,0,NaN,NaN,NaN,0,0
17,122,1,1,1,0,NaN,NaN,NaN,0,0
17,123,1,1,2,1,320,323,279,-3,0
17,124,1,1,2,1,174,245,223,1,0
17,125,1,1,2,1,158,172,100,2,0
17,126,1,1,1,1,167,195,161,3,0
17,127,1,1,2,1,194,210,177,4,0
17,128,1,1,1,0,NaN,NaN,NaN,0,0
17,129,1,1,1,1,230,244,210,0,0
17,130,1,1,1,1,240,264,207,1,0
17,131,1,1,2,1,216,225,172,2,0
17,132,1,1,1,0,NaN,NaN,NaN,0,0
17,133,1,1,1,1,242,266,215,0,0
17,134,1,1,2,1,199,249,209,1,0
17,135,1,1,2,0,NaN,NaN,NaN,0,0
17,136,1,1,2,0,NaN,NaN,NaN,0,0
17,137,1,1,2,1,240,258,234,-1,0
17,138,1,1,2,1,128,271,200,1,0
17,139,1,1,2,1,303,314,263,2,0
17,140,1,1,2,1,291,306,246,3,0
17,141,1,1,1,1,212,223,182,4,0
17,142,1,1,1,1,31,181,151,5,0
17,143,1,1,2,1,241,262,173,6,0
17,144,1,1,1,1,231,232,202,7,0
17,145,1,1,1,1,195,196,154,8,0
17,146,1,1,1,1,146,185,139,9,0
17,147,1,1,1,0,NaN,NaN,NaN,0,0
17,148,1,1,2,0,NaN,NaN,NaN,0,0
17,149,1,1,1,1,281,283,259,-1,0
17,150,1,1,2,1,259,274,225,1,0
17,151,1,1,1,1,178,200,188,2,0
17,152,1,1,2,1,206,220,189,3,0
17,153,1,1,2,1,200,236,211,4,0
17,154,1,1,1,1,205,232,190,5,0
17,155,1,1,1,1,233,246,217,6,0
17,156,1,1,2,1,234,235,188,7,0
17,157,1,1,1,1,191,204,168,8,0
17,158,1,1,1,0,NaN,NaN,NaN,0,0
17,159,1,1,1,1,210,258,167,0,0
17,160,1,1,1,1,216,230,209,1,0
17,161,1,1,2,1,179,244,187,2,0
17,162,1,1,2,0,NaN,NaN,NaN,0,0
17,163,1,1,1,1,140,263,229,0,0
17,164,1,1,1,1,226,228,200,1,0
17,165,1,1,1,0,NaN,NaN,NaN,0,0
17,166,1,1,2,1,245,274,208,0,0
17,167,1,1,1,1,303,316,280,1,0
17,168,1,1,2,1,186,188,149,2,0
17,169,1,1,2,1,104,209,177,3,0
17,170,1,1,1,1,207,209,181,4,0
17,171,1,1,2,0,NaN,NaN,NaN,0,0
17,172,1,1,2,0,NaN,NaN,NaN,0,0
17,173,1,1,2,0,NaN,NaN,NaN,0,0
17,174,1,1,1,0,NaN,NaN,NaN,0,0
17,175,1,1,2,1,226,255,221,-3,0
17,176,1,1,2,1,228,230,223,1,0
17,177,1,1,2,1,282,301,243,2,0
17,178,1,1,1,1,175,206,185,3,0
17,179,1,1,2,1,NaN,NaN,NaN,4,1
17,180,1,1,1,1,217,228,204,5,0
17,181,1,1,2,1,285,286,268,6,0
17,182,1,1,1,1,203,223,190,7,0
17,183,1,1,2,1,304,318,240,8,0
17,184,1,1,2,1,121,145,117,9,0
17,185,1,1,2,0,NaN,NaN,NaN,0,0
17,186,1,1,2,1,178,193,77,0,0
17,187,1,1,1,1,182,184,170,1,0
17,188,1,1,1,0,NaN,NaN,NaN,0,0
17,189,1,1,1,0,NaN,NaN,NaN,0,0
17,190,1,1,2,1,262,281,224,-1,0
17,191,1,1,2,0,NaN,NaN,NaN,0,0
17,192,1,1,1,1,203,213,149,0,0
17,193,1,1,1,1,215,260,186,1,0
17,194,1,1,2,1,199,218,142,2,0
17,195,1,1,1,1,227,246,211,3,0
17,196,1,1,1,1,211,222,187,4,0
17,197,1,1,1,0,NaN,NaN,NaN,0,0
17,198,1,1,2,1,238,254,209,0,0
17,199,1,1,2,1,225,228,178,1,0
17,200,1,1,1,1,206,227,193,2,0
17,201,1,1,2,1,217,218,151,3,0
17,202,1,1,1,1,146,176,157,4,0
17,203,1,1,2,1,160,NaN,117,5,0
17,204,1,1,2,1,224,258,204,6,0
17,205,1,1,1,1,238,263,211,7,0
17,206,1,1,2,0,NaN,NaN,NaN,0,0
17,207,1,1,2,1,289,310,284,0,0
17,208,1,1,1,0,NaN,NaN,NaN,0,0
17,209,1,1,1,0,NaN,NaN,NaN,0,0
17,210,1,1,2,1,222,237,194,-1,0
17,211,1,1,2,0,NaN,NaN,NaN,0,0
17,212,1,1,1,1,142,152,125,0,0
17,213,1,1,1,1,240,266,130,1,0
17,214,1,1,2,0,NaN,NaN,NaN,0,0
17,215,1,1,2,0,NaN,NaN,NaN,0,0
17,216,1,1,1,1,237,249,183,-1,0
17,217,1,1,2,1,214,217,188,1,0
17,218,1,1,1,0,NaN,NaN,NaN,0,0
17,219,1,1,1,1,202,223,168,0,0
17,220,1,1,1,1,NaN,NaN,110,1,0
17,221,1,1,1,1,174,219,186,2,0
17,222,1,1,2,1,232,241,189,3,0
17,223,1,1,1,1,174,213,170,4,0
17,224,1,1,1,1,202,215,174,5,0
17,225,1,1,2,1,226,237,186,6,0
17,226,1,1,2,1,148,165,143,7,0
17,227,1,1,1,1,63,226,186,8,0
17,228,1,1,2,1,NaN,NaN,NaN,9,1
17,229,1,1,1,0,NaN,NaN,NaN,0,0
17,230,1,1,1,1,192,218,183,0,0
17,231,1,1,2,0,NaN,NaN,NaN,0,0
17,232,1,1,1,1,219,236,177,0,0
17,233,1,1,1,1,254,277,207,1,0
17,234,1,1,2,1,230,262,240,2,0
17,235,1,1,2,1,100,213,177,3,0
17,236,1,1,2,1,221,229,205,4,0
17,237,1,1,2,1,214,NaN,135,5,0
17,238,1,1,1,0,NaN,NaN,NaN,0,0
17,239,1,1,2,1,220,233,208,0,0
17,240,1,1,1,1,231,245,197,1,0
18,1,1,1,2,0,NaN,NaN,NaN,0,0
18,2,1,1,2,1,265,278,236,0,0
18,3,1,1,2,1,307,324,285,1,0
18,4,1,1,1,0,NaN,NaN,NaN,0,0
18,5,1,1,2,1,214,231,198,0,0
18,6,1,1,1,1,226,229,192,1,0
18,7,1,1,1,1,199,203,169,2,0
18,8,1,1,2,1,54,211,166,3,0
18,9,1,1,1,1,237,266,202,4,0
18,10,1,1,1,1,232,234,172,5,0
18,11,1,1,1,0,NaN,NaN,NaN,0,0
18,12,1,1,2,0,NaN,NaN,NaN,0,0
18,13,1,1,2,1,272,351,312,-1,0
18,14,1,1,1,0,NaN,NaN,NaN,0,0
18,15,1,1,2,1,242,308,226,0,0
18,16,1,1,2,1,247,259,214,1,0
18,17,1,1,2,1,388,389,360,2,0
18,18,1,1,2,0,NaN,NaN,NaN,0,0
18,19,1,1,1,1,250,253,219,0,0
18,20,1,1,1,0,NaN,NaN,NaN,0,0
18,21,1,1,1,1,220,233,186,0,0
18,22,1,1,2,1,296,314,266,1,0
18,23,1,1,2,1,202,320,277,2,0
18,24,1,1,1,1,216,218,178,3,0
18,25,1,1,2,0,NaN,NaN,NaN,0,0
18,26,1,1,2,1,126,278,216,0,0
18,27,1,1,2,0,NaN,NaN,NaN,0,0
18,28,1,1,1,1,296,298,249,0,0
18,29,1,1,2,1,293,307,223,1,0
18,30,1,1,2,1,291,294,258,2,0
18,31,1,1,2,1,256,271,206,3,0
18,32,1,1,1,1,182,200,147,4,0
18,33,1,1,2,1,230,243,206,5,0
18,34,1,1,2,1,212,214,181,6,0
18,35,1,1,2,0,NaN,NaN,NaN,0,0
18,36,1,1,1,1,245,254,212,0,0
18,37,1,1,2,1,214,214,210,1,0
18,38,1,1,1,1,227,236,185,2,0
18,39,1,1,1,1,86,251,213,3,0
18,40,1,1,1,1,358,361,329,4,0
18,41,1,1,1,1,218,220,213,5,0
18,42,1,1,1,1,208,247,218,6,0
18,43,1,1,1,0,NaN,NaN,NaN,0,0
18,44,1,1,1,1,116,148,271,0,0
18,45,1,1,1,1,271,275,244,1,0
18,46,1,1,2,1,219,244,189,2,0
18,47,1,1,2,1,273,287,233,3,0
18,48,1,1,1,0,NaN,NaN,NaN,0,0
18,49,1,1,1,1,256,269,238,0,0
18,50,1,1,2,1,282,298,263,1,0
18,51,1,1,1,0,NaN,NaN,NaN,0,0
18,52,1,1,2,0,NaN,NaN,NaN,0,0
18,53,1,1,1,1,273,281,240,-1,0
18,54,1,1,2,1,225,246,186,1,0
18,55,1,1,1,1,280,294,241,2,0
18,56,1,1,1,1,242,244,219,3,0
18,57,1,1,1,0,NaN,NaN,NaN,0,0
18,58,1,1,2,1,298,311,253,0,0
18,59,1,1,2,1,215,237,190,1,0
18,60,1,1,1,1,205,229,184,2,0
18,61,1,1,1,0,NaN,NaN,NaN,0,0
18,62,1,1,1,1,262,268,232,0,0
18,63,1,1,1,1,212,235,204,1,0
18,64,1,1,2,1,389,393,341,2,0
18,65,1,1,1,1,179,194,189,3,0
18,66,1,1,1,1,185,187,179,4,0
18,67,1,1,2,1,195,197,156,5,0
18,68,1,1,2,1,185,219,195,6,0
18,69,1,1,1,1,238,240,216,7,0
18,70,1,1,1,1,273,274,251,8,0
18,71,1,1,1,1,162,164,158,9,0
18,72,1,1,1,1,220,231,196,10,0
18,73,1,1,1,1,194,218,190,11,0
18,74,1,1,2,1,227,239,190,12,0
18,75,1,1,1,1,252,262,198,13,0
18,76,1,1,2,1,193,251,206,14,0
18,77,1,1,2,1,203,206,167,15,0
18,78,1,1,2,0,NaN,NaN,NaN,0,0
18,79,1,1,2,1,194,205,155,0,0
18,80,1,1,2,0,NaN,NaN,NaN,0,0
18,81,1,1,2,0,NaN,NaN,NaN,0,0
18,82,1,1,1,1,192,205,182,-1,0
18,83,1,1,1,1,281,298,262,1,0
18,84,1,1,2,1,246,261,199,2,0
18,85,1,1,2,0,NaN,NaN,NaN,0,0
18,86,1,1,1,0,NaN,NaN,NaN,0,0
18,87,1,1,1,0,NaN,NaN,NaN,0,0
18,88,1,1,2,1,227,237,191,-2,0
18,89,1,1,1,1,92,214,192,1,0
18,90,1,1,1,1,181,197,174,2,0
18,91,1,1,2,1,227,241,182,3,0
18,92,1,1,2,1,223,260,199,4,0
18,93,1,1,1,1,269,293,262,5,0
18,94,1,1,2,0,NaN,NaN,NaN,0,0
18,95,1,1,1,1,345,347,341,0,0
18,96,1,1,1,0,NaN,NaN,NaN,0,0
18,97,1,1,2,1,272,284,232,0,0
18,98,1,1,2,1,233,262,213,1,0
18,99,1,1,2,1,246,272,199,2,0
18,100,1,1,2,1,218,220,191,3,0
18,101,1,1,2,0,NaN,NaN,NaN,0,0
18,102,1,1,2,1,410,462,419,0,0
18,103,1,1,2,1,231,280,208,1,0
18,104,1,1,1,0,NaN,NaN,NaN,0,0
18,105,1,1,2,1,58,242,200,0,0
18,106,1,1,1,1,209,215,178,1,0
18,107,1,1,1,0,NaN,NaN,NaN,0,0
18,108,1,1,2,1,228,258,177,0,0
18,109,1,1,2,1,207,241,216,1,0
18,110,1,1,1,1,232,265,225,2,0
18,111,1,1,1,1,203,216,182,3,0
18,112,1,1,1,0,NaN,NaN,NaN,0,0
18,113,1,1,1,1,253,270,239,0,0
18,114,1,1,1,1,235,246,178,1,0
18,115,1,1,1,0,NaN,NaN,NaN,0,0
18,116,1,1,2,0,NaN,NaN,NaN,0,0
18,117,1,1,2,1,271,293,249,-1,0
18,118,1,1,1,1,300,301,234,1,0
18,119,1,1,2,1,214,234,208,2,0
18,120,1,1,2,1,249,275,206,3,0
18,121,1,2,1,0,NaN,NaN,NaN,0,0
18,122,1,2,2,0,NaN,NaN,NaN,0,0
18,123,1,2,1,1,247,252,219,-1,0
18,124,1,2,2,0,NaN,NaN,NaN,0,0
18,125,1,2,2,1,227,248,204,0,0
18,126,1,2,1,0,NaN,NaN,NaN,0,0
18,127,1,2,1,0,NaN,NaN,NaN,0,0
18,128,1,2,1,0,NaN,NaN,NaN,0,0
18,129,1,2,2,0,NaN,NaN,NaN,0,0
18,130,1,2,2,1,199,247,161,-3,0
18,131,1,2,1,0,NaN,NaN,NaN,0,0
18,132,1,2,2,1,303,331,249,0,0
18,133,1,2,2,0,NaN,NaN,NaN,0,0
18,134,1,2,2,0,NaN,NaN,NaN,0,0
18,135,1,2,1,0,NaN,NaN,NaN,0,0
18,136,1,2,2,0,NaN,NaN,NaN,0,0
18,137,1,2,1,0,NaN,NaN,NaN,0,0
18,138,1,2,1,0,NaN,NaN,NaN,0,0
18,139,1,2,1,0,NaN,NaN,NaN,0,0
18,140,1,2,2,1,318,320,288,-6,0
18,141,1,2,1,0,NaN,NaN,NaN,0,0
18,142,1,2,1,0,NaN,NaN,NaN,0,0
18,143,1,2,2,0,NaN,NaN,NaN,0,0
18,144,1,2,1,1,252,265,219,-2,0
18,145,1,2,1,0,NaN,NaN,NaN,0,0
18,146,1,2,2,0,NaN,NaN,NaN,0,0
18,147,1,2,2,1,312,316,276,-1,0
18,148,1,2,2,0,NaN,NaN,NaN,0,0
18,149,1,2,1,0,NaN,NaN,NaN,0,0
18,150,1,2,1,0,NaN,NaN,NaN,0,0
18,151,1,2,2,0,NaN,NaN,NaN,0,0
18,152,1,2,1,0,NaN,NaN,NaN,0,0
18,153,1,2,2,0,NaN,NaN,NaN,0,0
18,154,1,2,1,1,36,337,303,-5,0
18,155,1,2,1,0,NaN,NaN,NaN,0,0
18,156,1,2,1,0,NaN,NaN,NaN,0,0
18,157,1,2,1,0,NaN,NaN,NaN,0,0
18,158,1,2,2,0,NaN,NaN,NaN,0,0
18,159,1,2,1,1,305,321,230,-3,0
18,160,1,2,1,1,194,196,256,1,0
18,161,1,2,2,0,NaN,NaN,NaN,0,0
18,162,1,2,2,1,243,258,254,0,0
18,163,1,2,2,0,NaN,NaN,NaN,0,0
18,164,1,2,2,0,NaN,NaN,NaN,0,0
18,165,1,2,2,0,NaN,NaN,NaN,0,0
18,166,1,2,2,0,NaN,NaN,NaN,0,0
18,167,1,2,2,0,NaN,NaN,NaN,0,0
18,168,1,2,1,0,NaN,NaN,NaN,0,0
18,169,1,2,2,1,228,279,224,-5,0
18,170,1,2,2,0,NaN,NaN,NaN,0,0
18,171,1,2,1,1,198,241,193,0,0
18,172,1,2,2,0,NaN,NaN,NaN,0,0
18,173,1,2,2,0,NaN,NaN,NaN,0,0
18,174,1,2,2,0,NaN,NaN,NaN,0,0
18,175,1,2,1,0,NaN,NaN,NaN,0,0
18,176,1,2,2,0,NaN,NaN,NaN,0,0
18,177,1,2,1,0,NaN,NaN,NaN,0,0
18,178,1,2,1,1,278,303,264,-5,0
18,179,1,2,1,1,321,335,276,1,0
18,180,1,2,1,0,NaN,NaN,NaN,0,0
18,181,1,2,1,0,NaN,NaN,NaN,0,0
18,182,1,2,2,0,NaN,NaN,NaN,0,0
18,183,1,2,2,0,NaN,NaN,NaN,0,0
18,184,1,2,2,0,NaN,NaN,NaN,0,0
18,185,1,2,2,0,NaN,NaN,NaN,0,0
18,186,1,2,1,0,NaN,NaN,NaN,0,0
18,187,1,2,1,0,NaN,NaN,NaN,0,0
18,188,1,2,1,0,NaN,NaN,NaN,0,0
18,189,1,2,2,0,NaN,NaN,NaN,0,0
18,190,1,2,1,1,195,240,205,-9,0
18,191,1,2,2,0,NaN,NaN,NaN,0,0
18,192,1,2,2,0,NaN,NaN,NaN,0,0
18,193,1,2,2,0,NaN,NaN,NaN,0,0
18,194,1,2,1,0,NaN,NaN,NaN,0,0
18,195,1,2,1,0,NaN,NaN,NaN,0,0
18,196,1,2,2,1,414,416,409,-4,0
18,197,1,2,2,1,318,331,292,1,0
18,198,1,2,1,0,NaN,NaN,NaN,0,0
18,199,1,2,2,1,245,268,225,0,0
18,200,1,2,2,1,205,218,191,1,0
18,201,1,2,1,0,NaN,NaN,NaN,0,0
18,202,1,2,1,0,NaN,NaN,NaN,0,0
18,203,1,2,2,0,NaN,NaN,NaN,0,0
18,204,1,2,1,0,NaN,NaN,NaN,0,0
18,205,1,2,1,0,NaN,NaN,NaN,0,0
18,206,1,2,1,1,141,272,230,-4,0
18,207,1,2,1,0,NaN,NaN,NaN,0,0
18,208,1,2,1,0,NaN,NaN,NaN,0,0
18,209,1,2,2,0,NaN,NaN,NaN,0,0
18,210,1,2,1,0,NaN,NaN,NaN,0,0
18,211,1,2,2,0,NaN,NaN,NaN,0,0
18,212,1,2,1,1,280,295,242,-4,0
18,213,1,2,1,1,271,286,241,1,0
18,214,1,2,2,0,NaN,NaN,NaN,0,0
18,215,1,2,1,0,NaN,NaN,NaN,0,0
18,216,1,2,1,0,NaN,NaN,NaN,0,0
18,217,1,2,2,0,NaN,NaN,NaN,0,0
18,218,1,2,2,0,NaN,NaN,NaN,0,0
18,219,1,2,2,0,NaN,NaN,NaN,0,0
18,220,1,2,1,0,NaN,NaN,NaN,0,0
18,221,1,2,2,1,31,307,279,-6,0
18,222,1,2,2,0,NaN,NaN,NaN,0,0
18,223,1,2,2,0,NaN,NaN,NaN,0,0
18,224,1,2,2,0,NaN,NaN,NaN,0,0
18,225,1,2,2,0,NaN,NaN,NaN,0,0
18,226,1,2,1,1,205,208,178,-3,0
18,227,1,2,1,0,NaN,NaN,NaN,0,0
18,228,1,2,1,0,NaN,NaN,NaN,0,0
18,229,1,2,1,0,NaN,NaN,NaN,0,0
18,230,1,2,2,0,NaN,NaN,NaN,0,0
18,231,1,2,1,0,NaN,NaN,NaN,0,0
18,232,1,2,2,0,NaN,NaN,NaN,0,0
18,233,1,2,1,1,222,223,219,-5,0
18,234,1,2,1,1,329,359,288,1,0
18,235,1,2,1,1,348,369,338,2,0
18,236,1,2,2,0,NaN,NaN,NaN,0,0
18,237,1,2,2,1,327,330,270,0,0
18,238,1,2,2,0,NaN,NaN,NaN,0,0
18,239,1,2,2,1,262,275,230,0,0
18,240,1,2,1,0,NaN,NaN,NaN,0,0
19,1,1,2,1,0,NaN,NaN,NaN,0,0
19,2,1,2,1,0,NaN,NaN,NaN,0,0
19,3,1,2,2,0,NaN,NaN,NaN,0,0
19,4,1,2,1,0,NaN,NaN,NaN,0,0
19,5,1,2,2,0,NaN,NaN,NaN,0,0
19,6,1,2,1,0,NaN,NaN,NaN,0,0
19,7,1,2,1,0,NaN,NaN,NaN,0,0
19,8,1,2,1,0,NaN,NaN,NaN,0,0
19,9,1,2,1,0,NaN,NaN,NaN,0,0
19,10,1,2,2,0,NaN,NaN,NaN,0,0
19,11,1,2,1,1,401,418,396,-9,0
19,12,1,2,2,0,NaN,NaN,NaN,0,0
19,13,1,2,2,0,NaN,NaN,NaN,0,0
19,14,1,2,1,0,NaN,NaN,NaN,0,0
19,15,1,2,1,0,NaN,NaN,NaN,0,0
19,16,1,2,2,0,NaN,NaN,NaN,0,0
19,17,1,2,1,0,NaN,NaN,NaN,0,0
19,18,1,2,2,0,NaN,NaN,NaN,0,0
19,19,1,2,1,1,402,428,377,-6,0
19,20,1,2,2,1,306,308,280,1,0
19,21,1,2,2,1,308,333,256,2,0
19,22,1,2,1,0,NaN,NaN,NaN,0,0
19,23,1,2,1,0,NaN,NaN,NaN,0,0
19,24,1,2,2,0,NaN,NaN,NaN,0,0
19,25,1,2,2,0,NaN,NaN,NaN,0,0
19,26,1,2,2,1,339,405,319,-3,0
19,27,1,2,1,1,372,374,349,1,0
19,28,1,2,1,1,360,362,292,2,0
19,29,1,2,1,0,NaN,NaN,NaN,0,0
19,30,1,2,1,0,NaN,NaN,NaN,0,0
19,31,1,2,2,0,NaN,NaN,NaN,0,0
19,32,1,2,2,0,NaN,NaN,NaN,0,0
19,33,1,2,1,1,377,399,356,-3,0
19,34,1,2,1,0,NaN,NaN,NaN,0,0
19,35,1,2,1,1,101,363,306,0,0
19,36,1,2,1,0,NaN,NaN,NaN,0,0
19,37,1,2,2,0,NaN,NaN,NaN,0,0
19,38,1,2,1,0,NaN,NaN,NaN,0,0
19,39,1,2,2,0,NaN,NaN,NaN,0,0
19,40,1,2,2,0,NaN,NaN,NaN,0,0
19,41,1,2,2,0,NaN,NaN,NaN,0,0
19,42,1,2,1,1,351,395,318,-5,0
19,43,1,2,2,0,NaN,NaN,NaN,0,0
19,44,1,2,2,0,NaN,NaN,NaN,0,0
19,45,1,2,1,0,NaN,NaN,NaN,0,0
19,46,1,2,2,0,NaN,NaN,NaN,0,0
19,47,1,2,1,1,347,349,314,-3,0
19,48,1,2,1,0,NaN,NaN,NaN,0,0
19,49,1,2,2,1,656,711,575,0,0
19,50,1,2,1,0,NaN,NaN,NaN,0,0
19,51,1,2,2,0,NaN,NaN,NaN,0,0
19,52,1,2,2,1,403,405,398,-1,0
19,53,1,2,1,0,NaN,NaN,NaN,0,0
19,54,1,2,2,0,NaN,NaN,NaN,0,0
19,55,1,2,2,0,NaN,NaN,NaN,0,0
19,56,1,2,1,0,NaN,NaN,NaN,0,0
19,57,1,2,2,0,NaN,NaN,NaN,0,0
19,58,1,2,2,1,393,408,343,-4,0
19,59,1,2,2,0,NaN,NaN,NaN,0,0
19,60,1,2,2,1,302,347,271,0,0
19,61,1,2,2,0,NaN,NaN,NaN,0,0
19,62,1,2,2,0,NaN,NaN,NaN,0,0
19,63,1,2,2,0,NaN,NaN,NaN,0,0
19,64,1,2,1,0,NaN,NaN,NaN,0,0
19,65,1,2,1,0,NaN,NaN,NaN,0,0
19,66,1,2,2,0,NaN,NaN,NaN,0,0
19,67,1,2,2,1,NaN,NaN,NaN,-5,1
19,68,1,2,1,0,NaN,NaN,NaN,0,0
19,69,1,2,2,1,247,270,205,0,0
19,70,1,2,2,0,NaN,NaN,NaN,0,0
19,71,1,2,1,0,NaN,NaN,NaN,0,0
19,72,1,2,1,0,NaN,NaN,NaN,0,0
19,73,1,2,2,0,NaN,NaN,NaN,0,0
19,74,1,2,2,0,NaN,NaN,NaN,0,0
19,75,1,2,1,0,NaN,NaN,NaN,0,0
19,76,1,2,1,0,NaN,NaN,NaN,0,0
19,77,1,2,1,1,515,535,498,-6,0
19,78,1,2,2,0,NaN,NaN,NaN,0,0
19,79,1,2,2,0,NaN,NaN,NaN,0,0
19,80,1,2,1,0,NaN,NaN,NaN,0,0
19,81,1,2,1,0,NaN,NaN,NaN,0,0
19,82,1,2,2,1,336,347,278,-3,0
19,83,1,2,1,0,NaN,NaN,NaN,0,0
19,84,1,2,1,0,NaN,NaN,NaN,0,0
19,85,1,2,1,0,NaN,NaN,NaN,0,0
19,86,1,2,1,0,NaN,NaN,NaN,0,0
19,87,1,2,2,0,NaN,NaN,NaN,0,0
19,88,1,2,2,0,NaN,NaN,NaN,0,0
19,89,1,2,1,1,432,462,405,-5,0
19,90,1,2,2,0,NaN,NaN,NaN,0,0
19,91,1,2,2,0,NaN,NaN,NaN,0,0
19,92,1,2,2,1,262,288,242,-1,0
19,93,1,2,1,0,NaN,NaN,NaN,0,0
19,94,1,2,1,0,NaN,NaN,NaN,0,0
19,95,1,2,2,0,NaN,NaN,NaN,0,0
19,96,1,2,2,1,370,386,319,-2,0
19,97,1,2,2,0,NaN,NaN,NaN,0,0
19,98,1,2,1,1,326,354,298,0,0
19,99,1,2,1,1,282,313,266,1,0
19,100,1,2,2,0,NaN,NaN,NaN,0,0
19,101,1,2,2,0,NaN,NaN,NaN,0,0
19,102,1,2,1,0,NaN,NaN,NaN,0,0
19,103,1,2,2,0,NaN,NaN,NaN,0,0
19,104,1,2,1,0,NaN,NaN,NaN,0,0
19,105,1,2,1,1,316,391,311,-4,0
19,106,1,2,1,1,181,330,304,1,0
19,107,1,2,1,1,336,356,344,2,0
19,108,1,2,1,1,287,312,243,3,0
19,109,1,2,2,1,289,311,272,4,0
19,110,1,2,1,0,NaN,NaN,NaN,0,0
19,111,1,2,1,0,NaN,NaN,NaN,0,0
19,112,1,2,2,0,NaN,NaN,NaN,0,0
19,113,1,2,2,0,NaN,NaN,NaN,0,0
19,114,1,2,2,1,247,252,216,-3,0
19,115,1,2,1,0,NaN,NaN,NaN,0,0
19,116,1,2,2,0,NaN,NaN,NaN,0,0
19,117,1,2,2,0,NaN,NaN,NaN,0,0
19,118,1,2,1,0,NaN,NaN,NaN,0,0
19,119,1,2,2,0,NaN,NaN,NaN,0,0
19,120,1,2,1,0,NaN,NaN,NaN,0,0
19,121,1,1,1,1,280,290,260,-5,0
19,122,1,1,1,0,NaN,NaN,NaN,0,0
19,123,1,1,2,1,295,296,282,0,0
19,124,1,1,1,0,NaN,NaN,NaN,0,0
19,125,1,1,2,1,233,259,178,0,0
19,126,1,1,2,0,NaN,NaN,NaN,0,0
19,127,1,1,2,0,NaN,NaN,NaN,0,0
19,128,1,1,2,1,248,311,260,-1,0
19,129,1,1,1,0,NaN,NaN,NaN,0,0
19,130,1,1,1,1,216,232,226,0,0
19,131,1,1,1,1,306,317,270,1,0
19,132,1,1,1,0,NaN,NaN,NaN,0,0
19,133,1,1,2,0,NaN,NaN,NaN,0,0
19,134,1,1,2,1,289,299,284,-1,0
19,135,1,1,2,1,289,303,253,1,0
19,136,1,1,2,1,196,242,169,2,0
19,137,1,1,1,1,161,289,241,3,0
19,138,1,1,1,1,286,290,257,4,0
19,139,1,1,2,1,162,263,207,5,0
19,140,1,1,1,1,151,257,242,6,0
19,141,1,1,1,1,327,332,321,7,0
19,142,1,1,2,1,282,295,235,8,0
19,143,1,1,1,1,207,222,191,9,0
19,144,1,1,2,0,NaN,NaN,NaN,0,0
19,145,1,1,1,1,312,326,294,0,0
19,146,1,1,1,1,323,347,299,1,0
19,147,1,1,2,1,303,314,284,2,0
19,148,1,1,1,1,267,280,236,3,0
19,149,1,1,2,1,195,261,211,4,0
19,150,1,1,1,0,NaN,NaN,NaN,0,0
19,151,1,1,NaN,NaN,NaN,NaN,NaN,0,1
19,152,1,1,NaN,NaN,NaN,NaN,NaN,0,1
19,153,1,1,NaN,NaN,NaN,NaN,NaN,0,1
19,154,1,1,NaN,NaN,NaN,NaN,NaN,0,1
19,155,1,1,NaN,NaN,NaN,NaN,NaN,0,1
19,156,1,1,NaN,NaN,NaN,NaN,NaN,0,1
19,157,1,1,NaN,NaN,NaN,NaN,NaN,0,1
19,158,1,1,NaN,NaN,NaN,NaN,NaN,0,1
19,159,1,1,NaN,NaN,NaN,NaN,NaN,0,1
19,160,1,1,NaN,NaN,NaN,NaN,NaN,0,1
19,161,1,1,1,1,425,428,415,0,0
19,162,1,1,2,1,244,264,217,1,0
19,163,1,1,1,1,NaN,NaN,NaN,2,1
19,164,1,1,2,1,238,NaN,234,3,0
19,165,1,1,2,1,290,334,228,4,0
19,166,1,1,1,1,263,281,236,5,0
19,167,1,1,1,1,86,272,161,6,0
19,168,1,1,1,1,285,287,258,7,0
19,169,1,1,2,1,256,NaN,150,8,0
19,170,1,1,1,0,NaN,NaN,NaN,0,0
19,171,1,1,1,0,NaN,NaN,NaN,0,0
19,172,1,1,2,1,337,348,313,-1,0
19,173,1,1,2,1,314,355,291,1,0
19,174,1,1,1,1,226,246,166,2,0
19,175,1,1,1,1,315,318,283,3,0
19,176,1,1,1,1,410,425,406,4,0
19,177,1,1,2,1,285,311,225,5,0
19,178,1,1,1,1,213,241,179,6,0
19,179,1,1,1,1,348,350,359,7,0
19,180,1,1,2,0,NaN,NaN,NaN,0,0
19,181,1,1,1,1,376,377,364,0,0
19,182,1,1,2,1,353,356,266,1,0
19,183,1,1,1,1,263,265,198,2,0
19,184,1,1,1,1,NaN,NaN,NaN,3,1
19,185,1,1,2,0,NaN,NaN,NaN,0,0
19,186,1,1,2,1,298,347,293,0,0
19,187,1,1,2,1,264,265,260,1,0
19,188,1,1,2,1,241,275,235,2,0
19,189,1,1,2,1,306,321,288,3,0
19,190,1,1,1,1,314,325,248,4,0
19,191,1,1,1,1,406,420,340,5,0
19,192,1,1,1,1,231,244,188,6,0
19,193,1,1,2,1,63,273,225,7,0
19,194,1,1,1,0,NaN,NaN,NaN,0,0
19,195,1,1,1,0,NaN,NaN,NaN,0,0
19,196,1,1,2,1,241,276,219,-1,0
19,197,1,1,1,1,295,327,305,1,0
19,198,1,1,2,1,NaN,NaN,NaN,2,1
19,199,1,1,1,1,315,336,241,3,0
19,200,1,1,2,1,254,NaN,250,4,0
19,201,1,1,2,1,369,371,310,5,0
19,202,1,1,1,1,355,384,311,6,0
19,203,1,1,1,0,NaN,NaN,NaN,0,0
19,204,1,1,2,1,NaN,NaN,NaN,0,1
19,205,1,1,2,1,NaN,NaN,269,1,0
19,206,1,1,1,1,211,310,219,2,0
19,207,1,1,1,0,NaN,NaN,NaN,0,0
19,208,1,1,2,1,NaN,NaN,263,0,0
19,209,1,1,2,1,286,319,280,1,0
19,210,1,1,2,1,148,334,228,2,0
19,211,1,1,2,1,NaN,NaN,NaN,3,1
19,212,1,1,2,0,NaN,NaN,NaN,0,0
19,213,1,1,1,0,NaN,NaN,NaN,0,0
19,214,1,1,1,1,NaN,NaN,NaN,-1,1
19,215,1,1,1,1,363,377,350,1,0
19,216,1,1,1,1,248,269,183,2,0
19,217,1,1,1,0,NaN,NaN,NaN,0,0
19,218,1,1,2,1,366,382,360,0,0
19,219,1,1,1,1,323,338,292,1,0
19,220,1,1,1,1,289,306,246,2,0
19,221,1,1,1,1,409,428,391,3,0
19,222,1,1,2,0,NaN,NaN,NaN,0,0
19,223,1,1,1,1,325,332,271,0,0
19,224,1,1,2,1,305,NaN,262,1,0
19,225,1,1,2,1,257,258,253,2,0
19,226,1,1,2,1,59,247,217,3,0
19,227,1,1,2,0,NaN,NaN,NaN,0,0
19,228,1,1,2,0,NaN,NaN,NaN,0,0
19,229,1,1,1,0,NaN,NaN,NaN,0,0
19,230,1,1,2,0,NaN,NaN,NaN,0,0
20,1,1,1,2,1,531,NaN,485,0,0
20,2,1,1,2,1,321,324,285,1,0
20,3,1,1,2,1,266,284,231,2,0
20,4,1,1,2,1,244,294,199,3,0
20,5,1,1,2,0,NaN,NaN,NaN,0,0
20,6,1,1,2,1,245,280,238,0,0
20,7,1,1,2,1,246,264,210,1,0
20,8,1,1,2,0,NaN,NaN,NaN,0,0
20,9,1,1,1,1,329,380,299,0,0
20,10,1,1,1,1,321,357,313,1,0
20,11,1,1,1,1,209,370,180,2,0
20,12,1,1,1,1,260,309,279,3,0
20,13,1,1,2,1,286,340,297,4,0
20,14,1,1,2,1,326,328,288,5,0
20,15,1,1,2,1,310,320,276,6,0
20,16,1,1,1,1,278,294,170,7,0
20,17,1,1,2,1,378,382,346,8,0
20,18,1,1,1,1,303,304,299,9,0
20,19,1,1,2,1,261,264,218,10,0
20,20,1,1,1,1,160,277,249,11,0
20,21,1,1,1,1,4,303,214,12,0
20,22,1,1,2,1,291,309,303,13,0
20,23,1,1,1,1,277,292,260,14,0
20,24,1,1,1,1,46,280,251,15,0
20,25,1,1,1,1,267,295,243,16,0
20,26,1,1,1,1,310,312,278,17,0
20,27,1,1,2,1,281,316,276,18,0
20,28,1,1,2,1,336,338,318,19,0
20,29,1,1,2,1,276,287,260,20,0
20,30,1,1,2,1,340,342,336,21,0
20,31,1,1,2,1,269,290,220,22,0
20,32,1,1,1,1,75,341,281,23,0
20,33,1,1,1,0,NaN,NaN,NaN,0,0
20,34,1,1,2,1,240,277,251,0,0
20,35,1,1,2,0,NaN,NaN,NaN,0,0
20,36,1,1,1,1,568,666,550,0,0
20,37,1,1,2,1,380,386,364,1,0
20,38,1,1,2,0,NaN,NaN,NaN,0,0
20,39,1,1,2,0,NaN,NaN,NaN,0,0
20,40,1,1,2,1,321,337,304,-1,0
20,41,1,1,1,1,324,349,308,1,0
20,42,1,1,1,0,NaN,NaN,NaN,0,0
20,43,1,1,1,0,NaN,NaN,NaN,0,0
20,44,1,1,1,1,379,409,372,-1,0
20,45,1,1,1,1,279,342,321,1,0
20,46,1,1,1,0,NaN,NaN,NaN,0,0
20,47,1,1,1,0,NaN,NaN,NaN,0,0
20,48,1,1,1,1,311,370,282,-1,0
20,49,1,1,1,1,357,369,345,1,0
20,50,1,1,2,1,294,306,259,2,0
20,51,1,1,2,0,NaN,NaN,NaN,0,0
20,52,1,1,1,0,NaN,NaN,NaN,0,0
20,53,1,1,2,1,589,602,568,-1,0
20,54,1,1,1,1,241,295,277,1,0
20,55,1,1,1,0,NaN,NaN,NaN,0,0
20,56,1,1,1,1,326,327,304,0,0
20,57,1,1,2,1,303,314,251,1,0
20,58,1,1,2,0,NaN,NaN,NaN,0,0
20,59,1,1,1,1,323,337,298,0,0
20,60,1,1,1,0,NaN,NaN,NaN,0,0
20,61,1,1,1,1,280,282,240,0,0
20,62,1,1,1,1,247,268,222,1,0
20,63,1,1,1,0,NaN,NaN,NaN,0,0
20,64,1,1,2,1,343,345,305,0,0
20,65,1,1,2,1,445,467,417,1,0
20,66,1,1,2,1,290,294,239,2,0
20,67,1,1,1,1,362,364,337,3,0
20,68,1,1,1,1,406,420,376,4,0
20,69,1,1,1,1,280,307,261,5,0
20,70,1,1,1,1,268,295,231,6,0
20,71,1,1,1,0,NaN,NaN,NaN,0,0
20,72,1,1,2,1,394,430,415,0,0
20,73,1,1,1,1,336,340,305,1,0
20,74,1,1,1,1,371,373,329,2,0
20,75,1,1,2,1,228,255,240,3,0
20,76,1,1,2,0,NaN,NaN,NaN,0,0
20,77,1,1,2,0,NaN,NaN,NaN,0,0
20,78,1,1,1,1,703,717,672,-1,0
20,79,1,1,2,0,NaN,NaN,NaN,0,0
20,80,1,1,2,1,533,547,542,0,0
20,81,1,1,1,1,440,456,402,1,0
20,82,1,1,1,1,408,419,373,2,0
20,83,1,1,1,1,304,315,283,3,0
20,84,1,1,2,1,339,371,318,4,0
20,85,1,1,1,0,NaN,NaN,NaN,0,0
20,86,1,1,2,0,NaN,NaN,NaN,0,0
20,87,1,1,2,1,289,292,256,-1,0
20,88,1,1,2,1,240,411,394,1,0
20,89,1,1,2,1,304,313,284,2,0
20,90,1,1,1,1,439,451,431,3,0
20,91,1,1,2,0,NaN,NaN,NaN,0,0
20,92,1,1,1,0,NaN,NaN,NaN,0,0
20,93,1,1,1,1,482,484,466,-1,0
20,94,1,1,1,1,435,438,384,1,0
20,95,1,1,2,1,263,288,244,2,0
20,96,1,1,1,1,322,325,281,3,0
20,97,1,1,2,1,214,237,195,4,0
20,98,1,1,1,1,232,276,190,5,0
20,99,1,1,2,1,220,251,215,6,0
20,100,1,1,1,1,349,396,304,7,0
20,101,1,1,NaN,NaN,NaN,NaN,NaN,0,1
20,102,1,1,NaN,NaN,NaN,NaN,NaN,0,1
20,103,1,1,NaN,NaN,NaN,NaN,NaN,0,1
20,104,1,1,NaN,NaN,NaN,NaN,NaN,0,1
20,105,1,1,NaN,NaN,NaN,NaN,NaN,0,1
20,106,1,1,NaN,NaN,NaN,NaN,NaN,0,1
20,107,1,1,NaN,NaN,NaN,NaN,NaN,0,1
20,108,1,1,NaN,NaN,NaN,NaN,NaN,0,1
20,109,1,1,NaN,NaN,NaN,NaN,NaN,0,1
20,110,1,1,NaN,NaN,NaN,NaN,NaN,0,1
20,111,1,1,NaN,NaN,NaN,NaN,NaN,0,1
20,112,1,1,NaN,NaN,NaN,NaN,NaN,0,1
20,113,1,1,NaN,NaN,NaN,NaN,NaN,0,1
20,114,1,1,NaN,NaN,NaN,NaN,NaN,0,1
20,115,1,1,NaN,NaN,NaN,NaN,NaN,0,1
20,116,1,1,NaN,NaN,NaN,NaN,NaN,0,1
20,117,1,1,NaN,NaN,NaN,NaN,NaN,0,1
20,118,1,1,NaN,NaN,NaN,NaN,NaN,0,1
20,119,1,1,NaN,NaN,NaN,NaN,NaN,0,1
20,120,1,1,NaN,NaN,NaN,NaN,NaN,0,1
20,121,1,2,2,0,NaN,NaN,NaN,0,0
20,122,1,2,2,0,NaN,NaN,NaN,0,0
20,123,1,2,1,0,NaN,NaN,NaN,0,0
20,124,1,2,1,0,NaN,NaN,NaN,0,0
20,125,1,2,2,1,357,377,352,-3,0
20,126,1,2,2,0,NaN,NaN,NaN,0,0
20,127,1,2,1,0,NaN,NaN,NaN,0,0
20,128,1,2,2,0,NaN,NaN,NaN,0,0
20,129,1,2,2,0,NaN,NaN,NaN,0,0
20,130,1,2,1,1,367,453,413,-3,0
20,131,1,2,1,1,88,286,296,1,0
20,132,1,2,2,0,NaN,NaN,NaN,0,0
20,133,1,2,2,0,NaN,NaN,NaN,0,0
20,134,1,2,1,1,NaN,NaN,NaN,-1,1
20,135,1,2,1,0,NaN,NaN,NaN,0,0
20,136,1,2,1,0,NaN,NaN,NaN,0,0
20,137,1,2,2,0,NaN,NaN,NaN,0,0
20,138,1,2,2,0,NaN,NaN,NaN,0,0
20,139,1,2,1,0,NaN,NaN,NaN,0,0
20,140,1,2,1,0,NaN,NaN,NaN,0,0
20,141,1,2,1,0,NaN,NaN,NaN,0,0
20,142,1,2,1,1,264,279,217,-6,0
20,143,1,2,2,0,NaN,NaN,NaN,0,0
20,144,1,2,1,0,NaN,NaN,NaN,0,0
20,145,1,2,2,0,NaN,NaN,NaN,0,0
20,146,1,2,2,1,1216,1230,1087,-2,0
20,147,1,2,1,1,382,384,336,1,0
20,148,1,2,2,1,251,291,185,2,0
20,149,1,2,1,0,NaN,NaN,NaN,0,0
20,150,1,2,2,0,NaN,NaN,NaN,0,0
20,151,1,2,2,0,NaN,NaN,NaN,0,0
20,152,1,2,1,1,255,274,249,-2,0
20,153,1,2,2,0,NaN,NaN,NaN,0,0
20,154,1,2,2,1,364,367,338,0,0
20,155,1,2,2,1,241,269,278,1,0
20,156,1,2,2,0,NaN,NaN,NaN,0,0
20,157,1,2,1,0,NaN,NaN,NaN,0,0
20,158,1,2,2,0,NaN,NaN,NaN,0,0
20,159,1,2,2,0,NaN,NaN,NaN,0,0
20,160,1,2,1,1,360,416,356,-3,0
20,161,1,2,1,0,NaN,NaN,NaN,0,0
20,162,1,2,1,1,NaN,NaN,NaN,0,1
20,163,1,2,2,0,NaN,NaN,NaN,0,0
20,164,1,2,2,0,NaN,NaN,NaN,0,0
20,165,1,2,1,0,NaN,NaN,NaN,0,0
20,166,1,2,1,0,NaN,NaN,NaN,0,0
20,167,1,2,1,0,NaN,NaN,NaN,0,0
20,168,1,2,1,0,NaN,NaN,NaN,0,0
20,169,1,2,2,0,NaN,NaN,NaN,0,0
20,170,1,2,1,0,NaN,NaN,NaN,0,0
20,171,1,2,2,0,NaN,NaN,NaN,0,0
20,172,1,2,2,0,NaN,NaN,NaN,0,0
20,173,1,2,1,0,NaN,NaN,NaN,0,0
20,174,1,2,2,1,582,600,557,-10,0
20,175,1,2,1,0,NaN,NaN,NaN,0,0
20,176,1,2,1,0,NaN,NaN,NaN,0,0
20,177,1,2,1,0,NaN,NaN,NaN,0,0
20,178,1,2,2,1,NaN,NaN,NaN,-2,1
20,179,1,2,1,0,NaN,NaN,NaN,0,0
20,180,1,2,2,0,NaN,NaN,NaN,0,0
20,181,1,2,1,0,NaN,NaN,NaN,0,0
20,182,1,2,2,1,NaN,NaN,NaN,-2,1
20,183,1,2,1,1,435,444,426,1,0
20,184,1,2,1,0,NaN,NaN,NaN,0,0
20,185,1,2,2,0,NaN,NaN,NaN,0,0
20,186,1,2,1,0,NaN,NaN,NaN,0,0
20,187,1,2,1,0,NaN,NaN,NaN,0,0
20,188,1,2,1,0,NaN,NaN,NaN,0,0
20,189,1,2,2,1,531,546,518,-4,0
20,190,1,2,2,0,NaN,NaN,NaN,0,0
20,191,1,2,2,0,NaN,NaN,NaN,0,0
20,192,1,2,2,1,420,430,416,-1,0
20,193,1,2,2,0,NaN,NaN,NaN,0,0
20,194,1,2,2,1,301,313,275,0,0
20,195,1,2,2,0,NaN,NaN,NaN,0,0
20,196,1,2,1,0,NaN,NaN,NaN,0,0
20,197,1,2,1,0,NaN,NaN,NaN,0,0
20,198,1,2,1,1,331,375,325,-2,0
20,199,1,2,2,0,NaN,NaN,NaN,0,0
20,200,1,2,2,0,NaN,NaN,NaN,0,0
20,201,1,2,1,1,340,370,324,-1,0
20,202,1,2,1,1,365,373,340,1,0
20,203,1,2,2,0,NaN,NaN,NaN,0,0
20,204,1,2,1,0,NaN,NaN,NaN,0,0
20,205,1,2,2,0,NaN,NaN,NaN,0,0
20,206,1,2,1,0,NaN,NaN,NaN,0,0
20,207,1,2,2,1,143,570,543,-3,0
20,208,1,2,1,1,343,368,300,1,0
20,209,1,2,2,0,NaN,NaN,NaN,0,0
20,210,1,2,1,1,428,441,391,0,0
20,211,1,2,2,0,NaN,NaN,NaN,0,0
20,212,1,2,2,0,NaN,NaN,NaN,0,0
20,213,1,2,1,1,403,439,399,-1,0
20,214,1,2,2,0,NaN,NaN,NaN,0,0
20,215,1,2,1,0,NaN,NaN,NaN,0,0
20,216,1,2,1,1,382,396,365,-1,0
20,217,1,2,2,0,NaN,NaN,NaN,0,0
20,218,1,2,1,0,NaN,NaN,NaN,0,0
20,219,1,2,1,0,NaN,NaN,NaN,0,0
20,220,1,2,1,0,NaN,NaN,NaN,0,0
20,221,1,2,2,0,NaN,NaN,NaN,0,0
20,222,1,2,1,0,NaN,NaN,NaN,0,0
20,223,1,2,2,0,NaN,NaN,NaN,0,0
20,224,1,2,1,0,NaN,NaN,NaN,0,0
20,225,1,2,1,0,NaN,NaN,NaN,0,0
20,226,1,2,2,0,NaN,NaN,NaN,0,0
20,227,1,2,2,0,NaN,NaN,NaN,0,0
20,228,1,2,1,0,NaN,NaN,NaN,0,0
20,229,1,2,1,0,NaN,NaN,NaN,0,0
20,230,1,2,2,0,NaN,NaN,NaN,0,0
20,231,1,2,2,1,294,296,269,-13,0
20,232,1,2,1,0,NaN,NaN,NaN,0,0
20,233,1,2,2,0,NaN,NaN,NaN,0,0
20,234,1,2,2,0,NaN,NaN,NaN,0,0
20,235,1,2,2,0,NaN,NaN,NaN,0,0
20,236,1,2,1,0,NaN,NaN,NaN,0,0
20,237,1,2,2,0,NaN,NaN,NaN,0,0
20,238,1,2,1,0,NaN,NaN,NaN,0,0
20,239,1,2,2,1,352,387,347,-6,0
20,240,1,2,1,0,NaN,NaN,NaN,0,0
21,1,1,2,2,0,NaN,NaN,NaN,0,0
21,2,1,2,2,0,NaN,NaN,NaN,0,0
21,3,1,2,1,0,NaN,NaN,NaN,0,0
21,4,1,2,2,0,NaN,NaN,NaN,0,0
21,5,1,2,1,0,NaN,NaN,NaN,0,0
21,6,1,2,1,0,NaN,NaN,NaN,0,0
21,7,1,2,1,0,NaN,NaN,NaN,0,0
21,8,1,2,1,0,NaN,NaN,NaN,0,0
21,9,1,2,1,0,NaN,NaN,NaN,0,0
21,10,1,2,2,0,NaN,NaN,NaN,0,0
21,11,1,2,1,0,NaN,NaN,NaN,0,0
21,12,1,2,2,0,NaN,NaN,NaN,0,0
21,13,1,2,1,0,NaN,NaN,NaN,0,0
21,14,1,2,1,0,NaN,NaN,NaN,0,0
21,15,1,2,1,0,NaN,NaN,NaN,0,0
21,16,1,2,1,0,NaN,NaN,NaN,0,0
21,17,1,2,2,0,NaN,NaN,NaN,0,0
21,18,1,2,2,0,NaN,NaN,NaN,0,0
21,19,1,2,2,0,NaN,NaN,NaN,0,0
21,20,1,2,1,1,264,323,274,-18,0
21,21,1,2,2,0,NaN,NaN,NaN,0,0
21,22,1,2,2,0,NaN,NaN,NaN,0,0
21,23,1,2,2,0,NaN,NaN,NaN,0,0
21,24,1,2,2,0,NaN,NaN,NaN,0,0
21,25,1,2,2,1,202,289,246,-3,0
21,26,1,2,1,0,NaN,NaN,NaN,0,0
21,27,1,2,1,1,289,329,228,0,0
21,28,1,2,2,0,NaN,NaN,NaN,0,0
21,29,1,2,2,0,NaN,NaN,NaN,0,0
21,30,1,2,1,0,NaN,NaN,NaN,0,0
21,31,1,2,2,1,212,235,191,-2,0
21,32,1,2,2,1,148,197,157,1,0
21,33,1,2,2,1,253,274,248,2,0
21,34,1,2,1,0,NaN,NaN,NaN,0,0
21,35,1,2,1,1,258,282,208,0,0
21,36,1,2,2,0,NaN,NaN,NaN,0,0
21,37,1,2,1,1,259,NaN,187,0,0
21,38,1,2,1,0,NaN,NaN,NaN,0,0
21,39,1,2,2,1,156,201,102,0,0
21,40,1,2,1,0,NaN,NaN,NaN,0,0
21,41,1,2,2,0,NaN,NaN,NaN,0,0
21,42,1,2,1,0,NaN,NaN,NaN,0,0
21,43,1,2,1,0,NaN,NaN,NaN,0,0
21,44,1,2,2,0,NaN,NaN,NaN,0,0
21,45,1,2,1,0,NaN,NaN,NaN,0,0
21,46,1,2,2,1,275,278,205,-5,0
21,47,1,2,2,1,254,296,232,1,0
21,48,1,2,1,1,195,224,191,2,0
21,49,1,2,1,0,NaN,NaN,NaN,0,0
21,50,1,2,1,1,347,399,250,0,0
21,51,1,2,1,1,201,221,157,1,0
21,52,1,2,2,0,NaN,NaN,NaN,0,0
21,53,1,2,2,0,NaN,NaN,NaN,0,0
21,54,1,2,2,0,NaN,NaN,NaN,0,0
21,55,1,2,2,0,NaN,NaN,NaN,0,0
21,56,1,2,2,0,NaN,NaN,NaN,0,0
21,57,1,2,1,1,221,245,180,-4,0
21,58,1,2,2,0,NaN,NaN,NaN,0,0
21,59,1,2,1,0,NaN,NaN,NaN,0,0
21,60,1,2,1,0,NaN,NaN,NaN,0,0
21,61,1,2,1,1,295,315,243,-2,0
21,62,1,2,1,1,268,282,236,1,0
21,63,1,2,1,1,222,268,244,2,0
21,64,1,2,1,0,NaN,NaN,NaN,0,0
21,65,1,2,2,0,NaN,NaN,NaN,0,0
21,66,1,2,2,0,NaN,NaN,NaN,0,0
21,67,1,2,2,1,56,345,324,-2,0
21,68,1,2,2,0,NaN,NaN,NaN,0,0
21,69,1,2,1,0,NaN,NaN,NaN,0,0
21,70,1,2,1,0,NaN,NaN,NaN,0,0
21,71,1,2,2,0,NaN,NaN,NaN,0,0
21,72,1,2,2,1,331,333,311,-3,0
21,73,1,2,2,0,NaN,NaN,NaN,0,0
21,74,1,2,2,1,296,348,253,0,0
21,75,1,2,1,0,NaN,NaN,NaN,0,0
21,76,1,2,2,0,NaN,NaN,NaN,0,0
21,77,1,2,1,1,241,278,186,-1,0
21,78,1,2,1,0,NaN,NaN,NaN,0,0
21,79,1,2,1,0,NaN,NaN,NaN,0,0
21,80,1,2,2,0,NaN,NaN,NaN,0,0
21,81,1,2,1,1,224,238,205,-2,0
21,82,1,2,1,0,NaN,NaN,NaN,0,0
21,83,1,2,2,0,NaN,NaN,NaN,0,0
21,84,1,2,1,0,NaN,NaN,NaN,0,0
21,85,1,2,2,0,NaN,NaN,NaN,0,0
21,86,1,2,1,0,NaN,NaN,NaN,0,0
21,87,1,2,1,0,NaN,NaN,NaN,0,0
21,88,1,2,2,0,NaN,NaN,NaN,0,0
21,89,1,2,2,0,NaN,NaN,NaN,0,0
21,90,1,2,1,0,NaN,NaN,NaN,0,0
21,91,1,2,2,0,NaN,NaN,NaN,0,0
21,92,1,2,1,0,NaN,NaN,NaN,0,0
21,93,1,2,1,1,353,406,312,-10,0
21,94,1,2,2,0,NaN,NaN,NaN,0,0
21,95,1,2,2,0,NaN,NaN,NaN,0,0
21,96,1,2,1,0,NaN,NaN,NaN,0,0
21,97,1,2,1,0,NaN,NaN,NaN,0,0
21,98,1,2,2,0,NaN,NaN,NaN,0,0
21,99,1,2,2,0,NaN,NaN,NaN,0,0
21,100,1,2,1,0,NaN,NaN,NaN,0,0
21,101,1,2,2,0,NaN,NaN,NaN,0,0
21,102,1,2,1,0,NaN,NaN,NaN,0,0
21,103,1,2,2,1,270,280,249,-8,0
21,104,1,2,1,0,NaN,NaN,NaN,0,0
21,105,1,2,2,0,NaN,NaN,NaN,0,0
21,106,1,2,1,0,NaN,NaN,NaN,0,0
21,107,1,2,1,0,NaN,NaN,NaN,0,0
21,108,1,2,2,1,286,337,247,-3,0
21,109,1,2,1,0,NaN,NaN,NaN,0,0
21,110,1,2,1,0,NaN,NaN,NaN,0,0
21,111,1,2,2,0,NaN,NaN,NaN,0,0
21,112,1,2,1,1,295,297,242,-2,0
21,113,1,2,2,0,NaN,NaN,NaN,0,0
21,114,1,2,1,1,293,375,267,0,0
21,115,1,2,1,0,NaN,NaN,NaN,0,0
21,116,1,2,2,1,241,270,216,0,0
21,117,1,2,2,0,NaN,NaN,NaN,0,0
21,118,1,2,2,1,268,320,237,0,0
21,119,1,2,2,0,NaN,NaN,NaN,0,0
21,120,1,2,2,0,NaN,NaN,NaN,0,0
21,121,1,1,1,1,297,323,268,-1,0
21,122,1,1,1,1,225,248,132,1,0
21,123,1,1,2,0,NaN,NaN,NaN,0,0
21,124,1,1,1,0,NaN,NaN,NaN,0,0
21,125,1,1,1,1,384,399,361,-1,0
21,126,1,1,1,1,213,228,172,1,0
21,127,1,1,2,1,101,102,98,2,0
21,128,1,1,1,1,278,305,252,3,0
21,129,1,1,2,1,234,277,202,4,0
21,130,1,1,2,0,NaN,NaN,NaN,0,0
21,131,1,1,1,0,NaN,NaN,NaN,0,0
21,132,1,1,1,1,187,248,197,-1,0
21,133,1,1,2,1,257,313,251,1,0
21,134,1,1,2,1,262,290,234,2,0
21,135,1,1,2,1,188,191,183,3,0
21,136,1,1,2,1,193,222,161,4,0
21,137,1,1,1,0,NaN,NaN,NaN,0,0
21,138,1,1,1,1,242,294,202,0,0
21,139,1,1,1,0,NaN,NaN,NaN,0,0
21,140,1,1,2,1,212,227,196,0,0
21,141,1,1,2,1,274,304,243,1,0
21,142,1,1,2,0,NaN,NaN,NaN,0,0
21,143,1,1,2,1,199,219,182,0,0
21,144,1,1,1,1,328,334,294,1,0
21,145,1,1,2,1,225,227,177,2,0
21,146,1,1,2,1,261,273,214,3,0
21,147,1,1,2,1,320,336,292,4,0
21,148,1,1,2,1,260,275,225,5,0
21,149,1,1,2,0,NaN,NaN,NaN,0,0
21,150,1,1,2,1,259,261,232,0,0
21,151,1,1,2,1,279,295,243,1,0
21,152,1,1,1,1,195,206,151,2,0
21,153,1,1,1,1,277,352,217,3,0
21,154,1,1,2,0,NaN,NaN,NaN,0,0
21,155,1,1,1,1,279,293,204,0,0
21,156,1,1,1,0,NaN,NaN,NaN,0,0
21,157,1,1,2,1,244,317,291,0,0
21,158,1,1,1,1,235,288,185,1,0
21,159,1,1,1,1,205,218,160,2,0
21,160,1,1,1,1,201,239,173,3,0
21,161,1,1,1,1,147,204,169,4,0
21,162,1,1,2,1,200,202,143,5,0
21,163,1,1,1,1,193,217,173,6,0
21,164,1,1,1,0,NaN,NaN,NaN,0,0
21,165,1,1,2,0,NaN,NaN,NaN,0,0
21,166,1,1,1,1,228,282,222,-1,0
21,167,1,1,2,1,269,285,251,1,0
21,168,1,1,2,1,241,264,214,2,0
21,169,1,1,2,1,169,182,164,3,0
21,170,1,1,2,1,150,257,224,4,0
21,171,1,1,1,1,207,248,216,5,0
21,172,1,1,2,1,264,285,210,6,0
21,173,1,1,2,1,198,216,178,7,0
21,174,1,1,1,1,259,271,195,8,0
21,175,1,1,2,0,NaN,NaN,NaN,0,0
21,176,1,1,1,1,283,284,201,0,0
21,177,1,1,1,1,223,295,249,1,0
21,178,1,1,1,0,NaN,NaN,NaN,0,0
21,179,1,1,1,0,NaN,NaN,NaN,0,0
21,180,1,1,1,1,50,321,269,-1,0
21,181,1,1,2,1,164,224,195,1,0
21,182,1,1,2,1,215,248,178,2,0
21,183,1,1,2,1,213,240,201,3,0
21,184,1,1,2,1,181,214,145,4,0
21,185,1,1,1,1,191,225,149,5,0
21,186,1,1,1,0,NaN,NaN,NaN,0,0
21,187,1,1,1,1,242,263,220,0,0
21,188,1,1,1,1,282,NaN,195,1,0
21,189,1,1,1,1,288,319,250,2,0
21,190,1,1,2,1,218,235,230,3,0
21,191,1,1,2,1,234,236,204,4,0
21,192,1,1,1,0,NaN,NaN,NaN,0,0
21,193,1,1,1,1,225,263,205,0,0
21,194,1,1,2,1,242,262,210,1,0
21,195,1,1,2,1,209,228,179,2,0
21,196,1,1,2,0,NaN,NaN,NaN,0,0
21,197,1,1,2,1,239,267,196,0,0
21,198,1,1,1,1,179,331,314,1,0
21,199,1,1,1,1,346,390,292,2,0
21,200,1,1,2,1,199,217,209,3,0
21,201,1,1,1,1,59,218,191,4,0
21,202,1,1,2,1,191,219,175,5,0
21,203,1,1,2,1,285,287,261,6,0
21,204,1,1,1,1,257,258,254,7,0
21,205,1,1,1,1,247,249,199,8,0
21,206,1,1,2,1,217,231,201,9,0
21,207,1,1,2,1,174,220,197,10,0
21,208,1,1,1,1,201,218,161,11,0
21,209,1,1,1,0,NaN,NaN,NaN,0,0
21,210,1,1,2,1,279,309,262,0,0
21,211,1,1,2,0,NaN,NaN,NaN,0,0
21,212,1,1,1,1,227,240,193,0,0
21,213,1,1,2,1,192,208,175,1,0
21,214,1,1,1,1,76,188,138,2,0
21,215,1,1,2,1,195,209,125,3,0
21,216,1,1,1,0,NaN,NaN,NaN,0,0
21,217,1,1,2,1,175,209,184,0,0
21,218,1,1,2,0,NaN,NaN,NaN,0,0
21,219,1,1,1,1,191,192,173,0,0
21,220,1,1,2,1,207,230,190,1,0
21,221,1,1,2,1,223,226,178,2,0
21,222,1,1,1,0,NaN,NaN,NaN,0,0
21,223,1,1,1,1,111,216,199,0,0
21,224,1,1,1,1,381,NaN,307,1,0
21,225,1,1,2,1,180,214,140,2,0
21,226,1,1,2,0,NaN,NaN,NaN,0,0
21,227,1,1,1,0,NaN,NaN,NaN,0,0
21,228,1,1,1,1,215,216,180,-1,0
21,229,1,1,1,1,65,229,184,1,0
21,230,1,1,1,0,NaN,NaN,NaN,0,0
21,231,1,1,1,1,313,326,288,0,0
21,232,1,1,2,0,NaN,NaN,NaN,0,0
21,233,1,1,1,0,NaN,NaN,NaN,0,0
21,234,1,1,1,1,265,328,239,-1,0
21,235,1,1,1,1,345,407,283,1,0
21,236,1,1,2,0,NaN,NaN,NaN,0,0
21,237,1,1,1,1,160,352,263,0,0
21,238,1,1,2,1,247,311,225,1,0
21,239,1,1,2,1,237,265,203,2,0
21,240,1,1,2,0,NaN,NaN,NaN,0,0
22,1,1,1,1,1,172,200,149,0,0
22,2,1,1,1,1,203,214,138,1,0
22,3,1,1,1,0,NaN,NaN,NaN,0,0
22,4,1,1,2,1,182,197,160,0,0
22,5,1,1,2,1,180,182,175,1,0
22,6,1,1,1,1,132,151,123,2,0
22,7,1,1,1,1,278,280,240,3,0
22,8,1,1,2,1,183,198,124,4,0
22,9,1,1,1,1,173,185,167,5,0
22,10,1,1,2,0,NaN,NaN,NaN,0,0
22,11,1,1,1,0,NaN,NaN,NaN,0,0
22,12,1,1,2,0,NaN,NaN,NaN,0,0
22,13,1,1,1,1,226,254,180,-2,0
22,14,1,1,2,0,NaN,NaN,NaN,0,0
22,15,1,1,1,0,NaN,NaN,NaN,0,0
22,16,1,1,1,1,115,172,141,-1,0
22,17,1,1,2,1,196,198,174,1,0
22,18,1,1,2,1,154,171,147,2,0
22,19,1,1,1,0,NaN,NaN,NaN,0,0
22,20,1,1,1,1,176,188,157,0,0
22,21,1,1,1,1,191,193,163,1,0
22,22,1,1,2,1,82,NaN,55,2,0
22,23,1,1,1,1,184,213,207,3,0
22,24,1,1,2,1,190,207,168,4,0
22,25,1,1,2,1,177,193,143,5,0
22,26,1,1,1,0,NaN,NaN,NaN,0,0
22,27,1,1,2,0,NaN,NaN,NaN,0,0
22,28,1,1,2,1,179,189,154,-1,0
22,29,1,1,2,1,136,155,149,1,0
22,30,1,1,1,1,164,178,135,2,0
22,31,1,1,2,1,199,217,152,3,0
22,32,1,1,2,0,NaN,NaN,NaN,0,0
22,33,1,1,1,1,219,234,191,0,0
22,34,1,1,2,1,161,163,171,1,0
22,35,1,1,2,0,NaN,NaN,NaN,0,0
22,36,1,1,1,1,345,348,321,0,0
22,37,1,1,1,0,NaN,NaN,NaN,0,0
22,38,1,1,2,1,192,195,171,0,0
22,39,1,1,1,1,172,182,157,1,0
22,40,1,1,1,1,67,185,156,2,0
22,41,1,1,1,1,150,153,127,3,0
22,42,1,1,1,1,247,290,241,4,0
22,43,1,1,1,0,NaN,NaN,NaN,0,0
22,44,1,1,2,1,301,303,275,0,0
22,45,1,1,2,1,214,225,192,1,0
22,46,1,1,2,0,NaN,NaN,NaN,0,0
22,47,1,1,2,1,156,158,115,0,0
22,48,1,1,1,1,160,186,133,1,0
22,49,1,1,2,1,214,216,176,2,0
22,50,1,1,1,1,292,320,249,3,0
22,51,1,1,2,1,176,193,135,4,0
22,52,1,1,2,1,191,199,178,5,0
22,53,1,1,1,1,55,NaN,NaN,6,1
22,54,1,1,1,1,176,203,150,7,0
22,55,1,1,2,1,171,186,145,8,0
22,56,1,1,2,1,289,306,249,9,0
22,57,1,1,2,1,219,233,193,10,0
22,58,1,1,1,1,247,277,240,11,0
22,59,1,1,1,0,NaN,NaN,NaN,0,0
22,60,1,1,2,1,230,231,226,0,0
22,61,1,1,1,0,NaN,NaN,NaN,0,0
22,62,1,1,2,1,188,205,158,0,0
22,63,1,1,2,1,144,166,154,1,0
22,64,1,1,1,0,NaN,NaN,NaN,0,0
22,65,1,1,1,1,217,231,226,0,0
22,66,1,1,2,1,91,164,142,1,0
22,67,1,1,2,1,243,261,228,2,0
22,68,1,1,1,1,225,247,222,3,0
22,69,1,1,2,1,191,193,175,4,0
22,70,1,1,1,1,183,199,157,5,0
22,71,1,1,2,1,157,160,151,6,0
22,72,1,1,1,1,146,178,155,7,0
22,73,1,1,2,1,NaN,NaN,NaN,8,1
22,74,1,1,2,1,164,196,119,9,0
22,75,1,1,1,1,168,171,144,10,0
22,76,1,1,1,0,NaN,NaN,NaN,0,0
22,77,1,1,2,1,302,304,268,0,0
22,78,1,1,1,1,141,143,121,1,0
22,79,1,1,1,0,NaN,NaN,NaN,0,0
22,80,1,1,2,1,207,225,166,0,0
22,81,1,1,2,1,218,246,194,1,0
22,82,1,1,2,0,NaN,NaN,NaN,0,0
22,83,1,1,2,1,171,185,139,0,0
22,84,1,1,2,1,261,288,248,1,0
22,85,1,1,1,1,138,161,133,2,0
22,86,1,1,1,1,168,177,148,3,0
22,87,1,1,1,1,190,196,129,4,0
22,88,1,1,2,0,NaN,NaN,NaN,0,0
22,89,1,1,2,1,167,172,129,0,0
22,90,1,1,2,0,NaN,NaN,NaN,0,0
22,91,1,1,2,0,NaN,NaN,NaN,0,0
22,92,1,1,1,1,53,189,174,-1,0
22,93,1,1,1,1,233,246,215,1,0
22,94,1,1,1,1,207,221,164,2,0
22,95,1,1,2,1,194,198,156,3,0
22,96,1,1,1,1,159,169,132,4,0
22,97,1,1,1,1,162,165,128,5,0
22,98,1,1,2,1,NaN,NaN,110,6,0
22,99,1,1,1,1,153,188,148,7,0
22,100,1,1,2,1,259,276,254,8,0
22,101,1,1,1,1,187,190,130,9,0
22,102,1,1,1,0,NaN,NaN,NaN,0,0
22,103,1,1,2,1,176,190,162,0,0
22,104,1,1,1,1,166,178,144,1,0
22,105,1,1,2,1,124,145,119,2,0
22,106,1,1,1,1,247,269,229,3,0
22,107,1,1,1,0,NaN,NaN,NaN,0,0
22,108,1,1,1,1,274,285,257,0,0
22,109,1,1,1,0,NaN,NaN,NaN,0,0
22,110,1,1,1,1,199,232,134,0,0
22,111,1,1,2,1,209,212,175,1,0
22,112,1,1,2,1,286,300,259,2,0
22,113,1,1,2,1,176,197,185,3,0
22,114,1,1,1,0,NaN,NaN,NaN,0,0
22,115,1,1,2,1,267,310,259,0,0
22,116,1,1,1,1,39,185,155,1,0
22,117,1,1,2,0,NaN,NaN,NaN,0,0
22,118,1,1,2,0,NaN,NaN,NaN,0,0
22,119,1,1,2,0,NaN,NaN,NaN,0,0
22,120,1,1,1,1,156,188,151,-2,0
22,121,1,2,2,0,NaN,NaN,NaN,0,0
22,122,1,2,2,1,230,238,210,0,0
22,123,1,2,2,1,222,237,191,1,0
22,124,1,2,1,0,NaN,NaN,NaN,0,0
22,125,1,2,2,0,NaN,NaN,NaN,0,0
22,126,1,2,1,1,178,180,139,-1,0
22,127,1,2,2,0,NaN,NaN,NaN,0,0
22,128,1,2,2,0,NaN,NaN,NaN,0,0
22,129,1,2,1,0,NaN,NaN,NaN,0,0
22,130,1,2,1,1,40,223,209,-2,0
22,131,1,2,2,1,184,199,157,1,0
22,132,1,2,2,0,NaN,NaN,NaN,0,0
22,133,1,2,2,0,NaN,NaN,NaN,0,0
22,134,1,2,2,0,NaN,NaN,NaN,0,0
22,135,1,2,2,0,NaN,NaN,NaN,0,0
22,136,1,2,2,0,NaN,NaN,NaN,0,0
22,137,1,2,1,0,NaN,NaN,NaN,0,0
22,138,1,2,1,1,204,243,186,-5,0
22,139,1,2,1,0,NaN,NaN,NaN,0,0
22,140,1,2,1,1,153,175,149,0,0
22,141,1,2,2,1,303,328,256,1,0
22,142,1,2,2,0,NaN,NaN,NaN,0,0
22,143,1,2,1,0,NaN,NaN,NaN,0,0
22,144,1,2,1,0,NaN,NaN,NaN,0,0
22,145,1,2,1,0,NaN,NaN,NaN,0,0
22,146,1,2,2,1,135,163,145,-3,0
22,147,1,2,2,0,NaN,NaN,NaN,0,0
22,148,1,2,1,0,NaN,NaN,NaN,0,0
22,149,1,2,1,0,NaN,NaN,NaN,0,0
22,150,1,2,1,0,NaN,NaN,NaN,0,0
22,151,1,2,1,0,NaN,NaN,NaN,0,0
22,152,1,2,2,0,NaN,NaN,NaN,0,0
22,153,1,2,2,0,NaN,NaN,NaN,0,0
22,154,1,2,2,1,187,237,181,-6,0
22,155,1,2,1,0,NaN,NaN,NaN,0,0
22,156,1,2,2,0,NaN,NaN,NaN,0,0
22,157,1,2,1,0,NaN,NaN,NaN,0,0
22,158,1,2,1,0,NaN,NaN,NaN,0,0
22,159,1,2,2,0,NaN,NaN,NaN,0,0
22,160,1,2,2,0,NaN,NaN,NaN,0,0
22,161,1,2,2,1,220,242,193,-5,0
22,162,1,2,1,0,NaN,NaN,NaN,0,0
22,163,1,2,1,0,NaN,NaN,NaN,0,0
22,164,1,2,1,1,170,199,135,-1,0
22,165,1,2,2,0,NaN,NaN,NaN,0,0
22,166,1,2,1,0,NaN,NaN,NaN,0,0
22,167,1,2,1,1,192,194,187,-1,0
22,168,1,2,2,0,NaN,NaN,NaN,0,0
22,169,1,2,2,0,NaN,NaN,NaN,0,0
22,170,1,2,1,1,128,208,169,-1,0
22,171,1,2,2,0,NaN,NaN,NaN,0,0
22,172,1,2,2,0,NaN,NaN,NaN,0,0
22,173,1,2,1,0,NaN,NaN,NaN,0,0
22,174,1,2,1,0,NaN,NaN,NaN,0,0
22,175,1,2,1,1,187,189,183,-3,0
22,176,1,2,1,0,NaN,NaN,NaN,0,0
22,177,1,2,1,0,NaN,NaN,NaN,0,0
22,178,1,2,1,0,NaN,NaN,NaN,0,0
22,179,1,2,2,0,NaN,NaN,NaN,0,0
22,180,1,2,2,0,NaN,NaN,NaN,0,0
22,181,1,2,1,0,NaN,NaN,NaN,0,0
22,182,1,2,1,0,NaN,NaN,NaN,0,0
22,183,1,2,2,1,181,198,160,-6,0
22,184,1,2,2,0,NaN,NaN,NaN,0,0
22,185,1,2,1,1,203,246,210,0,0
22,186,1,2,1,1,222,224,187,1,0
22,187,1,2,2,0,NaN,NaN,NaN,0,0
22,188,1,2,1,0,NaN,NaN,NaN,0,0
22,189,1,2,1,0,NaN,NaN,NaN,0,0
22,190,1,2,2,0,NaN,NaN,NaN,0,0
22,191,1,2,1,0,NaN,NaN,NaN,0,0
22,192,1,2,2,1,183,188,158,-4,0
22,193,1,2,2,0,NaN,NaN,NaN,0,0
22,194,1,2,1,0,NaN,NaN,NaN,0,0
22,195,1,2,2,1,205,207,174,-1,0
22,196,1,2,2,0,NaN,NaN,NaN,0,0
22,197,1,2,2,0,NaN,NaN,NaN,0,0
22,198,1,2,1,0,NaN,NaN,NaN,0,0
22,199,1,2,1,0,NaN,NaN,NaN,0,0
22,200,1,2,1,0,NaN,NaN,NaN,0,0
22,201,1,2,1,0,NaN,NaN,NaN,0,0
22,202,1,2,1,0,NaN,NaN,NaN,0,0
22,203,1,2,1,0,NaN,NaN,NaN,0,0
22,204,1,2,1,0,NaN,NaN,NaN,0,0
22,205,1,2,2,0,NaN,NaN,NaN,0,0
22,206,1,2,2,0,NaN,NaN,NaN,0,0
22,207,1,2,1,0,NaN,NaN,NaN,0,0
22,208,1,2,2,0,NaN,NaN,NaN,0,0
22,209,1,2,2,0,NaN,NaN,NaN,0,0
22,210,1,2,1,1,225,238,204,-13,0
22,211,1,2,1,0,NaN,NaN,NaN,0,0
22,212,1,2,2,0,NaN,NaN,NaN,0,0
22,213,1,2,2,1,223,224,200,-1,0
22,214,1,2,1,0,NaN,NaN,NaN,0,0
22,215,1,2,2,0,NaN,NaN,NaN,0,0
22,216,1,2,2,0,NaN,NaN,NaN,0,0
22,217,1,2,1,0,NaN,NaN,NaN,0,0
22,218,1,2,1,0,NaN,NaN,NaN,0,0
22,219,1,2,2,0,NaN,NaN,NaN,0,0
22,220,1,2,1,1,268,283,206,-5,0
22,221,1,2,2,1,291,318,253,1,0
22,222,1,2,2,0,NaN,NaN,NaN,0,0
22,223,1,2,2,0,NaN,NaN,NaN,0,0
22,224,1,2,1,0,NaN,NaN,NaN,0,0
22,225,1,2,1,1,207,215,167,-2,0
22,226,1,2,1,1,182,197,149,1,0
22,227,1,2,2,1,147,179,156,2,0
22,228,1,2,2,0,NaN,NaN,NaN,0,0
22,229,1,2,2,0,NaN,NaN,NaN,0,0
22,230,1,2,1,1,120,122,81,-1,0
22,231,1,2,2,1,183,198,149,1,0
22,232,1,2,1,1,177,183,130,2,0
22,233,1,2,1,0,NaN,NaN,NaN,0,0
22,234,1,2,2,0,NaN,NaN,NaN,0,0
22,235,1,2,2,0,NaN,NaN,NaN,0,0
22,236,1,2,1,0,NaN,NaN,NaN,0,0
22,237,1,2,2,0,NaN,NaN,NaN,0,0
22,238,1,2,2,0,NaN,NaN,NaN,0,0
22,239,1,2,2,0,NaN,NaN,NaN,0,0
22,240,1,2,1,0,NaN,NaN,NaN,0,0
23,1,1,2,2,0,NaN,NaN,NaN,0,0
23,2,1,2,1,0,NaN,NaN,NaN,0,0
23,3,1,2,2,0,NaN,NaN,NaN,0,0
23,4,1,2,1,0,NaN,NaN,NaN,0,0
23,5,1,2,1,1,253,276,245,-3,0
23,6,1,2,2,1,237,336,291,1,0
23,7,1,2,1,0,NaN,NaN,NaN,0,0
23,8,1,2,1,0,NaN,NaN,NaN,0,0
23,9,1,2,1,0,NaN,NaN,NaN,0,0
23,10,1,2,1,0,NaN,NaN,NaN,0,0
23,11,1,2,2,0,NaN,NaN,NaN,0,0
23,12,1,2,2,0,NaN,NaN,NaN,0,0
23,13,1,2,1,0,NaN,NaN,NaN,0,0
23,14,1,2,1,0,NaN,NaN,NaN,0,0
23,15,1,2,2,0,NaN,NaN,NaN,0,0
23,16,1,2,1,0,NaN,NaN,NaN,0,0
23,17,1,2,2,0,NaN,NaN,NaN,0,0
23,18,1,2,1,0,NaN,NaN,NaN,0,0
23,19,1,2,1,0,NaN,NaN,NaN,0,0
23,20,1,2,2,0,NaN,NaN,NaN,0,0
23,21,1,2,1,0,NaN,NaN,NaN,0,0
23,22,1,2,1,1,279,283,255,-14,0
23,23,1,2,2,1,236,245,205,1,0
23,24,1,2,2,0,NaN,NaN,NaN,0,0
23,25,1,2,1,1,207,208,170,0,0
23,26,1,2,2,0,NaN,NaN,NaN,0,0
23,27,1,2,2,0,NaN,NaN,NaN,0,0
23,28,1,2,2,1,267,268,236,-1,0
23,29,1,2,2,1,257,258,214,1,0
23,30,1,2,2,0,NaN,NaN,NaN,0,0
23,31,1,2,1,0,NaN,NaN,NaN,0,0
23,32,1,2,1,0,NaN,NaN,NaN,0,0
23,33,1,2,1,1,258,270,238,-2,0
23,34,1,2,2,0,NaN,NaN,NaN,0,0
23,35,1,2,1,0,NaN,NaN,NaN,0,0
23,36,1,2,2,0,NaN,NaN,NaN,0,0
23,37,1,2,2,0,NaN,NaN,NaN,0,0
23,38,1,2,2,1,255,257,239,-3,0
23,39,1,2,2,0,NaN,NaN,NaN,0,0
23,40,1,2,2,1,212,226,207,0,0
23,41,1,2,2,0,NaN,NaN,NaN,0,0
23,42,1,2,1,0,NaN,NaN,NaN,0,0
23,43,1,2,2,1,236,268,250,-1,0
23,44,1,2,1,1,302,310,263,1,0
23,45,1,2,2,0,NaN,NaN,NaN,0,0
23,46,1,2,1,0,NaN,NaN,NaN,0,0
23,47,1,2,2,0,NaN,NaN,NaN,0,0
23,48,1,2,1,1,216,229,211,-2,0
23,49,1,2,1,0,NaN,NaN,NaN,0,0
23,50,1,2,1,0,NaN,NaN,NaN,0,0
23,51,1,2,1,1,298,312,284,-1,0
23,52,1,2,2,0,NaN,NaN,NaN,0,0
23,53,1,2,1,1,157,252,246,0,0
23,54,1,2,1,0,NaN,NaN,NaN,0,0
23,55,1,2,2,0,NaN,NaN,NaN,0,0
23,56,1,2,2,0,NaN,NaN,NaN,0,0
23,57,1,2,1,0,NaN,NaN,NaN,0,0
23,58,1,2,1,0,NaN,NaN,NaN,0,0
23,59,1,2,2,0,NaN,NaN,NaN,0,0
23,60,1,2,2,0,NaN,NaN,NaN,0,0
23,61,1,2,2,1,280,290,258,-6,0
23,62,1,2,1,0,NaN,NaN,NaN,0,0
23,63,1,2,2,0,NaN,NaN,NaN,0,0
23,64,1,2,2,0,NaN,NaN,NaN,0,0
23,65,1,2,1,0,NaN,NaN,NaN,0,0
23,66,1,2,2,0,NaN,NaN,NaN,0,0
23,67,1,2,2,1,261,272,220,-4,0
23,68,1,2,1,0,NaN,NaN,NaN,0,0
23,69,1,2,2,0,NaN,NaN,NaN,0,0
23,70,1,2,1,0,NaN,NaN,NaN,0,0
23,71,1,2,2,1,307,321,294,-2,0
23,72,1,2,1,1,218,238,199,1,0
23,73,1,2,1,0,NaN,NaN,NaN,0,0
23,74,1,2,2,0,NaN,NaN,NaN,0,0
23,75,1,2,2,1,299,320,296,-1,0
23,76,1,2,1,0,NaN,NaN,NaN,0,0
23,77,1,2,2,0,NaN,NaN,NaN,0,0
23,78,1,2,1,0,NaN,NaN,NaN,0,0
23,79,1,2,1,0,NaN,NaN,NaN,0,0
23,80,1,2,1,1,237,245,210,-3,0
23,81,1,2,2,1,251,253,225,1,0
23,82,1,2,1,0,NaN,NaN,NaN,0,0
23,83,1,2,1,1,250,252,189,0,0
23,84,1,2,2,0,NaN,NaN,NaN,0,0
23,85,1,2,2,0,NaN,NaN,NaN,0,0
23,86,1,2,2,0,NaN,NaN,NaN,0,0
23,87,1,2,1,0,NaN,NaN,NaN,0,0
23,88,1,2,1,0,NaN,NaN,NaN,0,0
23,89,1,2,2,0,NaN,NaN,NaN,0,0
23,90,1,2,2,1,299,306,272,-5,0
23,91,1,2,2,1,261,281,257,1,0
23,92,1,2,2,0,NaN,NaN,NaN,0,0
23,93,1,2,1,1,106,316,275,0,0
23,94,1,2,1,0,NaN,NaN,NaN,0,0
23,95,1,2,1,0,NaN,NaN,NaN,0,0
23,96,1,2,1,1,214,281,230,-1,0
23,97,1,2,2,0,NaN,NaN,NaN,0,0
23,98,1,2,1,1,579,581,564,0,0
23,99,1,2,2,0,NaN,NaN,NaN,0,0
23,100,1,2,1,1,477,490,456,0,0
23,101,1,2,1,0,NaN,NaN,NaN,0,0
23,102,1,2,1,0,NaN,NaN,NaN,0,0
23,103,1,2,1,0,NaN,NaN,NaN,0,0
23,104,1,2,2,0,NaN,NaN,NaN,0,0
23,105,1,2,1,0,NaN,NaN,NaN,0,0
23,106,1,2,2,0,NaN,NaN,NaN,0,0
23,107,1,2,1,1,473,484,439,-5,0
23,108,1,2,2,0,NaN,NaN,NaN,0,0
23,109,1,2,2,0,NaN,NaN,NaN,0,0
23,110,1,2,1,0,NaN,NaN,NaN,0,0
23,111,1,2,2,0,NaN,NaN,NaN,0,0
23,112,1,2,2,0,NaN,NaN,NaN,0,0
23,113,1,2,2,0,NaN,NaN,NaN,0,0
23,114,1,2,1,0,NaN,NaN,NaN,0,0
23,115,1,2,1,0,NaN,NaN,NaN,0,0
23,116,1,2,1,0,NaN,NaN,NaN,0,0
23,117,1,2,1,0,NaN,NaN,NaN,0,0
23,118,1,2,2,0,NaN,NaN,NaN,0,0
23,119,1,2,2,0,NaN,NaN,NaN,0,0
23,120,1,2,2,0,NaN,NaN,NaN,0,0
23,121,1,1,1,0,NaN,NaN,NaN,0,0
23,122,1,1,2,1,262,263,231,-13,0
23,123,1,1,1,1,276,287,260,1,0
23,124,1,1,2,1,261,270,237,2,0
23,125,1,1,1,1,201,214,176,3,0
23,126,1,1,2,1,204,239,197,4,0
23,127,1,1,1,0,NaN,NaN,NaN,0,0
23,128,1,1,1,1,146,207,172,0,0
23,129,1,1,2,1,279,290,262,1,0
23,130,1,1,1,1,227,230,188,2,0
23,131,1,1,2,0,NaN,NaN,NaN,0,0
23,132,1,1,1,0,NaN,NaN,NaN,0,0
23,133,1,1,2,1,273,276,237,-1,0
23,134,1,1,1,1,274,276,270,1,0
23,135,1,1,2,1,217,220,187,2,0
23,136,1,1,1,1,205,247,218,3,0
23,137,1,1,1,1,206,209,172,4,0
23,138,1,1,2,1,137,166,125,5,0
23,139,1,1,1,1,197,215,172,6,0
23,140,1,1,2,0,NaN,NaN,NaN,0,0
23,141,1,1,2,0,NaN,NaN,NaN,0,0
23,142,1,1,2,1,269,272,233,-1,0
23,143,1,1,1,1,299,312,272,1,0
23,144,1,1,1,1,140,235,219,2,0
23,145,1,1,2,1,263,264,226,3,0
23,146,1,1,2,0,NaN,NaN,NaN,0,0
23,147,1,1,1,1,250,252,232,0,0
23,148,1,1,1,1,223,237,201,1,0
23,149,1,1,1,1,239,246,213,2,0
23,150,1,1,2,1,232,251,211,3,0
23,151,1,1,2,1,201,204,174,4,0
23,152,1,1,2,1,237,266,213,5,0
23,153,1,1,1,1,199,201,172,6,0
23,154,1,1,1,1,235,237,219,7,0
23,155,1,1,2,1,258,272,213,8,0
23,156,1,1,1,0,NaN,NaN,NaN,0,0
23,157,1,1,1,0,NaN,NaN,NaN,0,0
23,158,1,1,1,1,398,418,392,-1,0
23,159,1,1,1,0,NaN,NaN,NaN,0,0
23,160,1,1,1,1,332,345,315,0,0
23,161,1,1,2,1,295,303,253,1,0
23,162,1,1,2,1,197,212,158,2,0
23,163,1,1,2,1,211,233,177,3,0
23,164,1,1,2,1,213,216,166,4,0
23,165,1,1,2,1,214,230,190,5,0
23,166,1,1,1,1,218,221,205,6,0
23,167,1,1,2,0,NaN,NaN,NaN,0,0
23,168,1,1,1,1,79,214,246,0,0
23,169,1,1,2,1,214,217,186,1,0
23,170,1,1,1,1,347,360,333,2,0
23,171,1,1,2,0,NaN,NaN,NaN,0,0
23,172,1,1,1,1,254,262,225,0,0
23,173,1,1,2,1,218,220,194,1,0
23,174,1,1,1,1,328,342,305,2,0
23,175,1,1,1,0,NaN,NaN,NaN,0,0
23,176,1,1,2,1,237,240,195,0,0
23,177,1,1,1,0,NaN,NaN,NaN,0,0
23,178,1,1,2,0,NaN,NaN,NaN,0,0
23,179,1,1,2,1,245,293,255,-1,0
23,180,1,1,2,1,239,263,235,1,0
23,181,1,1,2,1,249,259,224,2,0
23,182,1,1,2,1,243,268,236,3,0
23,183,1,1,1,1,227,241,197,4,0
23,184,1,1,1,1,231,238,198,5,0
23,185,1,1,1,1,228,246,212,6,0
23,186,1,1,1,1,195,209,162,7,0
23,187,1,1,2,1,204,206,165,8,0
23,188,1,1,1,1,263,296,211,9,0
23,189,1,1,2,0,NaN,NaN,NaN,0,0
23,190,1,1,1,1,218,221,173,0,0
23,191,1,1,2,1,189,200,174,1,0
23,192,1,1,1,0,NaN,NaN,NaN,0,0
23,193,1,1,2,1,257,294,251,0,0
23,194,1,1,1,1,222,237,229,1,0
23,195,1,1,2,1,199,215,160,2,0
23,196,1,1,2,1,204,241,170,3,0
23,197,1,1,2,1,192,208,178,4,0
23,198,1,1,2,1,249,260,231,5,0
23,199,1,1,1,1,200,202,167,6,0
23,200,1,1,2,1,221,235,182,7,0
23,201,1,1,2,1,231,233,219,8,0
23,202,1,1,1,0,NaN,NaN,NaN,0,0
23,203,1,1,1,1,258,259,228,0,0
23,204,1,1,1,0,NaN,NaN,NaN,0,0
23,205,1,1,2,1,241,286,236,0,0
23,206,1,1,1,1,440,465,402,1,0
23,207,1,1,1,1,271,275,244,2,0
23,208,1,1,2,1,251,300,199,3,0
23,209,1,1,2,0,NaN,NaN,NaN,0,0
23,210,1,1,2,1,234,254,211,0,0
23,211,1,1,2,1,252,267,233,1,0
23,212,1,1,1,1,174,199,169,2,0
23,213,1,1,2,1,248,312,217,3,0
23,214,1,1,1,1,242,256,214,4,0
23,215,1,1,2,0,NaN,NaN,NaN,0,0
23,216,1,1,1,0,NaN,NaN,NaN,0,0
23,217,1,1,1,1,205,225,189,-1,0
23,218,1,1,1,1,204,290,268,1,0
23,219,1,1,1,1,232,244,198,2,0
23,220,1,1,1,0,NaN,NaN,NaN,0,0
23,221,1,1,2,1,259,283,235,0,0
23,222,1,1,2,1,218,244,212,1,0
23,223,1,1,2,1,NaN,NaN,NaN,2,1
23,224,1,1,2,0,NaN,NaN,NaN,0,0
23,225,1,1,1,1,238,250,217,0,0
23,226,1,1,1,1,233,234,216,1,0
23,227,1,1,2,1,215,234,162,2,0
23,228,1,1,2,1,200,202,160,3,0
23,229,1,1,1,1,221,232,205,4,0
23,230,1,1,1,1,180,189,139,5,0
23,231,1,1,1,0,NaN,NaN,NaN,0,0
23,232,1,1,1,1,187,256,225,0,0
23,233,1,1,1,0,NaN,NaN,NaN,0,0
23,234,1,1,1,0,NaN,NaN,NaN,0,0
23,235,1,1,2,0,NaN,NaN,NaN,0,0
23,236,1,1,1,1,236,252,185,-2,0
23,237,1,1,2,1,115,247,241,1,0
23,238,1,1,2,0,NaN,NaN,NaN,0,0
23,239,1,1,2,0,NaN,NaN,NaN,0,0
23,240,1,1,2,1,249,252,208,-1,0
24,1,1,1,1,1,447,488,441,0,0
24,2,1,1,1,1,298,358,252,1,0
24,3,1,1,2,1,251,253,204,2,0
24,4,1,1,1,1,242,261,254,3,0
24,5,1,1,2,0,NaN,NaN,NaN,0,0
24,6,1,1,1,1,269,NaN,346,0,0
24,7,1,1,1,0,NaN,NaN,NaN,0,0
24,8,1,1,2,0,NaN,NaN,NaN,0,0
24,9,1,1,2,1,247,260,210,-1,0
24,10,1,1,2,1,381,NaN,388,1,0
24,11,1,1,2,1,238,253,212,2,0
24,12,1,1,2,1,240,296,236,3,0
24,13,1,1,2,1,234,280,246,4,0
24,14,1,1,1,0,NaN,NaN,NaN,0,0
24,15,1,1,1,0,NaN,NaN,NaN,0,0
24,16,1,1,1,1,341,453,260,-1,0
24,17,1,1,2,1,417,443,426,1,0
24,18,1,1,2,1,376,428,348,2,0
24,19,1,1,1,1,375,416,346,3,0
24,20,1,1,2,1,302,316,279,4,0
24,21,1,1,2,0,NaN,NaN,NaN,0,0
24,22,1,1,1,1,311,336,242,0,0
24,23,1,1,2,0,NaN,NaN,NaN,0,0
24,24,1,1,2,1,476,498,437,0,0
24,25,1,1,2,0,NaN,NaN,NaN,0,0
24,26,1,1,1,1,112,270,219,0,0
24,27,1,1,1,1,259,267,224,1,0
24,28,1,1,1,1,431,444,406,2,0
24,29,1,1,2,0,NaN,NaN,NaN,0,0
24,30,1,1,1,1,214,262,228,0,0
24,31,1,1,1,1,261,331,272,1,0
24,32,1,1,2,1,408,NaN,381,2,0
24,33,1,1,1,0,NaN,NaN,NaN,0,0
24,34,1,1,2,1,219,229,186,0,0
24,35,1,1,1,1,278,280,231,1,0
24,36,1,1,1,1,265,278,230,2,0
24,37,1,1,2,1,255,257,237,3,0
24,38,1,1,2,1,47,387,354,4,0
24,39,1,1,2,0,NaN,NaN,NaN,0,0
24,40,1,1,2,1,329,397,324,0,0
24,41,1,1,1,1,226,231,181,1,0
24,42,1,1,1,0,NaN,NaN,NaN,0,0
24,43,1,1,2,1,232,254,187,0,0
24,44,1,1,2,1,249,251,222,1,0
24,45,1,1,2,1,205,227,196,2,0
24,46,1,1,2,1,194,229,167,3,0
24,47,1,1,2,1,376,392,333,4,0
24,48,1,1,1,1,263,265,231,5,0
24,49,1,1,2,1,453,481,405,6,0
24,50,1,1,1,1,246,346,283,7,0
24,51,1,1,1,0,NaN,NaN,NaN,0,0
24,52,1,1,1,1,305,361,316,0,0
24,53,1,1,1,1,288,319,224,1,0
24,54,1,1,2,1,261,291,227,2,0
24,55,1,1,2,1,310,322,296,3,0
24,56,1,1,1,0,NaN,NaN,NaN,0,0
24,57,1,1,1,1,274,289,245,0,0
24,58,1,1,1,0,NaN,NaN,NaN,0,0
24,59,1,1,1,1,387,389,310,0,0
24,60,1,1,1,1,258,331,224,1,0
24,61,1,1,1,1,258,304,251,2,0
24,62,1,1,1,1,237,280,164,3,0
24,63,1,1,2,1,228,253,204,4,0
24,64,1,1,2,1,343,NaN,305,5,0
24,65,1,1,2,1,237,249,195,6,0
24,66,1,1,1,0,NaN,NaN,NaN,0,0
24,67,1,1,2,0,NaN,NaN,NaN,0,0
24,68,1,1,1,1,351,353,311,-1,0
24,69,1,1,1,1,115,619,487,1,0
24,70,1,1,2,0,NaN,NaN,NaN,0,0
24,71,1,1,2,1,294,316,243,0,0
24,72,1,1,1,1,239,269,192,1,0
24,73,1,1,2,1,272,288,283,2,0
24,74,1,1,2,0,NaN,NaN,NaN,0,0
24,75,1,1,1,1,278,326,273,0,0
24,76,1,1,1,0,NaN,NaN,NaN,0,0
24,77,1,1,1,1,183,239,178,0,0
24,78,1,1,1,1,113,376,344,1,0
24,79,1,1,1,1,562,565,538,2,0
24,80,1,1,2,1,428,NaN,379,3,0
24,81,1,1,1,1,257,319,234,4,0
24,82,1,1,1,1,271,336,238,5,0
24,83,1,1,1,1,305,334,215,6,0
24,84,1,1,2,0,NaN,NaN,NaN,0,0
24,85,1,1,1,1,493,NaN,486,0,0
24,86,1,1,1,1,189,233,200,1,0
24,87,1,1,1,1,285,287,242,2,0
24,88,1,1,2,1,241,254,202,3,0
24,89,1,1,1,1,242,300,220,4,0
24,90,1,1,1,0,NaN,NaN,NaN,0,0
24,91,1,1,2,1,460,484,407,0,0
24,92,1,1,2,1,234,247,242,1,0
24,93,1,1,2,1,244,261,219,2,0
24,94,1,1,2,1,139,321,280,3,0
24,95,1,1,2,1,399,NaN,345,4,0
24,96,1,1,1,0,NaN,NaN,NaN,0,0
24,97,1,1,1,0,NaN,NaN,NaN,0,0
24,98,1,1,2,1,255,257,198,-1,0
24,99,1,1,2,1,241,251,218,1,0
24,100,1,1,2,1,262,336,217,2,0
24,101,1,1,1,1,239,273,248,3,0
24,102,1,1,1,0,NaN,NaN,NaN,0,0
24,103,1,1,1,1,NaN,NaN,NaN,0,1
24,104,1,1,2,0,NaN,NaN,NaN,0,0
24,105,1,1,2,1,374,376,326,0,0
24,106,1,1,1,0,NaN,NaN,NaN,0,0
24,107,1,1,2,1,327,349,286,0,0
24,108,1,1,2,1,264,265,249,1,0
24,109,1,1,1,1,232,257,244,2,0
24,110,1,1,2,1,271,273,229,3,0
24,111,1,1,1,1,289,300,238,4,0
24,112,1,1,1,1,301,321,296,5,0
24,113,1,1,2,0,NaN,NaN,NaN,0,0
24,114,1,1,2,0,NaN,NaN,NaN,0,0
24,115,1,1,1,0,NaN,NaN,NaN,0,0
24,116,1,1,2,1,280,315,254,-2,0
24,117,1,1,2,1,298,324,292,1,0
24,118,1,1,2,1,271,NaN,229,2,0
24,119,1,1,1,1,343,417,309,3,0
24,120,1,1,2,1,477,527,440,4,0
24,121,1,2,2,0,NaN,NaN,NaN,0,0
24,122,1,2,1,0,NaN,NaN,NaN,0,0
24,123,1,2,2,1,275,277,245,-1,0
24,124,1,2,1,0,NaN,NaN,NaN,0,0
24,125,1,2,1,1,572,612,582,0,0
24,126,1,2,2,0,NaN,NaN,NaN,0,0
24,127,1,2,1,0,NaN,NaN,NaN,0,0
24,128,1,2,2,0,NaN,NaN,NaN,0,0
24,129,1,2,1,0,NaN,NaN,NaN,0,0
24,130,1,2,1,0,NaN,NaN,NaN,0,0
24,131,1,2,1,0,NaN,NaN,NaN,0,0
24,132,1,2,1,0,NaN,NaN,NaN,0,0
24,133,1,2,2,0,NaN,NaN,NaN,0,0
24,134,1,2,2,0,NaN,NaN,NaN,0,0
24,135,1,2,2,1,487,591,436,-8,0
24,136,1,2,2,0,NaN,NaN,NaN,0,0
24,137,1,2,1,0,NaN,NaN,NaN,0,0
24,138,1,2,1,0,NaN,NaN,NaN,0,0
24,139,1,2,1,1,284,294,260,-2,0
24,140,1,2,1,0,NaN,NaN,NaN,0,0
24,141,1,2,2,0,NaN,NaN,NaN,0,0
24,142,1,2,2,0,NaN,NaN,NaN,0,0
24,143,1,2,1,0,NaN,NaN,NaN,0,0
24,144,1,2,2,0,NaN,NaN,NaN,0,0
24,145,1,2,2,0,NaN,NaN,NaN,0,0
24,146,1,2,2,0,NaN,NaN,NaN,0,0
24,147,1,2,2,1,283,285,246,-6,0
24,148,1,2,1,0,NaN,NaN,NaN,0,0
24,149,1,2,2,0,NaN,NaN,NaN,0,0
24,150,1,2,2,0,NaN,NaN,NaN,0,0
24,151,1,2,1,0,NaN,NaN,NaN,0,0
24,152,1,2,1,0,NaN,NaN,NaN,0,0
24,153,1,2,1,0,NaN,NaN,NaN,0,0
24,154,1,2,1,0,NaN,NaN,NaN,0,0
24,155,1,2,2,0,NaN,NaN,NaN,0,0
24,156,1,2,1,0,NaN,NaN,NaN,0,0
24,157,1,2,2,0,NaN,NaN,NaN,0,0
24,158,1,2,2,0,NaN,NaN,NaN,0,0
24,159,1,2,2,0,NaN,NaN,NaN,0,0
24,160,1,2,1,0,NaN,NaN,NaN,0,0
24,161,1,2,2,1,246,258,226,-12,0
24,162,1,2,1,0,NaN,NaN,NaN,0,0
24,163,1,2,1,1,283,340,351,0,0
24,164,1,2,1,0,NaN,NaN,NaN,0,0
24,165,1,2,2,0,NaN,NaN,NaN,0,0
24,166,1,2,2,0,NaN,NaN,NaN,0,0
24,167,1,2,2,0,NaN,NaN,NaN,0,0
24,168,1,2,1,1,293,316,261,-3,0
24,169,1,2,2,0,NaN,NaN,NaN,0,0
24,170,1,2,1,1,261,296,232,0,0
24,171,1,2,1,1,386,399,365,1,0
24,172,1,2,2,0,NaN,NaN,NaN,0,0
24,173,1,2,1,1,384,394,343,0,0
24,174,1,2,1,0,NaN,NaN,NaN,0,0
24,175,1,2,1,0,NaN,NaN,NaN,0,0
24,176,1,2,2,0,NaN,NaN,NaN,0,0
24,177,1,2,1,1,402,447,412,-2,0
24,178,1,2,2,1,546,591,554,1,0
24,179,1,2,2,1,404,407,374,2,0
24,180,1,2,2,1,435,466,445,3,0
24,181,1,2,2,0,NaN,NaN,NaN,0,0
24,182,1,2,2,1,457,458,444,0,0
24,183,1,2,2,0,NaN,NaN,NaN,0,0
24,184,1,2,2,1,270,272,222,0,0
24,185,1,2,1,0,NaN,NaN,NaN,0,0
24,186,1,2,2,0,NaN,NaN,NaN,0,0
24,187,1,2,1,1,317,353,266,-1,0
24,188,1,2,1,0,NaN,NaN,NaN,0,0
24,189,1,2,1,0,NaN,NaN,NaN,0,0
24,190,1,2,2,0,NaN,NaN,NaN,0,0
24,191,1,2,1,1,379,388,374,-2,0
24,192,1,2,1,0,NaN,NaN,NaN,0,0
24,193,1,2,2,1,469,505,451,0,0
24,194,1,2,2,0,NaN,NaN,NaN,0,0
24,195,1,2,2,0,NaN,NaN,NaN,0,0
24,196,1,2,1,0,NaN,NaN,NaN,0,0
24,197,1,2,2,0,NaN,NaN,NaN,0,0
24,198,1,2,1,0,NaN,NaN,NaN,0,0
24,199,1,2,2,0,NaN,NaN,NaN,0,0
24,200,1,2,1,0,NaN,NaN,NaN,0,0
24,201,1,2,1,0,NaN,NaN,NaN,0,0
24,202,1,2,1,0,NaN,NaN,NaN,0,0
24,203,1,2,1,0,NaN,NaN,NaN,0,0
24,204,1,2,1,0,NaN,NaN,NaN,0,0
24,205,1,2,1,1,285,339,232,-10,0
24,206,1,2,2,0,NaN,NaN,NaN,0,0
24,207,1,2,1,1,542,544,505,0,0
24,208,1,2,2,0,NaN,NaN,NaN,0,0
24,209,1,2,1,0,NaN,NaN,NaN,0,0
24,210,1,2,1,0,NaN,NaN,NaN,0,0
24,211,1,2,1,1,404,407,387,-2,0
24,212,1,2,2,0,NaN,NaN,NaN,0,0
24,213,1,2,1,0,NaN,NaN,NaN,0,0
24,214,1,2,2,1,149,250,225,-1,0
24,215,1,2,2,0,NaN,NaN,NaN,0,0
24,216,1,2,2,1,325,352,283,0,0
24,217,1,2,2,0,NaN,NaN,NaN,0,0
24,218,1,2,2,0,NaN,NaN,NaN,0,0
24,219,1,2,2,0,NaN,NaN,NaN,0,0
24,220,1,2,1,1,304,318,280,-2,0
24,221,1,2,2,0,NaN,NaN,NaN,0,0
24,222,1,2,1,1,456,475,451,0,0
24,223,1,2,2,0,NaN,NaN,NaN,0,0
24,224,1,2,1,0,NaN,NaN,NaN,0,0
24,225,1,2,2,0,NaN,NaN,NaN,0,0
24,226,1,2,1,0,NaN,NaN,NaN,0,0
24,227,1,2,2,0,NaN,NaN,NaN,0,0
24,228,1,2,1,0,NaN,NaN,NaN,0,0
24,229,1,2,1,0,NaN,NaN,NaN,0,0
24,230,1,2,2,1,372,479,382,-6,0
24,231,1,2,1,1,271,282,221,1,0
24,232,1,2,2,0,NaN,NaN,NaN,0,0
24,233,1,2,1,0,NaN,NaN,NaN,0,0
24,234,1,2,1,0,NaN,NaN,NaN,0,0
24,235,1,2,1,0,NaN,NaN,NaN,0,0
24,236,1,2,2,1,94,330,291,-3,0
24,237,1,2,1,0,NaN,NaN,NaN,0,0
24,238,1,2,2,0,NaN,NaN,NaN,0,0
24,239,1,2,2,0,NaN,NaN,NaN,0,0
24,240,1,2,2,0,NaN,NaN,NaN,0,0
101,1,2,1,1,1,39,380,341,0,0
101,2,2,1,1,1,421,445,417,1,0
101,3,2,1,1,0,NaN,NaN,NaN,0,0
101,4,2,1,2,1,198,256,206,0,0
101,5,2,1,1,0,NaN,NaN,NaN,0,0
101,6,2,1,1,1,353,355,348,0,0
101,7,2,1,2,1,624,625,600,1,0
101,8,2,1,1,1,397,422,372,2,0
101,9,2,1,2,1,434,449,403,3,0
101,10,2,1,1,1,282,284,238,4,0
101,11,2,1,2,1,141,275,234,5,0
101,12,2,1,2,1,309,310,305,6,0
101,13,2,1,1,0,NaN,NaN,NaN,0,0
101,14,2,1,1,1,252,257,230,0,0
101,15,2,1,2,0,NaN,NaN,NaN,0,0
101,16,2,1,1,1,176,203,157,0,0
101,17,2,1,1,1,294,305,275,1,0
101,18,2,1,1,1,370,398,353,2,0
101,19,2,1,2,1,226,227,202,3,0
101,20,2,1,1,1,305,307,264,4,0
101,21,2,1,1,0,NaN,NaN,NaN,0,0
101,22,2,1,2,1,212,236,206,0,0
101,23,2,1,1,0,NaN,NaN,NaN,0,0
101,24,2,1,2,1,367,369,343,0,0
101,25,2,1,2,0,NaN,NaN,NaN,0,0
101,26,2,1,2,1,250,309,258,0,0
101,27,2,1,2,1,376,397,341,1,0
101,28,2,1,2,0,NaN,NaN,NaN,0,0
101,29,2,1,2,1,204,223,234,0,0
101,30,2,1,1,1,289,305,271,1,0
101,31,2,1,2,1,253,NaN,185,2,0
101,32,2,1,2,1,207,223,181,3,0
101,33,2,1,1,1,233,235,199,4,0
101,34,2,1,2,0,NaN,NaN,NaN,0,0
101,35,2,1,2,0,NaN,NaN,NaN,0,0
101,36,2,1,1,1,193,194,163,-1,0
101,37,2,1,1,1,195,208,174,1,0
101,38,2,1,2,1,42,309,277,2,0
101,39,2,1,1,1,276,305,219,3,0
101,40,2,1,2,1,394,407,366,4,0
101,41,2,1,1,1,457,470,410,5,0
101,42,2,1,2,0,NaN,NaN,NaN,0,0
101,43,2,1,2,1,NaN,NaN,NaN,0,1
101,44,2,1,2,1,221,234,195,1,0
101,45,2,1,1,1,376,409,324,2,0
101,46,2,1,2,1,210,228,187,3,0
101,47,2,1,1,1,405,436,380,4,0
101,48,2,1,2,1,281,342,334,5,0
101,49,2,1,2,1,224,240,249,6,0
101,50,2,1,2,1,328,351,294,7,0
101,51,2,1,2,1,228,262,197,8,0
101,52,2,1,2,1,224,NaN,193,9,0
101,53,2,1,1,1,228,274,213,10,0
101,54,2,1,2,1,320,323,295,11,0
101,55,2,1,1,1,202,204,198,12,0
101,56,2,1,2,1,477,511,450,13,0
101,57,2,1,2,1,349,380,375,14,0
101,58,2,1,1,0,NaN,NaN,NaN,0,0
101,59,2,1,2,1,NaN,NaN,206,0,0
101,60,2,1,2,0,NaN,NaN,NaN,0,0
101,61,2,1,1,1,192,231,180,0,0
101,62,2,1,2,1,360,375,314,1,0
101,63,2,1,1,1,230,233,205,2,0
101,64,2,1,2,1,240,262,222,3,0
101,65,2,1,1,1,244,270,243,4,0
101,66,2,1,1,0,NaN,NaN,NaN,0,0
101,67,2,1,1,1,214,245,182,0,0
101,68,2,1,1,0,NaN,NaN,NaN,0,0
101,69,2,1,1,0,NaN,NaN,NaN,0,0
101,70,2,1,1,1,254,296,221,-1,0
101,71,2,1,1,1,283,298,244,1,0
101,72,2,1,1,1,339,385,351,2,0
101,73,2,1,1,0,NaN,NaN,NaN,0,0
101,74,2,1,2,1,473,487,437,0,0
101,75,2,1,2,0,NaN,NaN,NaN,0,0
101,76,2,1,2,0,NaN,NaN,NaN,0,0
101,77,2,1,1,1,379,396,347,-1,0
101,78,2,1,1,1,394,414,369,1,0
101,79,2,1,1,1,394,420,373,2,0
101,80,2,1,2,0,NaN,NaN,NaN,0,0
101,81,2,2,1,1,221,238,205,0,0
101,82,2,2,1,0,NaN,NaN,NaN,0,0
101,83,2,2,1,1,NaN,NaN,NaN,0,1
101,84,2,2,1,0,NaN,NaN,NaN,0,0
101,85,2,2,1,0,NaN,NaN,NaN,0,0
101,86,2,2,1,1,377,411,331,-1,0
101,87,2,2,1,0,NaN,NaN,NaN,0,0
101,88,2,2,2,0,NaN,NaN,NaN,0,0
101,89,2,2,1,0,NaN,NaN,NaN,0,0
101,90,2,2,2,0,NaN,NaN,NaN,0,0
101,91,2,2,2,0,NaN,NaN,NaN,0,0
101,92,2,2,2,1,381,394,354,-4,0
101,93,2,2,1,0,NaN,NaN,NaN,0,0
101,94,2,2,2,0,NaN,NaN,NaN,0,0
101,95,2,2,2,0,NaN,NaN,NaN,0,0
101,96,2,2,2,0,NaN,NaN,NaN,0,0
101,97,2,2,2,0,NaN,NaN,NaN,0,0
101,98,2,2,2,0,NaN,NaN,NaN,0,0
101,99,2,2,2,1,224,480,434,-5,0
101,100,2,2,2,0,NaN,NaN,NaN,0,0
101,101,2,2,1,0,NaN,NaN,NaN,0,0
101,102,2,2,1,0,NaN,NaN,NaN,0,0
101,103,2,2,1,0,NaN,NaN,NaN,0,0
101,104,2,2,1,0,NaN,NaN,NaN,0,0
101,105,2,2,2,0,NaN,NaN,NaN,0,0
101,106,2,2,1,1,425,440,392,-5,0
101,107,2,2,2,1,324,397,373,1,0
101,108,2,2,2,0,NaN,NaN,NaN,0,0
101,109,2,2,1,0,NaN,NaN,NaN,0,0
101,110,2,2,2,1,486,589,450,-1,0
101,111,2,2,1,1,297,327,259,1,0
101,112,2,2,1,0,NaN,NaN,NaN,0,0
101,113,2,2,2,0,NaN,NaN,NaN,0,0
101,114,2,2,1,0,NaN,NaN,NaN,0,0
101,115,2,2,2,0,NaN,NaN,NaN,0,0
101,116,2,2,2,1,379,416,362,-3,0
101,117,2,2,2,0,NaN,NaN,NaN,0,0
101,118,2,2,2,0,NaN,NaN,NaN,0,0
101,119,2,2,1,0,NaN,NaN,NaN,0,0
101,120,2,2,1,0,NaN,NaN,NaN,0,0
101,121,2,2,2,0,NaN,NaN,NaN,0,0
101,122,2,2,2,0,NaN,NaN,NaN,0,0
101,123,2,2,2,1,372,439,354,-5,0
101,124,2,2,2,0,NaN,NaN,NaN,0,0
101,125,2,2,1,0,NaN,NaN,NaN,0,0
101,126,2,2,2,0,NaN,NaN,NaN,0,0
101,127,2,2,1,0,NaN,NaN,NaN,0,0
101,128,2,2,2,0,NaN,NaN,NaN,0,0
101,129,2,2,2,0,NaN,NaN,NaN,0,0
101,130,2,2,1,0,NaN,NaN,NaN,0,0
101,131,2,2,2,0,NaN,NaN,NaN,0,0
101,132,2,2,1,0,NaN,NaN,NaN,0,0
101,133,2,2,1,0,NaN,NaN,NaN,0,0
101,134,2,2,2,0,NaN,NaN,NaN,0,0
101,135,2,2,1,0,NaN,NaN,NaN,0,0
101,136,2,2,2,1,383,396,361,-11,0
101,137,2,2,1,1,334,344,305,1,0
101,138,2,2,1,0,NaN,NaN,NaN,0,0
101,139,2,2,2,0,NaN,NaN,NaN,0,0
101,140,2,2,2,0,NaN,NaN,NaN,0,0
101,141,2,2,1,0,NaN,NaN,NaN,0,0
101,142,2,2,1,1,382,394,348,-3,0
101,143,2,2,1,0,NaN,NaN,NaN,0,0
101,144,2,2,2,0,NaN,NaN,NaN,0,0
101,145,2,2,1,1,268,298,230,-1,0
101,146,2,2,2,0,NaN,NaN,NaN,0,0
101,147,2,2,1,0,NaN,NaN,NaN,0,0
101,148,2,2,1,0,NaN,NaN,NaN,0,0
101,149,2,2,2,1,366,418,310,-2,0
101,150,2,2,2,1,525,547,521,1,0
101,151,2,2,1,0,NaN,NaN,NaN,0,0
101,152,2,2,2,1,427,450,354,0,0
101,153,2,2,2,0,NaN,NaN,NaN,0,0
101,154,2,2,2,0,NaN,NaN,NaN,0,0
101,155,2,2,1,1,263,285,233,-1,0
101,156,2,2,1,0,NaN,NaN,NaN,0,0
101,157,2,2,2,0,NaN,NaN,NaN,0,0
101,158,2,2,1,1,276,277,285,-1,0
101,159,2,2,1,0,NaN,NaN,NaN,0,0
101,160,2,2,1,0,NaN,NaN,NaN,0,0
102,1,2,1,1,1,425,446,420,0,0
102,2,2,1,1,1,343,377,331,1,0
102,3,2,1,1,0,NaN,NaN,NaN,0,0
102,4,2,1,2,1,316,353,327,0,0
102,5,2,1,1,0,NaN,NaN,NaN,0,0
102,6,2,1,1,1,375,391,357,0,0
102,7,2,1,2,1,395,415,352,1,0
102,8,2,1,1,1,474,509,443,2,0
102,9,2,1,2,1,377,387,322,3,0
102,10,2,1,1,1,415,417,333,4,0
102,11,2,1,2,1,202,273,268,5,0
102,12,2,1,2,1,302,325,272,6,0
102,13,2,1,1,0,NaN,NaN,NaN,0,0
102,14,2,1,1,1,324,326,295,0,0
102,15,2,1,2,0,NaN,NaN,NaN,0,0
102,16,2,1,1,1,331,343,338,0,0
102,17,2,1,1,1,466,503,440,1,0
102,18,2,1,1,1,516,527,500,2,0
102,19,2,1,2,1,307,310,289,3,0
102,20,2,1,1,1,374,387,346,4,0
102,21,2,1,1,0,NaN,NaN,NaN,0,0
102,22,2,1,2,1,270,291,262,0,0
102,23,2,1,1,0,NaN,NaN,NaN,0,0
102,24,2,1,2,1,276,322,263,0,0
102,25,2,1,2,0,NaN,NaN,NaN,0,0
102,26,2,1,2,1,411,527,501,0,0
102,27,2,1,2,1,366,383,335,1,0
102,28,2,1,2,0,NaN,NaN,NaN,0,0
102,29,2,1,2,1,347,349,315,0,0
102,30,2,1,1,1,139,380,345,1,0
102,31,2,1,2,1,297,313,239,2,0
102,32,2,1,2,1,198,264,231,3,0
102,33,2,1,1,1,151,309,304,4,0
102,34,2,1,2,0,NaN,NaN,NaN,0,0
102,35,2,1,2,0,NaN,NaN,NaN,0,0
102,36,2,1,1,1,379,381,336,-1,0
102,37,2,1,1,1,458,471,453,1,0
102,38,2,1,2,1,448,481,399,2,0
102,39,2,1,1,1,403,429,357,3,0
102,40,2,1,2,1,394,396,366,4,0
102,41,2,1,1,1,396,420,374,5,0
102,42,2,1,2,0,NaN,NaN,NaN,0,0
102,43,2,1,2,1,369,384,331,0,0
102,44,2,1,2,1,345,382,356,1,0
102,45,2,1,1,1,411,432,395,2,0
102,46,2,1,2,1,293,317,272,3,0
102,47,2,1,1,1,454,458,411,4,0
102,48,2,1,2,1,272,293,256,5,0
102,49,2,1,2,1,389,398,367,6,0
102,50,2,1,2,1,129,386,365,7,0
102,51,2,1,2,1,235,248,216,8,0
102,52,2,1,2,1,224,297,188,9,0
102,53,2,1,1,1,384,386,351,10,0
102,54,2,1,2,1,271,283,222,11,0
102,55,2,1,1,1,321,323,299,12,0
102,56,2,1,2,1,NaN,NaN,NaN,13,1
102,57,2,1,2,1,399,417,364,14,0
102,58,2,1,1,0,NaN,NaN,NaN,0,0
102,59,2,1,2,1,394,407,352,0,0
102,60,2,1,2,0,NaN,NaN,NaN,0,0
102,61,2,1,1,1,165,167,161,0,0
102,62,2,1,2,1,374,388,341,1,0
102,63,2,1,1,1,351,357,325,2,0
102,64,2,1,2,1,242,256,216,3,0
102,65,2,1,1,1,349,359,344,4,0
102,66,2,1,1,0,NaN,NaN,NaN,0,0
102,67,2,1,1,1,327,340,263,0,0
102,68,2,1,1,0,NaN,NaN,NaN,0,0
102,69,2,1,1,0,NaN,NaN,NaN,0,0
102,70,2,1,1,1,357,373,367,-1,0
102,71,2,1,1,1,372,381,347,1,0
102,72,2,1,1,1,400,424,394,2,0
102,73,2,1,1,0,NaN,NaN,NaN,0,0
102,74,2,1,2,1,277,336,286,0,0
102,75,2,1,2,0,NaN,NaN,NaN,0,0
102,76,2,1,2,0,NaN,NaN,NaN,0,0
102,77,2,1,1,1,349,422,354,-1,0
102,78,2,1,1,1,282,299,250,1,0
102,79,2,1,1,1,NaN,NaN,NaN,2,1
102,80,2,1,2,0,NaN,NaN,NaN,0,0
102,81,2,2,1,1,414,418,372,0,0
102,82,2,2,1,0,NaN,NaN,NaN,0,0
102,83,2,2,1,1,340,342,273,0,0
102,84,2,2,1,0,NaN,NaN,NaN,0,0
102,85,2,2,1,0,NaN,NaN,NaN,0,0
102,86,2,2,1,1,400,416,366,-1,0
102,87,2,2,1,0,NaN,NaN,NaN,0,0
102,88,2,2,2,0,NaN,NaN,NaN,0,0
102,89,2,2,1,0,NaN,NaN,NaN,0,0
102,90,2,2,2,0,NaN,NaN,NaN,0,0
102,91,2,2,2,0,NaN,NaN,NaN,0,0
102,92,2,2,2,1,98,539,448,-4,0
102,93,2,2,1,0,NaN,NaN,NaN,0,0
102,94,2,2,2,0,NaN,NaN,NaN,0,0
102,95,2,2,2,0,NaN,NaN,NaN,0,0
102,96,2,2,2,0,NaN,NaN,NaN,0,0
102,97,2,2,2,0,NaN,NaN,NaN,0,0
102,98,2,2,2,0,NaN,NaN,NaN,0,0
102,99,2,2,2,1,330,362,323,-5,0
102,100,2,2,2,0,NaN,NaN,NaN,0,0
102,101,2,2,1,0,NaN,NaN,NaN,0,0
102,102,2,2,1,0,NaN,NaN,NaN,0,0
102,103,2,2,1,0,NaN,NaN,NaN,0,0
102,104,2,2,1,0,NaN,NaN,NaN,0,0
102,105,2,2,2,0,NaN,NaN,NaN,0,0
102,106,2,2,1,1,349,358,308,-5,0
102,107,2,2,2,1,409,429,393,1,0
102,108,2,2,2,0,NaN,NaN,NaN,0,0
102,109,2,2,1,0,NaN,NaN,NaN,0,0
102,110,2,2,2,1,362,397,356,-1,0
102,111,2,2,1,1,310,311,283,1,0
102,112,2,2,1,0,NaN,NaN,NaN,0,0
102,113,2,2,2,0,NaN,NaN,NaN,0,0
102,114,2,2,1,0,NaN,NaN,NaN,0,0
102,115,2,2,2,0,NaN,NaN,NaN,0,0
102,116,2,2,2,1,524,526,510,-3,0
102,117,2,2,2,0,NaN,NaN,NaN,0,0
102,118,2,2,2,0,NaN,NaN,NaN,0,0
102,119,2,2,1,0,NaN,NaN,NaN,0,0
102,120,2,2,1,0,NaN,NaN,NaN,0,0
102,121,2,2,2,0,NaN,NaN,NaN,0,0
102,122,2,2,2,0,NaN,NaN,NaN,0,0
102,123,2,2,2,1,417,423,393,-5,0
102,124,2,2,2,0,NaN,NaN,NaN,0,0
102,125,2,2,1,0,NaN,NaN,NaN,0,0
102,126,2,2,2,0,NaN,NaN,NaN,0,0
102,127,2,2,1,0,NaN,NaN,NaN,0,0
102,128,2,2,2,0,NaN,NaN,NaN,0,0
102,129,2,2,2,0,NaN,NaN,NaN,0,0
102,130,2,2,1,0,NaN,NaN,NaN,0,0
102,131,2,2,2,0,NaN,NaN,NaN,0,0
102,132,2,2,1,0,NaN,NaN,NaN,0,0
102,133,2,2,1,0,NaN,NaN,NaN,0,0
102,134,2,2,2,0,NaN,NaN,NaN,0,0
102,135,2,2,1,0,NaN,NaN,NaN,0,0
102,136,2,2,2,1,355,370,327,-11,0
102,137,2,2,1,1,362,364,294,1,0
102,138,2,2,1,0,NaN,NaN,NaN,0,0
102,139,2,2,2,0,NaN,NaN,NaN,0,0
102,140,2,2,2,0,NaN,NaN,NaN,0,0
102,141,2,2,1,0,NaN,NaN,NaN,0,0
102,142,2,2,1,1,NaN,NaN,NaN,-3,1
102,143,2,2,1,0,NaN,NaN,NaN,0,0
102,144,2,2,2,0,NaN,NaN,NaN,0,0
102,145,2,2,1,1,150,365,329,-1,0
102,146,2,2,2,0,NaN,NaN,NaN,0,0
102,147,2,2,1,0,NaN,NaN,NaN,0,0
102,148,2,2,1,0,NaN,NaN,NaN,0,0
102,149,2,2,2,1,335,360,325,-2,0
102,150,2,2,2,1,431,434,391,1,0
102,151,2,2,1,0,NaN,NaN,NaN,0,0
102,152,2,2,2,1,319,328,299,0,0
102,153,2,2,2,0,NaN,NaN,NaN,0,0
102,154,2,2,2,0,NaN,NaN,NaN,0,0
102,155,2,2,1,1,335,349,314,-1,0
102,156,2,2,1,0,NaN,NaN,NaN,0,0
102,157,2,2,2,0,NaN,NaN,NaN,0,0
102,158,2,2,1,1,339,352,335,-1,0
102,159,2,2,1,0,NaN,NaN,NaN,0,0
102,160,2,2,1,0,NaN,NaN,NaN,0,0
103,1,2,1,1,1,199,299,253,0,0
103,2,2,1,1,1,291,NaN,377,1,0
103,3,2,1,1,0,NaN,NaN,NaN,0,0
103,4,2,1,2,1,202,221,197,0,0
103,5,2,1,1,0,NaN,NaN,NaN,0,0
103,6,2,1,1,1,248,NaN,226,0,0
103,7,2,1,2,1,51,141,175,1,0
103,8,2,1,1,1,46,278,248,2,0
103,9,2,1,2,1,321,NaN,317,3,0
103,10,2,1,1,1,268,357,351,4,0
103,11,2,1,2,1,209,NaN,117,5,0
103,12,2,1,2,1,215,243,170,6,0
103,13,2,1,1,0,NaN,NaN,NaN,0,0
103,14,2,1,1,1,211,230,192,0,0
103,15,2,1,2,0,NaN,NaN,NaN,0,0
103,16,2,1,1,1,248,301,210,0,0
103,17,2,1,1,1,244,276,240,1,0
103,18,2,1,1,1,242,266,152,2,0
103,19,2,1,2,1,298,357,305,3,0
103,20,2,1,1,1,273,276,199,4,0
103,21,2,1,1,0,NaN,NaN,NaN,0,0
103,22,2,1,2,1,203,219,179,0,0
103,23,2,1,1,0,NaN,NaN,NaN,0,0
103,24,2,1,2,1,184,NaN,362,0,0
103,25,2,1,2,0,NaN,NaN,NaN,0,0
103,26,2,1,2,1,NaN,NaN,268,0,0
103,27,2,1,2,1,NaN,NaN,NaN,1,1
103,28,2,1,2,0,NaN,NaN,NaN,0,0
103,29,2,1,2,1,265,NaN,240,0,0
103,30,2,1,1,1,46,276,212,1,0
103,31,2,1,2,1,232,253,227,2,0
103,32,2,1,NaN,NaN,NaN,NaN,NaN,0,1
103,33,2,1,NaN,NaN,NaN,NaN,NaN,0,1
103,34,2,1,NaN,NaN,NaN,NaN,NaN,0,1
103,35,2,1,NaN,NaN,NaN,NaN,NaN,0,1
103,36,2,1,NaN,NaN,NaN,NaN,NaN,0,1
103,37,2,1,NaN,NaN,NaN,NaN,NaN,0,1
103,38,2,1,NaN,NaN,NaN,NaN,NaN,0,1
103,39,2,1,NaN,NaN,NaN,NaN,NaN,0,1
103,40,2,1,NaN,NaN,NaN,NaN,NaN,0,1
103,41,2,1,1,1,340,391,347,0,0
103,42,2,1,2,0,NaN,NaN,NaN,0,0
103,43,2,1,2,1,261,295,256,0,0
103,44,2,1,2,1,248,NaN,224,1,0
103,45,2,1,1,1,196,212,139,2,0
103,46,2,1,2,1,426,501,357,3,0
103,47,2,1,1,1,285,287,251,4,0
103,48,2,1,2,1,NaN,NaN,206,5,0
103,49,2,1,2,1,190,233,185,6,0
103,50,2,1,2,1,NaN,NaN,NaN,7,1
103,51,2,1,2,1,176,278,232,8,0
103,52,2,1,2,1,196,241,179,9,0
103,53,2,1,1,1,201,258,177,10,0
103,54,2,1,2,1,197,235,177,11,0
103,55,2,1,1,1,217,244,212,12,0
103,56,2,1,2,1,239,NaN,203,13,0
103,57,2,1,2,1,227,NaN,254,14,0
103,58,2,1,1,0,NaN,NaN,NaN,0,0
103,59,2,1,2,1,210,246,176,0,0
103,60,2,1,2,0,NaN,NaN,NaN,0,0
103,61,2,1,1,1,238,253,204,0,0
103,62,2,1,2,1,211,239,219,1,0
103,63,2,1,1,1,59,256,160,2,0
103,64,2,1,2,1,234,NaN,217,3,0
103,65,2,1,1,1,198,277,206,4,0
103,66,2,1,1,0,NaN,NaN,NaN,0,0
103,67,2,1,1,1,207,222,193,0,0
103,68,2,1,1,0,NaN,NaN,NaN,0,0
103,69,2,1,1,0,NaN,NaN,NaN,0,0
103,70,2,1,1,1,252,NaN,191,-1,0
103,71,2,1,1,1,287,NaN,282,1,0
103,72,2,1,1,1,202,307,214,2,0
103,73,2,1,1,0,NaN,NaN,NaN,0,0
103,74,2,1,2,1,224,NaN,193,0,0
103,75,2,1,2,0,NaN,NaN,NaN,0,0
103,76,2,1,2,0,NaN,NaN,NaN,0,0
103,77,2,1,1,1,259,NaN,208,-1,0
103,78,2,1,1,1,226,251,192,1,0
103,79,2,1,1,1,300,495,389,2,0
103,80,2,1,2,0,NaN,NaN,NaN,0,0
103,81,2,2,1,1,430,436,422,0,0
103,82,2,2,1,0,NaN,NaN,NaN,0,0
103,83,2,2,1,1,226,280,189,0,0
103,84,2,2,1,0,NaN,NaN,NaN,0,0
103,85,2,2,1,0,NaN,NaN,NaN,0,0
103,86,2,2,1,1,NaN,NaN,NaN,-1,1
103,87,2,2,1,0,NaN,NaN,NaN,0,0
103,88,2,2,2,0,NaN,NaN,NaN,0,0
103,89,2,2,1,0,NaN,NaN,NaN,0,0
103,90,2,2,2,0,NaN,NaN,NaN,0,0
103,91,2,2,2,0,NaN,NaN,NaN,0,0
103,92,2,2,2,1,222,358,330,-4,0
103,93,2,2,1,0,NaN,NaN,NaN,0,0
103,94,2,2,2,0,NaN,NaN,NaN,0,0
103,95,2,2,2,0,NaN,NaN,NaN,0,0
103,96,2,2,2,0,NaN,NaN,NaN,0,0
103,97,2,2,2,0,NaN,NaN,NaN,0,0
103,98,2,2,2,0,NaN,NaN,NaN,0,0
103,99,2,2,2,1,179,372,352,-5,0
103,100,2,2,2,0,NaN,NaN,NaN,0,0
103,101,2,2,1,0,NaN,NaN,NaN,0,0
103,102,2,2,1,0,NaN,NaN,NaN,0,0
103,103,2,2,1,0,NaN,NaN,NaN,0,0
103,104,2,2,1,0,NaN,NaN,NaN,0,0
103,105,2,2,2,0,NaN,NaN,NaN,0,0
103,106,2,2,1,1,NaN,NaN,NaN,-5,1
103,107,2,2,2,1,310,378,276,1,0
103,108,2,2,2,0,NaN,NaN,NaN,0,0
103,109,2,2,1,0,NaN,NaN,NaN,0,0
103,110,2,2,2,1,301,302,297,-1,0
103,111,2,2,1,1,391,404,367,1,0
103,112,2,2,1,0,NaN,NaN,NaN,0,0
103,113,2,2,2,0,NaN,NaN,NaN,0,0
103,114,2,2,1,0,NaN,NaN,NaN,0,0
103,115,2,2,2,0,NaN,NaN,NaN,0,0
103,116,2,2,2,1,258,272,226,-3,0
103,117,2,2,2,0,NaN,NaN,NaN,0,0
103,118,2,2,2,0,NaN,NaN,NaN,0,0
103,119,2,2,1,0,NaN,NaN,NaN,0,0
103,120,2,2,1,0,NaN,NaN,NaN,0,0
103,121,2,2,2,0,NaN,NaN,NaN,0,0
103,122,2,2,2,0,NaN,NaN,NaN,0,0
103,123,2,2,2,1,346,348,358,-5,0
103,124,2,2,2,0,NaN,NaN,NaN,0,0
103,125,2,2,1,0,NaN,NaN,NaN,0,0
103,126,2,2,2,0,NaN,NaN,NaN,0,0
103,127,2,2,1,0,NaN,NaN,NaN,0,0
103,128,2,2,2,0,NaN,NaN,NaN,0,0
103,129,2,2,2,0,NaN,NaN,NaN,0,0
103,130,2,2,1,0,NaN,NaN,NaN,0,0
103,131,2,2,2,0,NaN,NaN,NaN,0,0
103,132,2,2,1,0,NaN,NaN,NaN,0,0
103,133,2,2,1,0,NaN,NaN,NaN,0,0
103,134,2,2,2,0,NaN,NaN,NaN,0,0
103,135,2,2,1,0,NaN,NaN,NaN,0,0
103,136,2,2,2,1,76,358,277,-11,0
103,137,2,2,1,1,253,255,197,1,0
103,138,2,2,1,0,NaN,NaN,NaN,0,0
103,139,2,2,2,0,NaN,NaN,NaN,0,0
103,140,2,2,2,0,NaN,NaN,NaN,0,0
103,141,2,2,1,0,NaN,NaN,NaN,0,0
103,142,2,2,1,1,218,306,197,-3,0
103,143,2,2,1,0,NaN,NaN,NaN,0,0
103,144,2,2,2,0,NaN,NaN,NaN,0,0
103,145,2,2,1,1,289,325,238,-1,0
103,146,2,2,2,0,NaN,NaN,NaN,0,0
103,147,2,2,1,0,NaN,NaN,NaN,0,0
103,148,2,2,1,0,NaN,NaN,NaN,0,0
103,149,2,2,2,1,324,366,306,-2,0
103,150,2,2,2,1,58,180,202,1,0
103,151,2,2,1,0,NaN,NaN,NaN,0,0
103,152,2,2,2,1,459,NaN,332,0,0
103,153,2,2,2,0,NaN,NaN,NaN,0,0
103,154,2,2,2,0,NaN,NaN,NaN,0,0
103,155,2,2,1,1,229,287,238,-1,0
103,156,2,2,1,0,NaN,NaN,NaN,0,0
103,157,2,2,2,0,NaN,NaN,NaN,0,0
103,158,2,2,1,1,186,349,236,-1,0
103,159,2,2,1,0,NaN,NaN,NaN,0,0
103,160,2,2,1,0,NaN,NaN,NaN,0,0
104,1,2,1,1,1,421,469,415,0,0
104,2,2,1,1,1,310,436,389,1,0
104,3,2,1,1,0,NaN,NaN,NaN,0,0
104,4,2,1,2,1,239,268,219,0,0
104,5,2,1,1,0,NaN,NaN,NaN,0,0
104,6,2,1,1,1,NaN,NaN,NaN,0,1
104,7,2,1,2,1,184,209,179,1,0
104,8,2,1,1,1,263,279,210,2,0
104,9,2,1,2,1,378,398,339,3,0
104,10,2,1,1,1,311,347,305,4,0
104,11,2,1,2,1,236,246,210,5,0
104,12,2,1,2,1,344,364,310,6,0
104,13,2,1,1,0,NaN,NaN,NaN,0,0
104,14,2,1,1,1,247,249,190,0,0
104,15,2,1,2,0,NaN,NaN,NaN,0,0
104,16,2,1,1,1,232,281,205,0,0
104,17,2,1,1,1,215,273,224,1,0
104,18,2,1,1,1,244,306,256,2,0
104,19,2,1,2,1,322,368,290,3,0
104,20,2,1,1,1,348,368,327,4,0
104,21,2,1,1,0,NaN,NaN,NaN,0,0
104,22,2,1,2,1,242,269,218,0,0
104,23,2,1,1,0,NaN,NaN,NaN,0,0
104,24,2,1,2,1,320,326,288,0,0
104,25,2,1,2,0,NaN,NaN,NaN,0,0
104,26,2,1,2,1,282,305,276,0,0
104,27,2,1,2,1,257,276,225,1,0
104,28,2,1,2,0,NaN,NaN,NaN,0,0
104,29,2,1,2,1,238,280,193,0,0
104,30,2,1,1,1,405,469,401,1,0
104,31,2,1,2,1,287,325,283,2,0
104,32,2,1,2,1,201,219,299,3,0
104,33,2,1,1,1,318,345,281,4,0
104,34,2,1,2,0,NaN,NaN,NaN,0,0
104,35,2,1,2,0,NaN,NaN,NaN,0,0
104,36,2,1,1,1,293,329,264,-1,0
104,37,2,1,1,1,415,427,371,1,0
104,38,2,1,2,1,246,292,234,2,0
104,39,2,1,1,1,218,221,211,3,0
104,40,2,1,2,1,308,312,256,4,0
104,41,2,1,1,1,311,347,263,5,0
104,42,2,1,2,0,NaN,NaN,NaN,0,0
104,43,2,1,2,1,254,256,221,0,0
104,44,2,1,2,1,216,226,179,1,0
104,45,2,1,1,1,385,404,333,2,0
104,46,2,1,2,1,294,298,277,3,0
104,47,2,1,1,1,346,369,315,4,0
104,48,2,1,2,1,317,420,294,5,0
104,49,2,1,2,1,215,225,149,6,0
104,50,2,1,2,1,331,344,303,7,0
104,51,2,1,2,1,343,366,338,8,0
104,52,2,1,2,1,320,331,295,9,0
104,53,2,1,1,1,320,323,298,10,0
104,54,2,1,2,1,199,283,230,11,0
104,55,2,1,1,1,325,344,305,12,0
104,56,2,1,2,1,207,236,181,13,0
104,57,2,1,2,1,233,253,170,14,0
104,58,2,1,1,0,NaN,NaN,NaN,0,0
104,59,2,1,2,1,311,332,305,0,0
104,60,2,1,2,0,NaN,NaN,NaN,0,0
104,61,2,1,1,1,366,409,429,0,0
104,62,2,1,2,1,241,246,207,1,0
104,63,2,1,1,1,233,256,236,2,0
104,64,2,1,2,1,291,294,264,3,0
104,65,2,1,1,1,254,262,218,4,0
104,66,2,1,1,0,NaN,NaN,NaN,0,0
104,67,2,1,1,1,267,291,250,0,0
104,68,2,1,1,0,NaN,NaN,NaN,0,0
104,69,2,1,1,0,NaN,NaN,NaN,0,0
104,70,2,1,1,1,246,312,369,-1,0
104,71,2,1,1,1,401,402,364,1,0
104,72,2,1,1,1,388,412,351,2,0
104,73,2,1,1,0,NaN,NaN,NaN,0,0
104,74,2,1,2,1,421,424,383,0,0
104,75,2,1,2,0,NaN,NaN,NaN,0,0
104,76,2,1,2,0,NaN,NaN,NaN,0,0
104,77,2,1,1,1,289,325,245,-1,0
104,78,2,1,1,1,255,320,231,1,0
104,79,2,1,1,1,352,381,298,2,0
104,80,2,1,2,0,NaN,NaN,NaN,0,0
104,81,2,2,1,1,367,388,314,0,0
104,82,2,2,1,0,NaN,NaN,NaN,0,0
104,83,2,2,1,1,167,255,214,0,0
104,84,2,2,1,0,NaN,NaN,NaN,0,0
104,85,2,2,1,0,NaN,NaN,NaN,0,0
104,86,2,2,1,1,283,298,191,-1,0
104,87,2,2,1,0,NaN,NaN,NaN,0,0
104,88,2,2,2,0,NaN,NaN,NaN,0,0
104,89,2,2,1,0,NaN,NaN,NaN,0,0
104,90,2,2,2,0,NaN,NaN,NaN,0,0
104,91,2,2,2,0,NaN,NaN,NaN,0,0
104,92,2,2,2,1,263,303,248,-4,0
104,93,2,2,1,0,NaN,NaN,NaN,0,0
104,94,2,2,2,0,NaN,NaN,NaN,0,0
104,95,2,2,2,0,NaN,NaN,NaN,0,0
104,96,2,2,2,0,NaN,NaN,NaN,0,0
104,97,2,2,2,0,NaN,NaN,NaN,0,0
104,98,2,2,2,0,NaN,NaN,NaN,0,0
104,99,2,2,2,1,341,354,305,-5,0
104,100,2,2,2,0,NaN,NaN,NaN,0,0
104,101,2,2,1,0,NaN,NaN,NaN,0,0
104,102,2,2,1,0,NaN,NaN,NaN,0,0
104,103,2,2,1,0,NaN,NaN,NaN,0,0
104,104,2,2,1,0,NaN,NaN,NaN,0,0
104,105,2,2,2,0,NaN,NaN,NaN,0,0
104,106,2,2,1,1,414,534,371,-5,0
104,107,2,2,2,1,369,371,382,1,0
104,108,2,2,2,0,NaN,NaN,NaN,0,0
104,109,2,2,1,0,NaN,NaN,NaN,0,0
104,110,2,2,2,1,268,271,229,-1,0
104,111,2,2,1,1,429,450,409,1,0
104,112,2,2,1,0,NaN,NaN,NaN,0,0
104,113,2,2,2,0,NaN,NaN,NaN,0,0
104,114,2,2,1,0,NaN,NaN,NaN,0,0
104,115,2,2,2,0,NaN,NaN,NaN,0,0
104,116,2,2,2,1,272,300,282,-3,0
104,117,2,2,2,0,NaN,NaN,NaN,0,0
104,118,2,2,2,0,NaN,NaN,NaN,0,0
104,119,2,2,1,0,NaN,NaN,NaN,0,0
104,120,2,2,1,0,NaN,NaN,NaN,0,0
104,121,2,2,2,0,NaN,NaN,NaN,0,0
104,122,2,2,2,0,NaN,NaN,NaN,0,0
104,123,2,2,2,1,372,404,323,-5,0
104,124,2,2,2,0,NaN,NaN,NaN,0,0
104,125,2,2,1,0,NaN,NaN,NaN,0,0
104,126,2,2,2,0,NaN,NaN,NaN,0,0
104,127,2,2,1,0,NaN,NaN,NaN,0,0
104,128,2,2,2,0,NaN,NaN,NaN,0,0
104,129,2,2,2,0,NaN,NaN,NaN,0,0
104,130,2,2,1,0,NaN,NaN,NaN,0,0
104,131,2,2,2,0,NaN,NaN,NaN,0,0
104,132,2,2,1,0,NaN,NaN,NaN,0,0
104,133,2,2,1,0,NaN,NaN,NaN,0,0
104,134,2,2,2,0,NaN,NaN,NaN,0,0
104,135,2,2,1,0,NaN,NaN,NaN,0,0
104,136,2,2,2,1,304,309,286,-11,0
104,137,2,2,1,1,348,362,301,1,0
104,138,2,2,1,0,NaN,NaN,NaN,0,0
104,139,2,2,2,0,NaN,NaN,NaN,0,0
104,140,2,2,2,0,NaN,NaN,NaN,0,0
104,141,2,2,1,0,NaN,NaN,NaN,0,0
104,142,2,2,1,1,318,319,314,-3,0
104,143,2,2,1,0,NaN,NaN,NaN,0,0
104,144,2,2,2,0,NaN,NaN,NaN,0,0
104,145,2,2,1,1,313,341,259,-1,0
104,146,2,2,2,0,NaN,NaN,NaN,0,0
104,147,2,2,1,0,NaN,NaN,NaN,0,0
104,148,2,2,1,0,NaN,NaN,NaN,0,0
104,149,2,2,2,1,258,279,252,-2,0
104,150,2,2,2,1,295,314,266,1,0
104,151,2,2,1,0,NaN,NaN,NaN,0,0
104,152,2,2,2,1,257,279,267,0,0
104,153,2,2,2,0,NaN,NaN,NaN,0,0
104,154,2,2,2,0,NaN,NaN,NaN,0,0
104,155,2,2,1,1,320,333,307,-1,0
104,156,2,2,1,0,NaN,NaN,NaN,0,0
104,157,2,2,2,0,NaN,NaN,NaN,0,0
104,158,2,2,1,1,289,322,269,-1,0
104,159,2,2,1,0,NaN,NaN,NaN,0,0
104,160,2,2,1,0,NaN,NaN,NaN,0,0
105,1,2,1,1,1,193,477,425,0,0
105,2,2,1,1,1,264,339,292,1,0
105,3,2,1,1,0,NaN,NaN,NaN,0,0
105,4,2,1,2,1,415,429,372,0,0
105,5,2,1,1,0,NaN,NaN,NaN,0,0
105,6,2,1,1,1,173,276,336,0,0
105,7,2,1,2,1,496,729,NaN,1,0
105,8,2,1,1,1,823,867,795,2,0
105,9,2,1,2,1,374,424,346,3,0
105,10,2,1,1,1,264,342,272,4,0
105,11,2,1,2,1,442,482,372,5,0
105,12,2,1,2,1,53,54,400,6,0
105,13,2,1,1,0,NaN,NaN,NaN,0,0
105,14,2,1,1,1,549,572,491,0,0
105,15,2,1,2,0,NaN,NaN,NaN,0,0
105,16,2,1,1,1,382,421,362,0,0
105,17,2,1,1,1,203,597,444,1,0
105,18,2,1,1,1,438,482,402,2,0
105,19,2,1,2,1,278,362,210,3,0
105,20,2,1,1,1,278,295,239,4,0
105,21,2,1,1,0,NaN,NaN,NaN,0,0
105,22,2,1,2,1,347,679,NaN,0,0
105,23,2,1,1,0,NaN,NaN,NaN,0,0
105,24,2,1,2,1,222,275,250,0,0
105,25,2,1,2,0,NaN,NaN,NaN,0,0
105,26,2,1,NaN,NaN,NaN,NaN,NaN,0,1
105,27,2,1,2,1,179,404,336,0,0
105,28,2,1,2,0,NaN,NaN,NaN,0,0
105,29,2,1,2,1,314,321,277,0,0
105,30,2,1,1,1,680,786,748,1,0
105,31,2,1,2,1,NaN,NaN,NaN,2,1
105,32,2,1,2,1,328,353,278,3,0
105,33,2,1,1,1,NaN,NaN,NaN,4,1
105,34,2,1,2,0,NaN,NaN,NaN,0,0
105,35,2,1,2,0,NaN,NaN,NaN,0,0
105,36,2,1,1,1,287,289,265,-1,0
105,37,2,1,1,1,326,364,309,1,0
105,38,2,1,2,1,300,936,575,2,0
105,39,2,1,1,1,331,361,343,3,0
105,40,2,1,2,1,NaN,NaN,NaN,4,1
105,41,2,1,1,1,1131,1550,1503,5,0
105,42,2,1,2,0,NaN,NaN,NaN,0,0
105,43,2,1,2,1,343,345,305,0,0
105,44,2,1,2,1,391,430,354,1,0
105,45,2,1,1,1,256,NaN,251,2,0
105,46,2,1,2,1,306,314,207,3,0
105,47,2,1,1,1,262,292,231,4,0
105,48,2,1,2,1,NaN,NaN,NaN,5,1
105,49,2,1,2,1,184,233,241,6,0
105,50,2,1,2,1,222,266,169,7,0
105,51,2,1,2,1,926,965,1111,8,0
105,52,2,1,2,1,430,NaN,NaN,9,1
105,53,2,1,1,1,NaN,NaN,NaN,10,1
105,54,2,1,2,1,184,227,164,11,0
105,55,2,1,1,1,NaN,NaN,NaN,12,1
105,56,2,1,2,1,96,238,176,13,0
105,57,2,1,2,1,155,209,151,14,0
105,58,2,1,1,0,NaN,NaN,NaN,0,0
105,59,2,1,2,1,171,NaN,166,0,0
105,60,2,1,2,0,NaN,NaN,NaN,0,0
105,61,2,1,1,1,65,427,278,0,0
105,62,2,1,2,1,NaN,NaN,NaN,1,1
105,63,2,1,1,1,319,335,277,2,0
105,64,2,1,2,1,244,335,251,3,0
105,65,2,1,1,1,302,342,254,4,0
105,66,2,1,1,0,NaN,NaN,NaN,0,0
105,67,2,1,1,1,420,436,392,0,0
105,68,2,1,1,0,NaN,NaN,NaN,0,0
105,69,2,1,1,0,NaN,NaN,NaN,0,0
105,70,2,1,NaN,NaN,NaN,NaN,NaN,-1,1
105,71,2,1,1,1,648,699,644,0,0
105,72,2,1,1,1,231,491,253,1,0
105,73,2,1,1,0,NaN,NaN,NaN,0,0
105,74,2,1,2,1,NaN,NaN,NaN,0,1
105,75,2,1,2,0,NaN,NaN,NaN,0,0
105,76,2,1,2,0,NaN,NaN,NaN,0,0
105,77,2,1,1,1,221,223,217,-1,0
105,78,2,1,1,1,108,331,246,1,0
105,79,2,1,1,1,NaN,NaN,NaN,2,1
105,80,2,1,2,0,NaN,NaN,NaN,0,0
105,81,2,2,1,1,NaN,NaN,NaN,0,1
105,82,2,2,1,0,NaN,NaN,NaN,0,0
105,83,2,2,1,1,375,387,349,0,0
105,84,2,2,1,0,NaN,NaN,NaN,0,0
105,85,2,2,1,0,NaN,NaN,NaN,0,0
105,86,2,2,1,1,NaN,NaN,NaN,-1,1
105,87,2,2,1,0,NaN,NaN,NaN,0,0
105,88,2,2,2,0,NaN,NaN,NaN,0,0
105,89,2,2,1,0,NaN,NaN,NaN,0,0
105,90,2,2,2,0,NaN,NaN,NaN,0,0
105,91,2,2,2,0,NaN,NaN,NaN,0,0
105,92,2,2,2,1,86,283,412,-4,0
105,93,2,2,1,0,NaN,NaN,NaN,0,0
105,94,2,2,2,0,NaN,NaN,NaN,0,0
105,95,2,2,2,0,NaN,NaN,NaN,0,0
105,96,2,2,2,0,NaN,NaN,NaN,0,0
105,97,2,2,2,0,NaN,NaN,NaN,0,0
105,98,2,2,2,0,NaN,NaN,NaN,0,0
105,99,2,2,2,1,NaN,NaN,NaN,-5,1
105,100,2,2,2,0,NaN,NaN,NaN,0,0
105,101,2,2,1,0,NaN,NaN,NaN,0,0
105,102,2,2,1,0,NaN,NaN,NaN,0,0
105,103,2,2,1,0,NaN,NaN,NaN,0,0
105,104,2,2,1,0,NaN,NaN,NaN,0,0
105,105,2,2,2,0,NaN,NaN,NaN,0,0
105,106,2,2,1,1,455,497,427,-5,0
105,107,2,2,2,1,NaN,NaN,NaN,1,1
105,108,2,2,2,0,NaN,NaN,NaN,0,0
105,109,2,2,1,0,NaN,NaN,NaN,0,0
105,110,2,2,2,1,40,233,224,-1,0
105,111,2,2,1,1,NaN,NaN,NaN,1,1
105,112,2,2,1,0,NaN,NaN,NaN,0,0
105,113,2,2,2,0,NaN,NaN,NaN,0,0
105,114,2,2,1,0,NaN,NaN,NaN,0,0
105,115,2,2,2,0,NaN,NaN,NaN,0,0
105,116,2,2,2,1,NaN,NaN,NaN,-3,1
105,117,2,2,2,0,NaN,NaN,NaN,0,0
105,118,2,2,2,0,NaN,NaN,NaN,0,0
105,119,2,2,1,0,NaN,NaN,NaN,0,0
105,120,2,2,1,0,NaN,NaN,NaN,0,0
105,121,2,2,2,0,NaN,NaN,NaN,0,0
105,122,2,2,2,0,NaN,NaN,NaN,0,0
105,123,2,2,2,1,394,396,405,-5,0
105,124,2,2,2,0,NaN,NaN,NaN,0,0
105,125,2,2,1,0,NaN,NaN,NaN,0,0
105,126,2,2,2,0,NaN,NaN,NaN,0,0
105,127,2,2,1,0,NaN,NaN,NaN,0,0
105,128,2,2,2,0,NaN,NaN,NaN,0,0
105,129,2,2,2,0,NaN,NaN,NaN,0,0
105,130,2,2,1,0,NaN,NaN,NaN,0,0
105,131,2,2,2,0,NaN,NaN,NaN,0,0
105,132,2,2,1,0,NaN,NaN,NaN,0,0
105,133,2,2,1,0,NaN,NaN,NaN,0,0
105,134,2,2,2,0,NaN,NaN,NaN,0,0
105,135,2,2,1,0,NaN,NaN,NaN,0,0
105,136,2,2,2,1,348,363,313,-11,0
105,137,2,2,1,1,231,381,332,1,0
105,138,2,2,1,0,NaN,NaN,NaN,0,0
105,139,2,2,2,0,NaN,NaN,NaN,0,0
105,140,2,2,2,0,NaN,NaN,NaN,0,0
105,141,2,2,1,0,NaN,NaN,NaN,0,0
105,142,2,2,1,1,327,363,321,-3,0
105,143,2,2,1,0,NaN,NaN,NaN,0,0
105,144,2,2,2,0,NaN,NaN,NaN,0,0
105,145,2,2,1,1,496,537,440,-1,0
105,146,2,2,2,0,NaN,NaN,NaN,0,0
105,147,2,2,1,0,NaN,NaN,NaN,0,0
105,148,2,2,1,0,NaN,NaN,NaN,0,0
105,149,2,2,2,1,465,466,475,-2,0
105,150,2,2,2,1,358,371,311,1,0
105,151,2,2,1,0,NaN,NaN,NaN,0,0
105,152,2,2,2,1,385,387,321,0,0
105,153,2,2,2,0,NaN,NaN,NaN,0,0
105,154,2,2,2,0,NaN,NaN,NaN,0,0
105,155,2,2,1,1,NaN,NaN,328,-1,0
105,156,2,2,1,0,NaN,NaN,NaN,0,0
105,157,2,2,2,0,NaN,NaN,NaN,0,0
105,158,2,2,1,1,405,406,415,-1,0
105,159,2,2,1,0,NaN,NaN,NaN,0,0
105,160,2,2,1,0,NaN,NaN,NaN,0,0
106,1,2,1,1,1,428,472,361,0,0
106,2,2,1,1,1,405,418,372,1,0
106,3,2,1,1,0,NaN,NaN,NaN,0,0
106,4,2,1,2,1,570,573,506,0,0
106,5,2,1,1,0,NaN,NaN,NaN,0,0
106,6,2,1,1,1,NaN,NaN,NaN,0,1
106,7,2,1,2,1,NaN,NaN,NaN,1,1
106,8,2,1,1,1,NaN,NaN,NaN,2,1
106,9,2,1,2,1,191,214,183,3,0
106,10,2,1,1,1,NaN,NaN,NaN,4,1
106,11,2,1,2,1,266,319,216,5,0
106,12,2,1,2,1,276,306,247,6,0
106,13,2,1,1,0,NaN,NaN,NaN,0,0
106,14,2,1,1,1,271,331,206,0,0
106,15,2,1,2,0,NaN,NaN,NaN,0,0
106,16,2,1,1,1,227,341,235,0,0
106,17,2,1,1,1,407,420,350,1,0
106,18,2,1,1,1,450,494,359,2,0
106,19,2,1,2,1,359,360,310,3,0
106,20,2,1,1,1,223,237,177,4,0
106,21,2,1,1,0,NaN,NaN,NaN,0,0
106,22,2,1,2,1,285,319,201,0,0
106,23,2,1,1,0,NaN,NaN,NaN,0,0
106,24,2,1,2,1,278,321,223,0,0
106,25,2,1,2,0,NaN,NaN,NaN,0,0
106,26,2,1,2,1,278,353,289,0,0
106,27,2,1,2,1,472,490,432,1,0
106,28,2,1,2,0,NaN,NaN,NaN,0,0
106,29,2,1,2,1,265,294,227,0,0
106,30,2,1,1,1,266,397,300,1,0
106,31,2,1,2,1,289,322,236,2,0
106,32,2,1,2,1,423,476,393,3,0
106,33,2,1,1,1,299,NaN,232,4,0
106,34,2,1,2,0,NaN,NaN,NaN,0,0
106,35,2,1,2,0,NaN,NaN,NaN,0,0
106,36,2,1,1,1,377,425,363,-1,0
106,37,2,1,1,1,547,585,521,1,0
106,38,2,1,2,1,249,270,216,2,0
106,39,2,1,1,1,293,388,302,3,0
106,40,2,1,2,1,390,414,234,4,0
106,41,2,1,1,1,365,416,316,5,0
106,42,2,1,2,0,NaN,NaN,NaN,0,0
106,43,2,1,2,1,290,307,274,0,0
106,44,2,1,2,1,459,474,430,1,0
106,45,2,1,1,1,224,259,109,2,0
106,46,2,1,2,1,292,308,218,3,0
106,47,2,1,1,1,298,310,206,4,0
106,48,2,1,2,1,NaN,NaN,NaN,5,1
106,49,2,1,2,1,131,306,356,6,0
106,50,2,1,2,1,218,241,165,7,0
106,51,2,1,2,1,263,287,232,8,0
106,52,2,1,2,1,266,NaN,233,9,0
106,53,2,1,1,1,239,242,172,10,0
106,54,2,1,2,1,270,292,212,11,0
106,55,2,1,1,1,253,287,247,12,0
106,56,2,1,2,1,253,269,183,13,0
106,57,2,1,2,1,NaN,NaN,NaN,14,1
106,58,2,1,1,0,NaN,NaN,NaN,0,0
106,59,2,1,2,1,NaN,NaN,NaN,0,1
106,60,2,1,2,0,NaN,NaN,NaN,0,0
106,61,2,1,1,1,346,NaN,340,0,0
106,62,2,1,2,1,334,344,269,1,0
106,63,2,1,1,1,258,406,228,2,0
106,64,2,1,2,1,260,272,208,3,0
106,65,2,1,1,1,303,348,256,4,0
106,66,2,1,1,0,NaN,NaN,NaN,0,0
106,67,2,1,1,1,343,441,337,0,0
106,68,2,1,1,0,NaN,NaN,NaN,0,0
106,69,2,1,1,0,NaN,NaN,NaN,0,0
106,70,2,1,1,1,67,369,288,-1,0
106,71,2,1,1,1,291,317,219,1,0
106,72,2,1,1,1,208,265,219,2,0
106,73,2,1,1,0,NaN,NaN,NaN,0,0
106,74,2,1,2,1,234,273,205,0,0
106,75,2,1,2,0,NaN,NaN,NaN,0,0
106,76,2,1,2,0,NaN,NaN,NaN,0,0
106,77,2,1,1,1,276,NaN,233,-1,0
106,78,2,1,1,1,279,313,236,1,0
106,79,2,1,1,1,368,NaN,361,2,0
106,80,2,1,2,0,NaN,NaN,NaN,0,0
106,81,2,2,1,1,409,427,361,0,0
106,82,2,2,1,0,NaN,NaN,NaN,0,0
106,83,2,2,1,1,295,NaN,215,0,0
106,84,2,2,1,0,NaN,NaN,NaN,0,0
106,85,2,2,1,0,NaN,NaN,NaN,0,0
106,86,2,2,1,1,287,305,249,-1,0
106,87,2,2,1,0,NaN,NaN,NaN,0,0
106,88,2,2,2,0,NaN,NaN,NaN,0,0
106,89,2,2,1,0,NaN,NaN,NaN,0,0
106,90,2,2,2,0,NaN,NaN,NaN,0,0
106,91,2,2,2,0,NaN,NaN,NaN,0,0
106,92,2,2,2,1,244,293,285,-4,0
106,93,2,2,1,0,NaN,NaN,NaN,0,0
106,94,2,2,2,0,NaN,NaN,NaN,0,0
106,95,2,2,2,0,NaN,NaN,NaN,0,0
106,96,2,2,2,0,NaN,NaN,NaN,0,0
106,97,2,2,2,0,NaN,NaN,NaN,0,0
106,98,2,2,2,0,NaN,NaN,NaN,0,0
106,99,2,2,2,1,414,469,361,-5,0
106,100,2,2,2,0,NaN,NaN,NaN,0,0
106,101,2,2,1,0,NaN,NaN,NaN,0,0
106,102,2,2,1,0,NaN,NaN,NaN,0,0
106,103,2,2,1,0,NaN,NaN,NaN,0,0
106,104,2,2,1,0,NaN,NaN,NaN,0,0
106,105,2,2,2,0,NaN,NaN,NaN,0,0
106,106,2,2,1,1,355,402,331,-5,0
106,107,2,2,2,1,309,329,257,1,0
106,108,2,2,2,0,NaN,NaN,NaN,0,0
106,109,2,2,1,0,NaN,NaN,NaN,0,0
106,110,2,2,2,1,273,306,268,-1,0
106,111,2,2,1,1,396,412,378,1,0
106,112,2,2,1,0,NaN,NaN,NaN,0,0
106,113,2,2,2,0,NaN,NaN,NaN,0,0
106,114,2,2,1,0,NaN,NaN,NaN,0,0
106,115,2,2,2,0,NaN,NaN,NaN,0,0
106,116,2,2,2,1,310,312,287,-3,0
106,117,2,2,2,0,NaN,NaN,NaN,0,0
106,118,2,2,2,0,NaN,NaN,NaN,0,0
106,119,2,2,1,0,NaN,NaN,NaN,0,0
106,120,2,2,1,0,NaN,NaN,NaN,0,0
106,121,2,2,2,0,NaN,NaN,NaN,0,0
106,122,2,2,2,0,NaN,NaN,NaN,0,0
106,123,2,2,2,1,318,321,291,-5,0
106,124,2,2,2,0,NaN,NaN,NaN,0,0
106,125,2,2,1,0,NaN,NaN,NaN,0,0
106,126,2,2,2,0,NaN,NaN,NaN,0,0
106,127,2,2,1,0,NaN,NaN,NaN,0,0
106,128,2,2,2,0,NaN,NaN,NaN,0,0
106,129,2,2,2,0,NaN,NaN,NaN,0,0
106,130,2,2,1,0,NaN,NaN,NaN,0,0
106,131,2,2,2,0,NaN,NaN,NaN,0,0
106,132,2,2,1,0,NaN,NaN,NaN,0,0
106,133,2,2,1,0,NaN,NaN,NaN,0,0
106,134,2,2,2,0,NaN,NaN,NaN,0,0
106,135,2,2,1,0,NaN,NaN,NaN,0,0
106,136,2,2,2,1,386,440,360,-11,0
106,137,2,2,1,1,272,354,282,1,0
106,138,2,2,1,0,NaN,NaN,NaN,0,0
106,139,2,2,2,0,NaN,NaN,NaN,0,0
106,140,2,2,2,0,NaN,NaN,NaN,0,0
106,141,2,2,1,0,NaN,NaN,NaN,0,0
106,142,2,2,1,1,51,345,353,-3,0
106,143,2,2,1,0,NaN,NaN,NaN,0,0
106,144,2,2,2,0,NaN,NaN,NaN,0,0
106,145,2,2,1,1,385,NaN,309,-1,0
106,146,2,2,2,0,NaN,NaN,NaN,0,0
106,147,2,2,1,0,NaN,NaN,NaN,0,0
106,148,2,2,1,0,NaN,NaN,NaN,0,0
106,149,2,2,2,1,272,323,282,-2,0
106,150,2,2,2,1,NaN,NaN,NaN,1,1
106,151,2,2,1,0,NaN,NaN,NaN,0,0
106,152,2,2,2,1,290,342,300,0,0
106,153,2,2,2,0,NaN,NaN,NaN,0,0
106,154,2,2,2,0,NaN,NaN,NaN,0,0
106,155,2,2,1,1,NaN,NaN,NaN,-1,1
106,156,2,2,1,0,NaN,NaN,NaN,0,0
106,157,2,2,2,0,NaN,NaN,NaN,0,0
106,158,2,2,1,1,389,437,398,-1,0
106,159,2,2,1,0,NaN,NaN,NaN,0,0
106,160,2,2,1,0,NaN,NaN,NaN,0,0
107,1,2,1,1,1,271,289,258,0,0
107,2,2,1,1,1,217,253,185,1,0
107,3,2,1,1,0,NaN,NaN,NaN,0,0
107,4,2,1,2,1,56,315,257,0,0
107,5,2,1,1,0,NaN,NaN,NaN,0,0
107,6,2,1,1,1,276,290,248,0,0
107,7,2,1,2,1,407,409,369,1,0
107,8,2,1,1,1,292,294,265,2,0
107,9,2,1,2,1,293,314,280,3,0
107,10,2,1,1,1,336,351,330,4,0
107,11,2,1,2,1,266,270,231,5,0
107,12,2,1,2,1,310,323,289,6,0
107,13,2,1,1,0,NaN,NaN,NaN,0,0
107,14,2,1,1,1,210,221,176,0,0
107,15,2,1,2,0,NaN,NaN,NaN,0,0
107,16,2,1,1,1,233,248,226,0,0
107,17,2,1,1,1,195,244,238,1,0
107,18,2,1,1,1,183,185,327,2,0
107,19,2,1,2,1,323,325,308,3,0
107,20,2,1,1,1,282,356,318,4,0
107,21,2,1,1,0,NaN,NaN,NaN,0,0
107,22,2,1,2,1,196,199,152,0,0
107,23,2,1,1,0,NaN,NaN,NaN,0,0
107,24,2,1,2,1,125,231,227,0,0
107,25,2,1,2,0,NaN,NaN,NaN,0,0
107,26,2,1,2,1,231,268,226,0,0
107,27,2,1,2,1,49,332,285,1,0
107,28,2,1,2,0,NaN,NaN,NaN,0,0
107,29,2,1,2,1,188,196,161,0,0
107,30,2,1,1,1,55,306,281,1,0
107,31,2,1,2,1,458,476,429,2,0
107,32,2,1,2,1,408,419,382,3,0
107,33,2,1,1,1,288,296,254,4,0
107,34,2,1,2,0,NaN,NaN,NaN,0,0
107,35,2,1,2,0,NaN,NaN,NaN,0,0
107,36,2,1,1,1,328,350,309,-1,0
107,37,2,1,1,1,338,341,303,1,0
107,38,2,1,2,1,272,275,248,2,0
107,39,2,1,1,1,299,313,271,3,0
107,40,2,1,2,1,267,280,253,4,0
107,41,2,1,1,1,230,232,199,5,0
107,42,2,1,2,0,NaN,NaN,NaN,0,0
107,43,2,1,2,1,429,441,424,0,0
107,44,2,1,2,1,328,331,314,1,0
107,45,2,1,1,1,439,441,420,2,0
107,46,2,1,2,1,330,347,299,3,0
107,47,2,1,1,1,324,328,306,4,0
107,48,2,1,2,1,105,326,292,5,0
107,49,2,1,2,1,288,315,251,6,0
107,50,2,1,2,1,220,222,188,7,0
107,51,2,1,2,1,25,486,440,8,0
107,52,2,1,2,1,317,334,290,9,0
107,53,2,1,1,1,284,287,255,10,0
107,54,2,1,2,1,288,289,260,11,0
107,55,2,1,1,1,239,241,222,12,0
107,56,2,1,2,1,273,277,246,13,0
107,57,2,1,2,1,267,287,261,14,0
107,58,2,1,1,0,NaN,NaN,NaN,0,0
107,59,2,1,2,1,232,259,228,0,0
107,60,2,1,2,0,NaN,NaN,NaN,0,0
107,61,2,1,1,1,388,392,367,0,0
107,62,2,1,2,1,267,283,245,1,0
107,63,2,1,1,1,298,301,267,2,0
107,64,2,1,2,1,215,216,181,3,0
107,65,2,1,1,1,317,319,282,4,0
107,66,2,1,1,0,NaN,NaN,NaN,0,0
107,67,2,1,1,1,534,539,511,0,0
107,68,2,1,1,0,NaN,NaN,NaN,0,0
107,69,2,1,1,0,NaN,NaN,NaN,0,0
107,70,2,1,1,1,459,464,441,-1,0
107,71,2,1,1,1,163,164,240,1,0
107,72,2,1,1,1,226,233,195,2,0
107,73,2,1,1,0,NaN,NaN,NaN,0,0
107,74,2,1,2,1,356,358,334,0,0
107,75,2,1,2,0,NaN,NaN,NaN,0,0
107,76,2,1,2,0,NaN,NaN,NaN,0,0
107,77,2,1,1,1,254,256,241,-1,0
107,78,2,1,1,1,267,270,250,1,0
107,79,2,1,1,1,252,273,232,2,0
107,80,2,1,2,0,NaN,NaN,NaN,0,0
107,81,2,2,1,1,313,326,306,0,0
107,82,2,2,1,0,NaN,NaN,NaN,0,0
107,83,2,2,1,1,NaN,NaN,NaN,0,1
107,84,2,2,1,0,NaN,NaN,NaN,0,0
107,85,2,2,1,0,NaN,NaN,NaN,0,0
107,86,2,2,1,1,241,256,209,-1,0
107,87,2,2,1,0,NaN,NaN,NaN,0,0
107,88,2,2,2,0,NaN,NaN,NaN,0,0
107,89,2,2,1,0,NaN,NaN,NaN,0,0
107,90,2,2,2,0,NaN,NaN,NaN,0,0
107,91,2,2,2,0,NaN,NaN,NaN,0,0
107,92,2,2,2,1,382,406,317,-4,0
107,93,2,2,1,0,NaN,NaN,NaN,0,0
107,94,2,2,2,0,NaN,NaN,NaN,0,0
107,95,2,2,2,0,NaN,NaN,NaN,0,0
107,96,2,2,2,0,NaN,NaN,NaN,0,0
107,97,2,2,2,0,NaN,NaN,NaN,0,0
107,98,2,2,2,0,NaN,NaN,NaN,0,0
107,99,2,2,2,1,364,388,359,-5,0
107,100,2,2,2,0,NaN,NaN,NaN,0,0
107,101,2,2,1,0,NaN,NaN,NaN,0,0
107,102,2,2,1,0,NaN,NaN,NaN,0,0
107,103,2,2,1,0,NaN,NaN,NaN,0,0
107,104,2,2,1,0,NaN,NaN,NaN,0,0
107,105,2,2,2,0,NaN,NaN,NaN,0,0
107,106,2,2,1,1,291,324,287,-5,0
107,107,2,2,2,1,489,492,469,1,0
107,108,2,2,2,0,NaN,NaN,NaN,0,0
107,109,2,2,1,0,NaN,NaN,NaN,0,0
107,110,2,2,2,1,59,624,579,-1,0
107,111,2,2,1,1,397,399,378,1,0
107,112,2,2,1,0,NaN,NaN,NaN,0,0
107,113,2,2,2,0,NaN,NaN,NaN,0,0
107,114,2,2,1,0,NaN,NaN,NaN,0,0
107,115,2,2,2,0,NaN,NaN,NaN,0,0
107,116,2,2,2,1,390,402,363,-3,0
107,117,2,2,2,0,NaN,NaN,NaN,0,0
107,118,2,2,2,0,NaN,NaN,NaN,0,0
107,119,2,2,1,0,NaN,NaN,NaN,0,0
107,120,2,2,1,0,NaN,NaN,NaN,0,0
107,121,2,2,2,0,NaN,NaN,NaN,0,0
107,122,2,2,2,0,NaN,NaN,NaN,0,0
107,123,2,2,2,1,446,450,413,-5,0
107,124,2,2,2,0,NaN,NaN,NaN,0,0
107,125,2,2,1,0,NaN,NaN,NaN,0,0
107,126,2,2,2,0,NaN,NaN,NaN,0,0
107,127,2,2,1,0,NaN,NaN,NaN,0,0
107,128,2,2,2,0,NaN,NaN,NaN,0,0
107,129,2,2,2,0,NaN,NaN,NaN,0,0
107,130,2,2,1,0,NaN,NaN,NaN,0,0
107,131,2,2,2,0,NaN,NaN,NaN,0,0
107,132,2,2,1,0,NaN,NaN,NaN,0,0
107,133,2,2,1,0,NaN,NaN,NaN,0,0
107,134,2,2,2,0,NaN,NaN,NaN,0,0
107,135,2,2,1,0,NaN,NaN,NaN,0,0
107,136,2,2,2,1,357,359,336,-11,0
107,137,2,2,1,1,358,373,353,1,0
107,138,2,2,1,0,NaN,NaN,NaN,0,0
107,139,2,2,2,0,NaN,NaN,NaN,0,0
107,140,2,2,2,0,NaN,NaN,NaN,0,0
107,141,2,2,1,0,NaN,NaN,NaN,0,0
107,142,2,2,1,1,491,495,473,-3,0
107,143,2,2,1,0,NaN,NaN,NaN,0,0
107,144,2,2,2,0,NaN,NaN,NaN,0,0
107,145,2,2,1,1,254,269,231,-1,0
107,146,2,2,2,0,NaN,NaN,NaN,0,0
107,147,2,2,1,0,NaN,NaN,NaN,0,0
107,148,2,2,1,0,NaN,NaN,NaN,0,0
107,149,2,2,2,1,277,308,242,-2,0
107,150,2,2,2,1,331,333,308,1,0
107,151,2,2,1,0,NaN,NaN,NaN,0,0
107,152,2,2,2,1,458,472,426,0,0
107,153,2,2,2,0,NaN,NaN,NaN,0,0
107,154,2,2,2,0,NaN,NaN,NaN,0,0
107,155,2,2,1,1,290,294,259,-1,0
107,156,2,2,1,0,NaN,NaN,NaN,0,0
107,157,2,2,2,0,NaN,NaN,NaN,0,0
107,158,2,2,1,1,498,511,483,-1,0
107,159,2,2,1,0,NaN,NaN,NaN,0,0
107,160,2,2,1,0,NaN,NaN,NaN,0,0
108,1,2,1,1,1,401,405,340,0,0
108,2,2,1,1,1,43,385,349,1,0
108,3,2,1,1,0,NaN,NaN,NaN,0,0
108,4,2,1,2,1,227,285,250,0,0
108,5,2,1,1,0,NaN,NaN,NaN,0,0
108,6,2,1,1,1,312,331,242,0,0
108,7,2,1,2,1,481,496,469,1,0
108,8,2,1,1,1,298,353,323,2,0
108,9,2,1,2,1,305,320,297,3,0
108,10,2,1,1,1,378,406,323,4,0
108,11,2,1,2,1,376,417,346,5,0
108,12,2,1,2,1,326,339,300,6,0
108,13,2,1,1,0,NaN,NaN,NaN,0,0
108,14,2,1,1,1,284,430,294,0,0
108,15,2,1,2,0,NaN,NaN,NaN,0,0
108,16,2,1,1,1,151,323,294,0,0
108,17,2,1,1,1,340,NaN,299,1,0
108,18,2,1,1,1,339,375,348,2,0
108,19,2,1,2,1,306,321,289,3,0
108,20,2,1,1,1,333,355,298,4,0
108,21,2,1,1,0,NaN,NaN,NaN,0,0
108,22,2,1,2,1,453,477,448,0,0
108,23,2,1,1,0,NaN,NaN,NaN,0,0
108,24,2,1,2,1,396,407,381,0,0
108,25,2,1,2,0,NaN,NaN,NaN,0,0
108,26,2,1,2,1,343,367,323,0,0
108,27,2,1,2,1,374,NaN,275,1,0
108,28,2,1,2,0,NaN,NaN,NaN,0,0
108,29,2,1,2,1,326,375,321,0,0
108,30,2,1,1,1,367,414,298,1,0
108,31,2,1,2,1,113,313,324,2,0
108,32,2,1,2,1,344,357,319,3,0
108,33,2,1,1,1,351,364,320,4,0
108,34,2,1,2,0,NaN,NaN,NaN,0,0
108,35,2,1,2,0,NaN,NaN,NaN,0,0
108,36,2,1,1,1,416,NaN,333,-1,0
108,37,2,1,1,1,299,324,284,1,0
108,38,2,1,2,1,149,486,474,2,0
108,39,2,1,1,1,27,396,361,3,0
108,40,2,1,2,1,97,560,509,4,0
108,41,2,1,1,1,391,393,356,5,0
108,42,2,1,2,0,NaN,NaN,NaN,0,0
108,43,2,1,2,1,213,254,209,0,0
108,44,2,1,2,1,335,356,313,1,0
108,45,2,1,1,1,400,422,380,2,0
108,46,2,1,2,1,384,399,366,3,0
108,47,2,1,1,1,363,381,340,4,0
108,48,2,1,2,1,359,NaN,243,5,0
108,49,2,1,2,1,392,394,368,6,0
108,50,2,1,2,1,274,306,267,7,0
108,51,2,1,2,1,406,408,357,8,0
108,52,2,1,2,1,NaN,NaN,NaN,9,1
108,53,2,1,1,1,377,378,358,10,0
108,54,2,1,2,1,330,359,253,11,0
108,55,2,1,1,1,303,326,241,12,0
108,56,2,1,2,1,367,380,319,13,0
108,57,2,1,2,1,485,491,477,14,0
108,58,2,1,1,0,NaN,NaN,NaN,0,0
108,59,2,1,2,1,328,379,322,0,0
108,60,2,1,2,0,NaN,NaN,NaN,0,0
108,61,2,1,1,1,363,453,412,0,0
108,62,2,1,2,1,349,351,301,1,0
108,63,2,1,1,1,408,524,308,2,0
108,64,2,1,2,1,368,381,353,3,0
108,65,2,1,1,1,386,406,381,4,0
108,66,2,1,1,0,NaN,NaN,NaN,0,0
108,67,2,1,1,1,369,402,329,0,0
108,68,2,1,1,0,NaN,NaN,NaN,0,0
108,69,2,1,1,0,NaN,NaN,NaN,0,0
108,70,2,1,1,1,296,331,269,-1,0
108,71,2,1,1,1,247,398,360,1,0
108,72,2,1,1,1,137,351,320,2,0
108,73,2,1,1,0,NaN,NaN,NaN,0,0
108,74,2,1,2,1,391,415,363,0,0
108,75,2,1,2,0,NaN,NaN,NaN,0,0
108,76,2,1,2,0,NaN,NaN,NaN,0,0
108,77,2,1,1,1,456,NaN,372,-1,0
108,78,2,1,1,1,394,444,361,1,0
108,79,2,1,1,1,338,400,289,2,0
108,80,2,1,2,0,NaN,NaN,NaN,0,0
108,81,2,2,1,1,433,493,390,0,0
108,82,2,2,1,0,NaN,NaN,NaN,0,0
108,83,2,2,1,1,437,439,416,0,0
108,84,2,2,1,0,NaN,NaN,NaN,0,0
108,85,2,2,1,0,NaN,NaN,NaN,0,0
108,86,2,2,1,1,408,NaN,362,-1,0
108,87,2,2,1,0,NaN,NaN,NaN,0,0
108,88,2,2,2,0,NaN,NaN,NaN,0,0
108,89,2,2,1,0,NaN,NaN,NaN,0,0
108,90,2,2,2,0,NaN,NaN,NaN,0,0
108,91,2,2,2,0,NaN,NaN,NaN,0,0
108,92,2,2,2,1,478,490,461,-4,0
108,93,2,2,1,0,NaN,NaN,NaN,0,0
108,94,2,2,2,0,NaN,NaN,NaN,0,0
108,95,2,2,2,0,NaN,NaN,NaN,0,0
108,96,2,2,2,0,NaN,NaN,NaN,0,0
108,97,2,2,2,0,NaN,NaN,NaN,0,0
108,98,2,2,2,0,NaN,NaN,NaN,0,0
108,99,2,2,2,1,566,592,540,-5,0
108,100,2,2,2,0,NaN,NaN,NaN,0,0
108,101,2,2,1,0,NaN,NaN,NaN,0,0
108,102,2,2,1,0,NaN,NaN,NaN,0,0
108,103,2,2,1,0,NaN,NaN,NaN,0,0
108,104,2,2,1,0,NaN,NaN,NaN,0,0
108,105,2,2,2,0,NaN,NaN,NaN,0,0
108,106,2,2,1,1,138,433,442,-5,0
108,107,2,2,2,1,236,387,361,1,0
108,108,2,2,2,0,NaN,NaN,NaN,0,0
108,109,2,2,1,0,NaN,NaN,NaN,0,0
108,110,2,2,2,1,427,447,358,-1,0
108,111,2,2,1,1,473,485,467,1,0
108,112,2,2,1,0,NaN,NaN,NaN,0,0
108,113,2,2,2,0,NaN,NaN,NaN,0,0
108,114,2,2,1,0,NaN,NaN,NaN,0,0
108,115,2,2,2,0,NaN,NaN,NaN,0,0
108,116,2,2,2,1,583,630,592,-3,0
108,117,2,2,2,0,NaN,NaN,NaN,0,0
108,118,2,2,2,0,NaN,NaN,NaN,0,0
108,119,2,2,1,0,NaN,NaN,NaN,0,0
108,120,2,2,1,0,NaN,NaN,NaN,0,0
108,121,2,2,2,0,NaN,NaN,NaN,0,0
108,122,2,2,2,0,NaN,NaN,NaN,0,0
108,123,2,2,2,1,468,555,514,-5,0
108,124,2,2,2,0,NaN,NaN,NaN,0,0
108,125,2,2,1,0,NaN,NaN,NaN,0,0
108,126,2,2,2,0,NaN,NaN,NaN,0,0
108,127,2,2,1,0,NaN,NaN,NaN,0,0
108,128,2,2,2,0,NaN,NaN,NaN,0,0
108,129,2,2,2,0,NaN,NaN,NaN,0,0
108,130,2,2,1,0,NaN,NaN,NaN,0,0
108,131,2,2,2,0,NaN,NaN,NaN,0,0
108,132,2,2,1,0,NaN,NaN,NaN,0,0
108,133,2,2,1,0,NaN,NaN,NaN,0,0
108,134,2,2,2,0,NaN,NaN,NaN,0,0
108,135,2,2,1,0,NaN,NaN,NaN,0,0
108,136,2,2,2,1,403,511,442,-11,0
108,137,2,2,1,1,516,NaN,480,1,0
108,138,2,2,1,0,NaN,NaN,NaN,0,0
108,139,2,2,2,0,NaN,NaN,NaN,0,0
108,140,2,2,2,0,NaN,NaN,NaN,0,0
108,141,2,2,1,0,NaN,NaN,NaN,0,0
108,142,2,2,1,1,685,707,670,-3,0
108,143,2,2,1,0,NaN,NaN,NaN,0,0
108,144,2,2,2,0,NaN,NaN,NaN,0,0
108,145,2,2,1,1,277,448,470,-1,0
108,146,2,2,2,0,NaN,NaN,NaN,0,0
108,147,2,2,1,0,NaN,NaN,NaN,0,0
108,148,2,2,1,0,NaN,NaN,NaN,0,0
108,149,2,2,2,1,309,439,327,-2,0
108,150,2,2,2,1,364,398,348,1,0
108,151,2,2,1,0,NaN,NaN,NaN,0,0
108,152,2,2,2,1,439,486,412,0,0
108,153,2,2,2,0,NaN,NaN,NaN,0,0
108,154,2,2,2,0,NaN,NaN,NaN,0,0
108,155,2,2,1,1,307,308,303,-1,0
108,156,2,2,1,0,NaN,NaN,NaN,0,0
108,157,2,2,2,0,NaN,NaN,NaN,0,0
108,158,2,2,1,1,433,487,387,-1,0
108,159,2,2,1,0,NaN,NaN,NaN,0,0
108,160,2,2,1,0,NaN,NaN,NaN,0,0
109,1,2,1,1,1,360,384,310,0,0
109,2,2,1,1,1,312,329,322,1,0
109,3,2,1,1,0,NaN,NaN,NaN,0,0
109,4,2,1,2,1,324,326,291,0,0
109,5,2,1,1,0,NaN,NaN,NaN,0,0
109,6,2,1,1,1,286,327,296,0,0
109,7,2,1,2,1,152,638,593,1,0
109,8,2,1,1,1,376,NaN,334,2,0
109,9,2,1,2,1,325,326,321,3,0
109,10,2,1,1,1,294,334,289,4,0
109,11,2,1,2,1,355,395,326,5,0
109,12,2,1,2,1,571,NaN,489,6,0
109,13,2,1,1,0,NaN,NaN,NaN,0,0
109,14,2,1,1,1,256,294,251,0,0
109,15,2,1,2,0,NaN,NaN,NaN,0,0
109,16,2,1,1,1,239,251,234,0,0
109,17,2,1,1,1,627,NaN,600,1,0
109,18,2,1,1,1,171,477,447,2,0
109,19,2,1,2,1,NaN,NaN,NaN,3,1
109,20,2,1,1,1,314,315,346,4,0
109,21,2,1,1,0,NaN,NaN,NaN,0,0
109,22,2,1,2,1,294,297,262,0,0
109,23,2,1,1,0,NaN,NaN,NaN,0,0
109,24,2,1,2,1,363,513,372,0,0
109,25,2,1,2,0,NaN,NaN,NaN,0,0
109,26,2,1,2,1,429,478,388,0,0
109,27,2,1,2,1,421,NaN,285,1,0
109,28,2,1,2,0,NaN,NaN,NaN,0,0
109,29,2,1,2,1,278,326,287,0,0
109,30,2,1,1,1,323,357,306,1,0
109,31,2,1,2,1,237,267,231,2,0
109,32,2,1,2,1,245,246,241,3,0
109,33,2,1,1,1,240,260,198,4,0
109,34,2,1,2,0,NaN,NaN,NaN,0,0
109,35,2,1,2,0,NaN,NaN,NaN,0,0
109,36,2,1,1,1,297,310,255,-1,0
109,37,2,1,1,1,353,368,334,1,0
109,38,2,1,2,1,377,399,356,2,0
109,39,2,1,1,1,NaN,NaN,233,3,0
109,40,2,1,2,1,NaN,NaN,NaN,4,1
109,41,2,1,1,1,NaN,NaN,NaN,5,1
109,42,2,1,2,0,NaN,NaN,NaN,0,0
109,43,2,1,2,1,406,409,340,0,0
109,44,2,1,2,1,629,654,533,1,0
109,45,2,1,1,1,309,340,247,2,0
109,46,2,1,2,1,349,361,336,3,0
109,47,2,1,1,1,336,374,318,4,0
109,48,2,1,2,1,673,755,681,5,0
109,49,2,1,2,1,42,96,160,6,0
109,50,2,1,2,1,271,293,261,7,0
109,51,2,1,2,1,26,134,NaN,8,1
109,52,2,1,2,1,31,107,412,9,0
109,53,2,1,1,1,247,250,203,10,0
109,54,2,1,2,1,318,319,314,11,0
109,55,2,1,1,1,397,NaN,316,12,0
109,56,2,1,2,1,311,323,306,13,0
109,57,2,1,2,1,333,352,453,14,0
109,58,2,1,1,0,NaN,NaN,NaN,0,0
109,59,2,1,2,1,329,352,272,0,0
109,60,2,1,2,0,NaN,NaN,NaN,0,0
109,61,2,1,1,1,204,206,173,0,0
109,62,2,1,2,1,318,319,407,1,0
109,63,2,1,1,1,302,305,237,2,0
109,64,2,1,2,1,394,410,355,3,0
109,65,2,1,1,1,411,448,391,4,0
109,66,2,1,1,0,NaN,NaN,NaN,0,0
109,67,2,1,1,1,162,449,403,0,0
109,68,2,1,1,0,NaN,NaN,NaN,0,0
109,69,2,1,1,0,NaN,NaN,NaN,0,0
109,70,2,1,1,1,330,357,352,-1,0
109,71,2,1,1,1,267,285,204,1,0
109,72,2,1,1,1,273,287,251,2,0
109,73,2,1,1,0,NaN,NaN,NaN,0,0
109,74,2,1,2,1,246,318,328,0,0
109,75,2,1,2,0,NaN,NaN,NaN,0,0
109,76,2,1,2,0,NaN,NaN,NaN,0,0
109,77,2,1,1,1,205,366,259,-1,0
109,78,2,1,1,1,232,250,194,1,0
109,79,2,1,1,1,264,297,252,2,0
109,80,2,1,2,0,NaN,NaN,NaN,0,0
109,81,2,2,1,1,236,238,187,0,0
109,82,2,2,1,0,NaN,NaN,NaN,0,0
109,83,2,2,1,1,305,306,301,0,0
109,84,2,2,1,0,NaN,NaN,NaN,0,0
109,85,2,2,1,0,NaN,NaN,NaN,0,0
109,86,2,2,1,1,242,NaN,216,-1,0
109,87,2,2,1,0,NaN,NaN,NaN,0,0
109,88,2,2,2,0,NaN,NaN,NaN,0,0
109,89,2,2,1,0,NaN,NaN,NaN,0,0
109,90,2,2,2,0,NaN,NaN,NaN,0,0
109,91,2,2,2,0,NaN,NaN,NaN,0,0
109,92,2,2,2,1,315,317,308,-4,0
109,93,2,2,1,0,NaN,NaN,NaN,0,0
109,94,2,2,2,0,NaN,NaN,NaN,0,0
109,95,2,2,2,0,NaN,NaN,NaN,0,0
109,96,2,2,2,0,NaN,NaN,NaN,0,0
109,97,2,2,2,0,NaN,NaN,NaN,0,0
109,98,2,2,2,0,NaN,NaN,NaN,0,0
109,99,2,2,2,1,270,283,254,-5,0
109,100,2,2,2,0,NaN,NaN,NaN,0,0
109,101,2,2,1,0,NaN,NaN,NaN,0,0
109,102,2,2,1,0,NaN,NaN,NaN,0,0
109,103,2,2,1,0,NaN,NaN,NaN,0,0
109,104,2,2,1,0,NaN,NaN,NaN,0,0
109,105,2,2,2,0,NaN,NaN,NaN,0,0
109,106,2,2,1,1,388,398,358,-5,0
109,107,2,2,2,1,140,202,218,1,0
109,108,2,2,2,0,NaN,NaN,NaN,0,0
109,109,2,2,1,0,NaN,NaN,NaN,0,0
109,110,2,2,2,1,397,430,364,-1,0
109,111,2,2,1,1,438,462,398,1,0
109,112,2,2,1,0,NaN,NaN,NaN,0,0
109,113,2,2,2,0,NaN,NaN,NaN,0,0
109,114,2,2,1,0,NaN,NaN,NaN,0,0
109,115,2,2,2,0,NaN,NaN,NaN,0,0
109,116,2,2,2,1,284,286,280,-3,0
109,117,2,2,2,0,NaN,NaN,NaN,0,0
109,118,2,2,2,0,NaN,NaN,NaN,0,0
109,119,2,2,1,0,NaN,NaN,NaN,0,0
109,120,2,2,1,0,NaN,NaN,NaN,0,0
109,121,2,2,2,0,NaN,NaN,NaN,0,0
109,122,2,2,2,0,NaN,NaN,NaN,0,0
109,123,2,2,2,1,231,307,241,-5,0
109,124,2,2,2,0,NaN,NaN,NaN,0,0
109,125,2,2,1,0,NaN,NaN,NaN,0,0
109,126,2,2,2,0,NaN,NaN,NaN,0,0
109,127,2,2,1,0,NaN,NaN,NaN,0,0
109,128,2,2,2,0,NaN,NaN,NaN,0,0
109,129,2,2,2,0,NaN,NaN,NaN,0,0
109,130,2,2,1,0,NaN,NaN,NaN,0,0
109,131,2,2,2,0,NaN,NaN,NaN,0,0
109,132,2,2,1,0,NaN,NaN,NaN,0,0
109,133,2,2,1,0,NaN,NaN,NaN,0,0
109,134,2,2,2,0,NaN,NaN,NaN,0,0
109,135,2,2,1,0,NaN,NaN,NaN,0,0
109,136,2,2,2,1,400,429,325,-11,0
109,137,2,2,1,1,230,293,226,1,0
109,138,2,2,1,0,NaN,NaN,NaN,0,0
109,139,2,2,2,0,NaN,NaN,NaN,0,0
109,140,2,2,2,0,NaN,NaN,NaN,0,0
109,141,2,2,1,0,NaN,NaN,NaN,0,0
109,142,2,2,1,1,269,292,261,-3,0
109,143,2,2,1,0,NaN,NaN,NaN,0,0
109,144,2,2,2,0,NaN,NaN,NaN,0,0
109,145,2,2,1,1,383,443,359,-1,0
109,146,2,2,2,0,NaN,NaN,NaN,0,0
109,147,2,2,1,0,NaN,NaN,NaN,0,0
109,148,2,2,1,0,NaN,NaN,NaN,0,0
109,149,2,2,2,1,228,231,192,-2,0
109,150,2,2,2,1,286,319,250,1,0
109,151,2,2,1,0,NaN,NaN,NaN,0,0
109,152,2,2,2,1,240,257,172,0,0
109,153,2,2,2,0,NaN,NaN,NaN,0,0
109,154,2,2,2,0,NaN,NaN,NaN,0,0
109,155,2,2,1,1,210,270,236,-1,0
109,156,2,2,1,0,NaN,NaN,NaN,0,0
109,157,2,2,2,0,NaN,NaN,NaN,0,0
109,158,2,2,1,1,316,413,295,-1,0
109,159,2,2,1,0,NaN,NaN,NaN,0,0
109,160,2,2,1,0,NaN,NaN,NaN,0,0
110,1,2,1,1,1,322,334,222,0,0
110,2,2,1,1,1,320,344,313,1,0
110,3,2,1,1,0,NaN,NaN,NaN,0,0
110,4,2,1,2,1,300,339,257,0,0
110,5,2,1,1,0,NaN,NaN,NaN,0,0
110,6,2,1,1,1,267,297,225,0,0
110,7,2,1,2,1,427,442,397,1,0
110,8,2,1,1,1,254,271,231,2,0
110,9,2,1,2,1,86,335,296,3,0
110,10,2,1,1,1,236,269,202,4,0
110,11,2,1,2,1,286,307,221,5,0
110,12,2,1,2,1,276,301,219,6,0
110,13,2,1,1,0,NaN,NaN,NaN,0,0
110,14,2,1,1,1,250,252,209,0,0
110,15,2,1,2,0,NaN,NaN,NaN,0,0
110,16,2,1,1,1,250,301,210,0,0
110,17,2,1,1,1,337,354,300,1,0
110,18,2,1,1,1,324,327,281,2,0
110,19,2,1,2,1,442,465,337,3,0
110,20,2,1,1,1,162,184,158,4,0
110,21,2,1,1,0,NaN,NaN,NaN,0,0
110,22,2,1,2,1,202,242,213,0,0
110,23,2,1,1,0,NaN,NaN,NaN,0,0
110,24,2,1,2,1,199,211,194,0,0
110,25,2,1,2,0,NaN,NaN,NaN,0,0
110,26,2,1,2,1,142,290,229,0,0
110,27,2,1,2,1,274,NaN,335,1,0
110,28,2,1,2,0,NaN,NaN,NaN,0,0
110,29,2,1,2,1,263,281,258,0,0
110,30,2,1,1,1,242,271,225,1,0
110,31,2,1,2,1,107,410,404,2,0
110,32,2,1,2,1,224,262,205,3,0
110,33,2,1,1,1,275,311,233,4,0
110,34,2,1,2,0,NaN,NaN,NaN,0,0
110,35,2,1,2,0,NaN,NaN,NaN,0,0
110,36,2,1,1,1,286,299,209,-1,0
110,37,2,1,1,1,237,305,259,1,0
110,38,2,1,2,1,255,286,200,2,0
110,39,2,1,1,1,213,236,197,3,0
110,40,2,1,2,1,237,262,168,4,0
110,41,2,1,1,1,178,192,153,5,0
110,42,2,1,2,0,NaN,NaN,NaN,0,0
110,43,2,1,2,1,333,335,304,0,0
110,44,2,1,2,1,399,470,372,1,0
110,45,2,1,1,1,297,346,233,2,0
110,46,2,1,2,1,281,339,183,3,0
110,47,2,1,1,1,302,330,195,4,0
110,48,2,1,2,1,251,252,262,5,0
110,49,2,1,2,1,222,260,218,6,0
110,50,2,1,2,1,175,221,148,7,0
110,51,2,1,2,1,417,508,411,8,0
110,52,2,1,2,1,273,292,199,9,0
110,53,2,1,1,1,194,211,189,10,0
110,54,2,1,2,1,57,196,174,11,0
110,55,2,1,1,1,294,314,270,12,0
110,56,2,1,2,1,308,344,257,13,0
110,57,2,1,2,1,228,314,235,14,0
110,58,2,1,1,0,NaN,NaN,NaN,0,0
110,59,2,1,2,1,215,244,179,0,0
110,60,2,1,2,0,NaN,NaN,NaN,0,0
110,61,2,1,1,1,296,319,218,0,0
110,62,2,1,2,1,205,232,173,1,0
110,63,2,1,1,1,213,243,165,2,0
110,64,2,1,2,1,178,179,189,3,0
110,65,2,1,1,1,296,328,279,4,0
110,66,2,1,1,0,NaN,NaN,NaN,0,0
110,67,2,1,1,1,282,306,219,0,0
110,68,2,1,1,0,NaN,NaN,NaN,0,0
110,69,2,1,1,0,NaN,NaN,NaN,0,0
110,70,2,1,1,1,334,371,329,-1,0
110,71,2,1,1,1,328,442,405,1,0
110,72,2,1,1,1,173,248,184,2,0
110,73,2,1,1,0,NaN,NaN,NaN,0,0
110,74,2,1,2,1,198,234,229,0,0
110,75,2,1,2,0,NaN,NaN,NaN,0,0
110,76,2,1,2,0,NaN,NaN,NaN,0,0
110,77,2,1,1,1,419,449,358,-1,0
110,78,2,1,1,1,410,434,375,1,0
110,79,2,1,1,1,279,433,385,2,0
110,80,2,1,2,0,NaN,NaN,NaN,0,0
110,81,2,2,1,1,80,244,196,0,0
110,82,2,2,1,0,NaN,NaN,NaN,0,0
110,83,2,2,1,1,268,312,221,0,0
110,84,2,2,1,0,NaN,NaN,NaN,0,0
110,85,2,2,1,0,NaN,NaN,NaN,0,0
110,86,2,2,1,1,516,580,473,-1,0
110,87,2,2,1,0,NaN,NaN,NaN,0,0
110,88,2,2,2,0,NaN,NaN,NaN,0,0
110,89,2,2,1,0,NaN,NaN,NaN,0,0
110,90,2,2,2,0,NaN,NaN,NaN,0,0
110,91,2,2,2,0,NaN,NaN,NaN,0,0
110,92,2,2,2,1,361,385,318,-4,0
110,93,2,2,1,0,NaN,NaN,NaN,0,0
110,94,2,2,2,0,NaN,NaN,NaN,0,0
110,95,2,2,2,0,NaN,NaN,NaN,0,0
110,96,2,2,2,0,NaN,NaN,NaN,0,0
110,97,2,2,2,0,NaN,NaN,NaN,0,0
110,98,2,2,2,0,NaN,NaN,NaN,0,0
110,99,2,2,2,1,515,517,429,-5,0
110,100,2,2,2,0,NaN,NaN,NaN,0,0
110,101,2,2,1,0,NaN,NaN,NaN,0,0
110,102,2,2,1,0,NaN,NaN,NaN,0,0
110,103,2,2,1,0,NaN,NaN,NaN,0,0
110,104,2,2,1,0,NaN,NaN,NaN,0,0
110,105,2,2,2,0,NaN,NaN,NaN,0,0
110,106,2,2,1,1,425,427,421,-5,0
110,107,2,2,2,1,299,479,385,1,0
110,108,2,2,2,0,NaN,NaN,NaN,0,0
110,109,2,2,1,0,NaN,NaN,NaN,0,0
110,110,2,2,2,1,464,485,427,-1,0
110,111,2,2,1,1,265,285,212,1,0
110,112,2,2,1,0,NaN,NaN,NaN,0,0
110,113,2,2,2,0,NaN,NaN,NaN,0,0
110,114,2,2,1,0,NaN,NaN,NaN,0,0
110,115,2,2,2,0,NaN,NaN,NaN,0,0
110,116,2,2,2,1,245,509,484,-3,0
110,117,2,2,2,0,NaN,NaN,NaN,0,0
110,118,2,2,2,0,NaN,NaN,NaN,0,0
110,119,2,2,1,0,NaN,NaN,NaN,0,0
110,120,2,2,1,0,NaN,NaN,NaN,0,0
110,121,2,2,2,0,NaN,NaN,NaN,0,0
110,122,2,2,2,0,NaN,NaN,NaN,0,0
110,123,2,2,2,1,273,303,218,-5,0
110,124,2,2,2,0,NaN,NaN,NaN,0,0
110,125,2,2,1,0,NaN,NaN,NaN,0,0
110,126,2,2,2,0,NaN,NaN,NaN,0,0
110,127,2,2,1,0,NaN,NaN,NaN,0,0
110,128,2,2,2,0,NaN,NaN,NaN,0,0
110,129,2,2,2,0,NaN,NaN,NaN,0,0
110,130,2,2,1,0,NaN,NaN,NaN,0,0
110,131,2,2,2,0,NaN,NaN,NaN,0,0
110,132,2,2,1,0,NaN,NaN,NaN,0,0
110,133,2,2,1,0,NaN,NaN,NaN,0,0
110,134,2,2,2,0,NaN,NaN,NaN,0,0
110,135,2,2,1,0,NaN,NaN,NaN,0,0
110,136,2,2,2,1,301,325,296,-11,0
110,137,2,2,1,1,294,315,248,1,0
110,138,2,2,1,0,NaN,NaN,NaN,0,0
110,139,2,2,2,0,NaN,NaN,NaN,0,0
110,140,2,2,2,0,NaN,NaN,NaN,0,0
110,141,2,2,1,0,NaN,NaN,NaN,0,0
110,142,2,2,1,1,316,317,276,-3,0
110,143,2,2,1,0,NaN,NaN,NaN,0,0
110,144,2,2,2,0,NaN,NaN,NaN,0,0
110,145,2,2,1,1,336,381,303,-1,0
110,146,2,2,2,0,NaN,NaN,NaN,0,0
110,147,2,2,1,0,NaN,NaN,NaN,0,0
110,148,2,2,1,0,NaN,NaN,NaN,0,0
110,149,2,2,2,1,419,433,373,-2,0
110,150,2,2,2,1,348,366,331,1,0
110,151,2,2,1,0,NaN,NaN,NaN,0,0
110,152,2,2,2,1,303,328,258,0,0
110,153,2,2,2,0,NaN,NaN,NaN,0,0
110,154,2,2,2,0,NaN,NaN,NaN,0,0
110,155,2,2,1,1,348,365,292,-1,0
110,156,2,2,1,0,NaN,NaN,NaN,0,0
110,157,2,2,2,0,NaN,NaN,NaN,0,0
110,158,2,2,1,1,359,405,292,-1,0
110,159,2,2,1,0,NaN,NaN,NaN,0,0
110,160,2,2,1,0,NaN,NaN,NaN,0,0
111,1,2,1,1,1,355,358,298,0,0
111,2,2,1,1,1,345,356,288,1,0
111,3,2,1,1,0,NaN,NaN,NaN,0,0
111,4,2,1,2,1,304,309,235,0,0
111,5,2,1,1,0,NaN,NaN,NaN,0,0
111,6,2,1,1,1,177,206,201,0,0
111,7,2,1,2,1,416,430,374,1,0
111,8,2,1,1,1,385,417,395,2,0
111,9,2,1,2,1,191,296,275,3,0
111,10,2,1,1,1,304,334,259,4,0
111,11,2,1,2,1,278,297,234,5,0
111,12,2,1,2,1,298,310,242,6,0
111,13,2,1,1,0,NaN,NaN,NaN,0,0
111,14,2,1,1,1,159,269,208,0,0
111,15,2,1,2,0,NaN,NaN,NaN,0,0
111,16,2,1,1,1,206,242,175,0,0
111,17,2,1,1,1,247,249,189,1,0
111,18,2,1,1,1,287,305,241,2,0
111,19,2,1,2,1,165,236,185,3,0
111,20,2,1,1,1,326,349,280,4,0
111,21,2,1,1,0,NaN,NaN,NaN,0,0
111,22,2,1,2,1,363,378,345,0,0
111,23,2,1,1,0,NaN,NaN,NaN,0,0
111,24,2,1,2,1,332,345,307,0,0
111,25,2,1,2,0,NaN,NaN,NaN,0,0
111,26,2,1,2,1,370,383,342,0,0
111,27,2,1,2,1,181,394,346,1,0
111,28,2,1,2,0,NaN,NaN,NaN,0,0
111,29,2,1,2,1,285,306,242,0,0
111,30,2,1,1,1,424,482,432,1,0
111,31,2,1,2,1,83,208,158,2,0
111,32,2,1,2,1,210,211,207,3,0
111,33,2,1,1,1,34,355,349,4,0
111,34,2,1,2,0,NaN,NaN,NaN,0,0
111,35,2,1,2,0,NaN,NaN,NaN,0,0
111,36,2,1,1,1,233,249,163,-1,0
111,37,2,1,1,1,394,418,352,1,0
111,38,2,1,2,1,194,229,175,2,0
111,39,2,1,1,1,230,241,186,3,0
111,40,2,1,2,1,193,251,217,4,0
111,41,2,1,1,1,230,254,173,5,0
111,42,2,1,2,0,NaN,NaN,NaN,0,0
111,43,2,1,2,1,218,219,215,0,0
111,44,2,1,2,1,426,451,421,1,0
111,45,2,1,1,1,NaN,NaN,NaN,2,1
111,46,2,1,2,1,222,281,276,3,0
111,47,2,1,1,1,372,376,327,4,0
111,48,2,1,2,1,241,267,187,5,0
111,49,2,1,2,1,262,264,178,6,0
111,50,2,1,2,1,475,484,470,7,0
111,51,2,1,2,1,236,249,172,8,0
111,52,2,1,2,1,235,294,230,9,0
111,53,2,1,1,1,214,358,281,10,0
111,54,2,1,2,1,222,241,165,11,0
111,55,2,1,1,1,247,269,206,12,0
111,56,2,1,2,1,200,222,179,13,0
111,57,2,1,2,1,136,189,132,14,0
111,58,2,1,1,0,NaN,NaN,NaN,0,0
111,59,2,1,2,1,204,219,176,0,0
111,60,2,1,2,0,NaN,NaN,NaN,0,0
111,61,2,1,1,1,213,216,150,0,0
111,62,2,1,2,1,205,221,162,1,0
111,63,2,1,1,1,267,NaN,210,2,0
111,64,2,1,2,1,259,266,228,3,0
111,65,2,1,1,1,204,238,212,4,0
111,66,2,1,1,0,NaN,NaN,NaN,0,0
111,67,2,1,1,1,403,415,363,0,0
111,68,2,1,1,0,NaN,NaN,NaN,0,0
111,69,2,1,1,0,NaN,NaN,NaN,0,0
111,70,2,1,1,1,209,233,170,-1,0
111,71,2,1,1,1,187,284,181,1,0
111,72,2,1,1,1,410,426,330,2,0
111,73,2,1,1,0,NaN,NaN,NaN,0,0
111,74,2,1,2,1,61,369,363,0,0
111,75,2,1,2,0,NaN,NaN,NaN,0,0
111,76,2,1,2,0,NaN,NaN,NaN,0,0
111,77,2,1,1,1,325,331,267,-1,0
111,78,2,1,1,1,167,198,328,1,0
111,79,2,1,1,1,357,387,323,2,0
111,80,2,1,2,0,NaN,NaN,NaN,0,0
111,81,2,2,1,1,241,287,252,0,0
111,82,2,2,1,0,NaN,NaN,NaN,0,0
111,83,2,2,1,1,284,396,248,0,0
111,84,2,2,1,0,NaN,NaN,NaN,0,0
111,85,2,2,1,0,NaN,NaN,NaN,0,0
111,86,2,2,1,1,49,309,266,-1,0
111,87,2,2,1,0,NaN,NaN,NaN,0,0
111,88,2,2,2,0,NaN,NaN,NaN,0,0
111,89,2,2,1,0,NaN,NaN,NaN,0,0
111,90,2,2,2,0,NaN,NaN,NaN,0,0
111,91,2,2,2,0,NaN,NaN,NaN,0,0
111,92,2,2,2,1,371,396,341,-4,0
111,93,2,2,1,0,NaN,NaN,NaN,0,0
111,94,2,2,2,0,NaN,NaN,NaN,0,0
111,95,2,2,2,0,NaN,NaN,NaN,0,0
111,96,2,2,2,0,NaN,NaN,NaN,0,0
111,97,2,2,2,0,NaN,NaN,NaN,0,0
111,98,2,2,2,0,NaN,NaN,NaN,0,0
111,99,2,2,2,1,388,390,351,-5,0
111,100,2,2,2,0,NaN,NaN,NaN,0,0
111,101,2,2,1,0,NaN,NaN,NaN,0,0
111,102,2,2,1,0,NaN,NaN,NaN,0,0
111,103,2,2,1,0,NaN,NaN,NaN,0,0
111,104,2,2,1,0,NaN,NaN,NaN,0,0
111,105,2,2,2,0,NaN,NaN,NaN,0,0
111,106,2,2,1,1,351,370,285,-5,0
111,107,2,2,2,1,127,283,191,1,0
111,108,2,2,2,0,NaN,NaN,NaN,0,0
111,109,2,2,1,0,NaN,NaN,NaN,0,0
111,110,2,2,2,1,355,387,339,-1,0
111,111,2,2,1,1,195,197,191,1,0
111,112,2,2,1,0,NaN,NaN,NaN,0,0
111,113,2,2,2,0,NaN,NaN,NaN,0,0
111,114,2,2,1,0,NaN,NaN,NaN,0,0
111,115,2,2,2,0,NaN,NaN,NaN,0,0
111,116,2,2,2,1,439,453,383,-3,0
111,117,2,2,2,0,NaN,NaN,NaN,0,0
111,118,2,2,2,0,NaN,NaN,NaN,0,0
111,119,2,2,1,0,NaN,NaN,NaN,0,0
111,120,2,2,1,0,NaN,NaN,NaN,0,0
111,121,2,2,2,0,NaN,NaN,NaN,0,0
111,122,2,2,2,0,NaN,NaN,NaN,0,0
111,123,2,2,2,1,264,286,202,-5,0
111,124,2,2,2,0,NaN,NaN,NaN,0,0
111,125,2,2,1,0,NaN,NaN,NaN,0,0
111,126,2,2,2,0,NaN,NaN,NaN,0,0
111,127,2,2,1,0,NaN,NaN,NaN,0,0
111,128,2,2,2,0,NaN,NaN,NaN,0,0
111,129,2,2,2,0,NaN,NaN,NaN,0,0
111,130,2,2,1,0,NaN,NaN,NaN,0,0
111,131,2,2,2,0,NaN,NaN,NaN,0,0
111,132,2,2,1,0,NaN,NaN,NaN,0,0
111,133,2,2,1,0,NaN,NaN,NaN,0,0
111,134,2,2,2,0,NaN,NaN,NaN,0,0
111,135,2,2,1,0,NaN,NaN,NaN,0,0
111,136,2,2,2,1,NaN,NaN,NaN,-11,1
111,137,2,2,1,1,NaN,NaN,NaN,1,1
111,138,2,2,1,0,NaN,NaN,NaN,0,0
111,139,2,2,2,0,NaN,NaN,NaN,0,0
111,140,2,2,2,0,NaN,NaN,NaN,0,0
111,141,2,2,1,0,NaN,NaN,NaN,0,0
111,142,2,2,1,1,439,465,412,-3,0
111,143,2,2,1,0,NaN,NaN,NaN,0,0
111,144,2,2,2,0,NaN,NaN,NaN,0,0
111,145,2,2,1,1,NaN,NaN,NaN,-1,1
111,146,2,2,2,0,NaN,NaN,NaN,0,0
111,147,2,2,1,0,NaN,NaN,NaN,0,0
111,148,2,2,1,0,NaN,NaN,NaN,0,0
111,149,2,2,2,1,346,365,319,-2,0
111,150,2,2,2,1,525,535,512,1,0
111,151,2,2,1,0,NaN,NaN,NaN,0,0
111,152,2,2,2,1,340,358,318,0,0
111,153,2,2,2,0,NaN,NaN,NaN,0,0
111,154,2,2,2,0,NaN,NaN,NaN,0,0
111,155,2,2,1,1,305,367,315,-1,0
111,156,2,2,1,0,NaN,NaN,NaN,0,0
111,157,2,2,2,0,NaN,NaN,NaN,0,0
111,158,2,2,1,1,292,330,284,-1,0
111,159,2,2,1,0,NaN,NaN,NaN,0,0
111,160,2,2,1,0,NaN,NaN,NaN,0,0
112,1,2,1,1,1,NaN,NaN,366,0,0
112,2,2,1,1,1,NaN,NaN,NaN,1,1
112,3,2,1,1,0,NaN,NaN,NaN,0,0
112,4,2,1,2,1,299,355,294,0,0
112,5,2,1,1,0,NaN,NaN,NaN,0,0
112,6,2,1,1,1,162,480,474,0,0
112,7,2,1,2,1,416,466,426,1,0
112,8,2,1,1,1,484,548,399,2,0
112,9,2,1,2,1,491,529,448,3,0
112,10,2,1,1,1,386,NaN,381,4,0
112,11,2,1,2,1,294,396,315,5,0
112,12,2,1,2,1,29,377,325,6,0
112,13,2,1,1,0,NaN,NaN,NaN,0,0
112,14,2,1,1,1,505,528,454,0,0
112,15,2,1,2,0,NaN,NaN,NaN,0,0
112,16,2,1,1,1,46,446,492,0,0
112,17,2,1,1,1,244,264,215,1,0
112,18,2,1,1,1,306,355,226,2,0
112,19,2,1,2,1,237,297,265,3,0
112,20,2,1,1,1,NaN,NaN,NaN,4,1
112,21,2,1,1,0,NaN,NaN,NaN,0,0
112,22,2,1,2,1,283,326,229,0,0
112,23,2,1,1,0,NaN,NaN,NaN,0,0
112,24,2,1,2,1,245,263,210,0,0
112,25,2,1,2,0,NaN,NaN,NaN,0,0
112,26,2,1,2,1,258,272,223,0,0
112,27,2,1,2,1,368,371,326,1,0
112,28,2,1,2,0,NaN,NaN,NaN,0,0
112,29,2,1,2,1,655,NaN,617,0,0
112,30,2,1,1,1,384,427,342,1,0
112,31,2,1,2,1,219,353,278,2,0
112,32,2,1,2,1,68,NaN,285,3,0
112,33,2,1,1,1,84,452,428,4,0
112,34,2,1,2,0,NaN,NaN,NaN,0,0
112,35,2,1,2,0,NaN,NaN,NaN,0,0
112,36,2,1,1,1,348,539,490,-1,0
112,37,2,1,1,1,232,254,192,1,0
112,38,2,1,2,1,458,480,379,2,0
112,39,2,1,1,1,56,591,542,3,0
112,40,2,1,2,1,244,246,496,4,0
112,41,2,1,1,1,306,307,377,5,0
112,42,2,1,2,0,NaN,NaN,NaN,0,0
112,43,2,1,2,1,297,332,251,0,0
112,44,2,1,2,1,412,428,357,1,0
112,45,2,1,1,1,301,352,208,2,0
112,46,2,1,2,1,541,544,511,3,0
112,47,2,1,1,1,252,624,595,4,0
112,48,2,1,2,1,448,470,402,5,0
112,49,2,1,2,1,362,384,309,6,0
112,50,2,1,2,1,286,308,236,7,0
112,51,2,1,2,1,299,350,307,8,0
112,52,2,1,2,1,598,612,619,9,0
112,53,2,1,1,1,NaN,NaN,412,10,0
112,54,2,1,2,1,91,429,387,11,0
112,55,2,1,1,1,119,220,511,12,0
112,56,2,1,2,1,443,470,379,13,0
112,57,2,1,2,1,203,256,167,14,0
112,58,2,1,1,0,NaN,NaN,NaN,0,0
112,59,2,1,2,1,287,330,282,0,0
112,60,2,1,2,0,NaN,NaN,NaN,0,0
112,61,2,1,1,1,378,393,387,0,0
112,62,2,1,2,1,504,544,498,1,0
112,63,2,1,1,1,567,594,524,2,0
112,64,2,1,2,1,358,539,502,3,0
112,65,2,1,1,1,272,NaN,220,4,0
112,66,2,1,1,0,NaN,NaN,NaN,0,0
112,67,2,1,1,1,312,330,279,0,0
112,68,2,1,1,0,NaN,NaN,NaN,0,0
112,69,2,1,1,0,NaN,NaN,NaN,0,0
112,70,2,1,1,1,539,573,551,-1,0
112,71,2,1,1,1,NaN,NaN,NaN,1,1
112,72,2,1,1,1,NaN,NaN,NaN,2,1
112,73,2,1,1,0,NaN,NaN,NaN,0,0
112,74,2,1,2,1,209,251,245,0,0
112,75,2,1,2,0,NaN,NaN,NaN,0,0
112,76,2,1,2,0,NaN,NaN,NaN,0,0
112,77,2,1,1,1,381,427,351,-1,0
112,78,2,1,1,1,275,310,256,1,0
112,79,2,1,1,1,414,417,407,2,0
112,80,2,1,2,0,NaN,NaN,NaN,0,0
112,81,2,2,1,1,335,441,347,0,0
112,82,2,2,1,0,NaN,NaN,NaN,0,0
112,83,2,2,1,1,354,NaN,286,0,0
112,84,2,2,1,0,NaN,NaN,NaN,0,0
112,85,2,2,1,0,NaN,NaN,NaN,0,0
112,86,2,2,1,1,183,377,320,-1,0
112,87,2,2,1,0,NaN,NaN,NaN,0,0
112,88,2,2,2,0,NaN,NaN,NaN,0,0
112,89,2,2,1,0,NaN,NaN,NaN,0,0
112,90,2,2,2,0,NaN,NaN,NaN,0,0
112,91,2,2,2,0,NaN,NaN,NaN,0,0
112,92,2,2,2,1,548,562,468,-4,0
112,93,2,2,1,0,NaN,NaN,NaN,0,0
112,94,2,2,2,0,NaN,NaN,NaN,0,0
112,95,2,2,2,0,NaN,NaN,NaN,0,0
112,96,2,2,2,0,NaN,NaN,NaN,0,0
112,97,2,2,2,0,NaN,NaN,NaN,0,0
112,98,2,2,2,0,NaN,NaN,NaN,0,0
112,99,2,2,2,1,333,334,329,-5,0
112,100,2,2,2,0,NaN,NaN,NaN,0,0
112,101,2,2,1,0,NaN,NaN,NaN,0,0
112,102,2,2,1,0,NaN,NaN,NaN,0,0
112,103,2,2,1,0,NaN,NaN,NaN,0,0
112,104,2,2,1,0,NaN,NaN,NaN,0,0
112,105,2,2,2,0,NaN,NaN,NaN,0,0
112,106,2,2,1,1,466,491,438,-5,0
112,107,2,2,2,1,342,357,298,1,0
112,108,2,2,2,0,NaN,NaN,NaN,0,0
112,109,2,2,1,0,NaN,NaN,NaN,0,0
112,110,2,2,2,1,445,461,406,-1,0
112,111,2,2,1,1,241,344,295,1,0
112,112,2,2,1,0,NaN,NaN,NaN,0,0
112,113,2,2,2,0,NaN,NaN,NaN,0,0
112,114,2,2,1,0,NaN,NaN,NaN,0,0
112,115,2,2,2,0,NaN,NaN,NaN,0,0
112,116,2,2,2,1,142,348,318,-3,0
112,117,2,2,2,0,NaN,NaN,NaN,0,0
112,118,2,2,2,0,NaN,NaN,NaN,0,0
112,119,2,2,1,0,NaN,NaN,NaN,0,0
112,120,2,2,1,0,NaN,NaN,NaN,0,0
112,121,2,2,2,0,NaN,NaN,NaN,0,0
112,122,2,2,2,0,NaN,NaN,NaN,0,0
112,123,2,2,2,1,567,581,538,-5,0
112,124,2,2,2,0,NaN,NaN,NaN,0,0
112,125,2,2,1,0,NaN,NaN,NaN,0,0
112,126,2,2,2,0,NaN,NaN,NaN,0,0
112,127,2,2,1,0,NaN,NaN,NaN,0,0
112,128,2,2,2,0,NaN,NaN,NaN,0,0
112,129,2,2,2,0,NaN,NaN,NaN,0,0
112,130,2,2,1,0,NaN,NaN,NaN,0,0
112,131,2,2,2,0,NaN,NaN,NaN,0,0
112,132,2,2,1,0,NaN,NaN,NaN,0,0
112,133,2,2,1,0,NaN,NaN,NaN,0,0
112,134,2,2,2,0,NaN,NaN,NaN,0,0
112,135,2,2,1,0,NaN,NaN,NaN,0,0
112,136,2,2,2,1,458,514,407,-11,0
112,137,2,2,1,1,474,490,452,1,0
112,138,2,2,1,0,NaN,NaN,NaN,0,0
112,139,2,2,2,0,NaN,NaN,NaN,0,0
112,140,2,2,2,0,NaN,NaN,NaN,0,0
112,141,2,2,1,0,NaN,NaN,NaN,0,0
112,142,2,2,1,1,333,345,303,-3,0
112,143,2,2,1,0,NaN,NaN,NaN,0,0
112,144,2,2,2,0,NaN,NaN,NaN,0,0
112,145,2,2,1,1,118,314,286,-1,0
112,146,2,2,2,0,NaN,NaN,NaN,0,0
112,147,2,2,1,0,NaN,NaN,NaN,0,0
112,148,2,2,1,0,NaN,NaN,NaN,0,0
112,149,2,2,2,1,NaN,NaN,NaN,-2,1
112,150,2,2,2,1,431,475,390,1,0
112,151,2,2,1,0,NaN,NaN,NaN,0,0
112,152,2,2,2,1,253,312,262,0,0
112,153,2,2,2,0,NaN,NaN,NaN,0,0
112,154,2,2,2,0,NaN,NaN,NaN,0,0
112,155,2,2,1,1,67,321,285,-1,0
112,156,2,2,1,0,NaN,NaN,NaN,0,0
112,157,2,2,2,0,NaN,NaN,NaN,0,0
112,158,2,2,1,1,264,311,271,-1,0
112,159,2,2,1,0,NaN,NaN,NaN,0,0
112,160,2,2,1,0,NaN,NaN,NaN,0,0
113,1,2,1,1,1,268,NaN,189,0,0
113,2,2,1,1,1,354,NaN,349,1,0
113,3,2,1,1,0,NaN,NaN,NaN,0,0
113,4,2,1,2,1,245,278,211,0,0
113,5,2,1,1,0,NaN,NaN,NaN,0,0
113,6,2,1,1,1,NaN,NaN,327,0,0
113,7,2,1,2,1,312,315,271,1,0
113,8,2,1,1,1,380,NaN,307,2,0
113,9,2,1,2,1,275,288,248,3,0
113,10,2,1,1,1,95,247,195,4,0
113,11,2,1,2,1,303,315,251,5,0
113,12,2,1,2,1,385,386,358,6,0
113,13,2,1,1,0,NaN,NaN,NaN,0,0
113,14,2,1,1,1,200,234,196,0,0
113,15,2,1,2,0,NaN,NaN,NaN,0,0
113,16,2,1,1,1,238,NaN,273,0,0
113,17,2,1,1,1,332,NaN,264,1,0
113,18,2,1,1,1,349,NaN,285,2,0
113,19,2,1,2,1,253,267,229,3,0
113,20,2,1,1,1,364,391,360,4,0
113,21,2,1,1,0,NaN,NaN,NaN,0,0
113,22,2,1,2,1,349,393,311,0,0
113,23,2,1,1,0,NaN,NaN,NaN,0,0
113,24,2,1,2,1,268,270,238,0,0
113,25,2,1,2,0,NaN,NaN,NaN,0,0
113,26,2,1,2,1,241,263,195,0,0
113,27,2,1,2,1,310,357,350,1,0
113,28,2,1,2,0,NaN,NaN,NaN,0,0
113,29,2,1,2,1,270,271,235,0,0
113,30,2,1,1,1,337,380,333,1,0
113,31,2,1,2,1,239,276,233,2,0
113,32,2,1,2,1,183,234,194,3,0
113,33,2,1,1,1,227,229,191,4,0
113,34,2,1,2,0,NaN,NaN,NaN,0,0
113,35,2,1,2,0,NaN,NaN,NaN,0,0
113,36,2,1,1,1,276,NaN,209,-1,0
113,37,2,1,1,1,254,NaN,199,1,0
113,38,2,1,2,1,272,275,206,2,0
113,39,2,1,1,1,295,344,289,3,0
113,40,2,1,2,1,250,251,204,4,0
113,41,2,1,1,1,224,265,192,5,0
113,42,2,1,2,0,NaN,NaN,NaN,0,0
113,43,2,1,2,1,244,326,282,0,0
113,44,2,1,2,1,228,256,201,1,0
113,45,2,1,1,1,187,214,207,2,0
113,46,2,1,2,1,333,343,268,3,0
113,47,2,1,1,1,250,263,191,4,0
113,48,2,1,2,1,217,284,299,5,0
113,49,2,1,2,1,37,384,352,6,0
113,50,2,1,2,1,351,382,346,7,0
113,51,2,1,2,1,NaN,NaN,NaN,8,1
113,52,2,1,2,1,198,201,163,9,0
113,53,2,1,1,1,251,265,210,10,0
113,54,2,1,2,1,189,204,199,11,0
113,55,2,1,1,1,209,253,202,12,0
113,56,2,1,2,1,332,NaN,205,13,0
113,57,2,1,2,1,132,200,145,14,0
113,58,2,1,1,0,NaN,NaN,NaN,0,0
113,59,2,1,2,1,222,234,218,0,0
113,60,2,1,2,0,NaN,NaN,NaN,0,0
113,61,2,1,1,1,299,NaN,206,0,0
113,62,2,1,2,1,246,287,281,1,0
113,63,2,1,1,1,359,378,307,2,0
113,64,2,1,2,1,343,421,289,3,0
113,65,2,1,1,1,219,264,195,4,0
113,66,2,1,1,0,NaN,NaN,NaN,0,0
113,67,2,1,1,1,188,318,221,0,0
113,68,2,1,1,0,NaN,NaN,NaN,0,0
113,69,2,1,1,0,NaN,NaN,NaN,0,0
113,70,2,1,1,1,284,312,278,-1,0
113,71,2,1,1,1,213,231,226,1,0
113,72,2,1,1,1,496,508,464,2,0
113,73,2,1,1,0,NaN,NaN,NaN,0,0
113,74,2,1,2,1,263,269,204,0,0
113,75,2,1,2,0,NaN,NaN,NaN,0,0
113,76,2,1,2,0,NaN,NaN,NaN,0,0
113,77,2,1,1,1,418,440,365,-1,0
113,78,2,1,1,1,370,402,316,1,0
113,79,2,1,1,1,211,466,208,2,0
113,80,2,1,2,0,NaN,NaN,NaN,0,0
113,81,2,2,1,1,381,426,390,0,0
113,82,2,2,1,0,NaN,NaN,NaN,0,0
113,83,2,2,1,1,425,428,386,0,0
113,84,2,2,1,0,NaN,NaN,NaN,0,0
113,85,2,2,1,0,NaN,NaN,NaN,0,0
113,86,2,2,1,1,349,384,321,-1,0
113,87,2,2,1,0,NaN,NaN,NaN,0,0
113,88,2,2,2,0,NaN,NaN,NaN,0,0
113,89,2,2,1,0,NaN,NaN,NaN,0,0
113,90,2,2,2,0,NaN,NaN,NaN,0,0
113,91,2,2,2,0,NaN,NaN,NaN,0,0
113,92,2,2,2,1,301,325,263,-4,0
113,93,2,2,1,0,NaN,NaN,NaN,0,0
113,94,2,2,2,0,NaN,NaN,NaN,0,0
113,95,2,2,2,0,NaN,NaN,NaN,0,0
113,96,2,2,2,0,NaN,NaN,NaN,0,0
113,97,2,2,2,0,NaN,NaN,NaN,0,0
113,98,2,2,2,0,NaN,NaN,NaN,0,0
113,99,2,2,2,1,246,282,243,-5,0
113,100,2,2,2,0,NaN,NaN,NaN,0,0
113,101,2,2,1,0,NaN,NaN,NaN,0,0
113,102,2,2,1,0,NaN,NaN,NaN,0,0
113,103,2,2,1,0,NaN,NaN,NaN,0,0
113,104,2,2,1,0,NaN,NaN,NaN,0,0
113,105,2,2,2,0,NaN,NaN,NaN,0,0
113,106,2,2,1,1,327,329,273,-5,0
113,107,2,2,2,1,238,287,212,1,0
113,108,2,2,2,0,NaN,NaN,NaN,0,0
113,109,2,2,1,0,NaN,NaN,NaN,0,0
113,110,2,2,2,1,316,NaN,251,-1,0
113,111,2,2,1,1,357,NaN,280,1,0
113,112,2,2,1,0,NaN,NaN,NaN,0,0
113,113,2,2,2,0,NaN,NaN,NaN,0,0
113,114,2,2,1,0,NaN,NaN,NaN,0,0
113,115,2,2,2,0,NaN,NaN,NaN,0,0
113,116,2,2,2,1,308,364,317,-3,0
113,117,2,2,2,0,NaN,NaN,NaN,0,0
113,118,2,2,2,0,NaN,NaN,NaN,0,0
113,119,2,2,1,0,NaN,NaN,NaN,0,0
113,120,2,2,1,0,NaN,NaN,NaN,0,0
113,121,2,2,2,0,NaN,NaN,NaN,0,0
113,122,2,2,2,0,NaN,NaN,NaN,0,0
113,123,2,2,2,1,352,389,328,-5,0
113,124,2,2,2,0,NaN,NaN,NaN,0,0
113,125,2,2,1,0,NaN,NaN,NaN,0,0
113,126,2,2,2,0,NaN,NaN,NaN,0,0
113,127,2,2,1,0,NaN,NaN,NaN,0,0
113,128,2,2,2,0,NaN,NaN,NaN,0,0
113,129,2,2,2,0,NaN,NaN,NaN,0,0
113,130,2,2,1,0,NaN,NaN,NaN,0,0
113,131,2,2,2,0,NaN,NaN,NaN,0,0
113,132,2,2,1,0,NaN,NaN,NaN,0,0
113,133,2,2,1,0,NaN,NaN,NaN,0,0
113,134,2,2,2,0,NaN,NaN,NaN,0,0
113,135,2,2,1,0,NaN,NaN,NaN,0,0
113,136,2,2,2,1,249,309,245,-11,0
113,137,2,2,1,1,312,315,268,1,0
113,138,2,2,1,0,NaN,NaN,NaN,0,0
113,139,2,2,2,0,NaN,NaN,NaN,0,0
113,140,2,2,2,0,NaN,NaN,NaN,0,0
113,141,2,2,1,0,NaN,NaN,NaN,0,0
113,142,2,2,1,1,259,275,226,-3,0
113,143,2,2,1,0,NaN,NaN,NaN,0,0
113,144,2,2,2,0,NaN,NaN,NaN,0,0
113,145,2,2,1,1,306,318,235,-1,0
113,146,2,2,2,0,NaN,NaN,NaN,0,0
113,147,2,2,1,0,NaN,NaN,NaN,0,0
113,148,2,2,1,0,NaN,NaN,NaN,0,0
113,149,2,2,2,1,241,261,182,-2,0
113,150,2,2,2,1,241,275,193,1,0
113,151,2,2,1,0,NaN,NaN,NaN,0,0
113,152,2,2,2,1,240,262,205,0,0
113,153,2,2,2,0,NaN,NaN,NaN,0,0
113,154,2,2,2,0,NaN,NaN,NaN,0,0
113,155,2,2,1,1,264,293,250,-1,0
113,156,2,2,1,0,NaN,NaN,NaN,0,0
113,157,2,2,2,0,NaN,NaN,NaN,0,0
113,158,2,2,1,1,129,301,259,-1,0
113,159,2,2,1,0,NaN,NaN,NaN,0,0
113,160,2,2,1,0,NaN,NaN,NaN,0,0
114,1,2,1,1,1,403,433,385,0,0
114,2,2,1,1,1,343,344,340,1,0
114,3,2,1,1,0,NaN,NaN,NaN,0,0
114,4,2,1,2,1,NaN,NaN,NaN,0,1
114,5,2,1,1,0,NaN,NaN,NaN,0,0
114,6,2,1,1,1,241,251,224,0,0
114,7,2,1,2,1,NaN,NaN,NaN,1,1
114,8,2,1,1,1,377,408,340,2,0
114,9,2,1,2,1,NaN,NaN,NaN,3,1
114,10,2,1,1,1,202,229,190,4,0
114,11,2,1,2,1,359,360,346,5,0
114,12,2,1,2,1,167,226,296,6,0
114,13,2,1,1,0,NaN,NaN,NaN,0,0
114,14,2,1,1,1,309,335,272,0,0
114,15,2,1,2,0,NaN,NaN,NaN,0,0
114,16,2,1,1,1,209,211,204,0,0
114,17,2,1,1,1,346,357,336,1,0
114,18,2,1,1,1,348,351,311,2,0
114,19,2,1,2,1,250,253,237,3,0
114,20,2,1,1,1,203,205,199,4,0
114,21,2,1,1,0,NaN,NaN,NaN,0,0
114,22,2,1,2,1,306,320,283,0,0
114,23,2,1,1,0,NaN,NaN,NaN,0,0
114,24,2,1,2,1,308,333,284,0,0
114,25,2,1,2,0,NaN,NaN,NaN,0,0
114,26,2,1,2,1,383,384,378,0,0
114,27,2,1,2,1,351,395,313,1,0
114,28,2,1,2,0,NaN,NaN,NaN,0,0
114,29,2,1,2,1,315,356,282,0,0
114,30,2,1,1,1,230,461,428,1,0
114,31,2,1,2,1,387,NaN,301,2,0
114,32,2,1,2,1,324,333,288,3,0
114,33,2,1,1,1,425,438,416,4,0
114,34,2,1,2,0,NaN,NaN,NaN,0,0
114,35,2,1,2,0,NaN,NaN,NaN,0,0
114,36,2,1,1,1,292,338,253,-1,0
114,37,2,1,1,1,313,327,322,1,0
114,38,2,1,2,1,251,271,236,2,0
114,39,2,1,1,1,239,253,220,3,0
114,40,2,1,2,1,266,281,221,4,0
114,41,2,1,1,1,178,354,336,5,0
114,42,2,1,2,0,NaN,NaN,NaN,0,0
114,43,2,1,2,1,249,259,223,0,0
114,44,2,1,2,1,301,304,283,1,0
114,45,2,1,1,1,354,366,338,2,0
114,46,2,1,2,1,282,330,278,3,0
114,47,2,1,1,1,252,277,201,4,0
114,48,2,1,2,1,203,231,212,5,0
114,49,2,1,2,1,319,330,301,6,0
114,50,2,1,2,1,288,346,301,7,0
114,51,2,1,2,1,315,331,282,8,0
114,52,2,1,2,1,232,258,185,9,0
114,53,2,1,1,1,233,251,203,10,0
114,54,2,1,2,1,191,253,215,11,0
114,55,2,1,1,1,187,199,146,12,0
114,56,2,1,2,1,189,238,185,13,0
114,57,2,1,2,1,378,379,363,14,0
114,58,2,1,1,0,NaN,NaN,NaN,0,0
114,59,2,1,2,1,233,313,216,0,0
114,60,2,1,2,0,NaN,NaN,NaN,0,0
114,61,2,1,1,1,233,243,178,0,0
114,62,2,1,2,1,179,197,175,1,0
114,63,2,1,1,1,246,305,238,2,0
114,64,2,1,2,1,69,203,199,3,0
114,65,2,1,1,1,200,216,180,4,0
114,66,2,1,1,0,NaN,NaN,NaN,0,0
114,67,2,1,1,1,358,360,350,0,0
114,68,2,1,1,0,NaN,NaN,NaN,0,0
114,69,2,1,1,0,NaN,NaN,NaN,0,0
114,70,2,1,1,1,187,275,242,-1,0
114,71,2,1,1,1,273,295,253,1,0
114,72,2,1,1,1,284,297,262,2,0
114,73,2,1,1,0,NaN,NaN,NaN,0,0
114,74,2,1,2,1,189,247,183,0,0
114,75,2,1,2,0,NaN,NaN,NaN,0,0
114,76,2,1,2,0,NaN,NaN,NaN,0,0
114,77,2,1,1,1,111,250,135,-1,0
114,78,2,1,1,1,360,373,340,1,0
114,79,2,1,1,1,234,255,243,2,0
114,80,2,1,2,0,NaN,NaN,NaN,0,0
114,81,2,2,1,1,337,339,319,0,0
114,82,2,2,1,0,NaN,NaN,NaN,0,0
114,83,2,2,1,1,309,311,284,0,0
114,84,2,2,1,0,NaN,NaN,NaN,0,0
114,85,2,2,1,0,NaN,NaN,NaN,0,0
114,86,2,2,1,1,264,289,241,-1,0
114,87,2,2,1,0,NaN,NaN,NaN,0,0
114,88,2,2,2,0,NaN,NaN,NaN,0,0
114,89,2,2,1,0,NaN,NaN,NaN,0,0
114,90,2,2,2,0,NaN,NaN,NaN,0,0
114,91,2,2,2,0,NaN,NaN,NaN,0,0
114,92,2,2,2,1,341,355,352,-4,0
114,93,2,2,1,0,NaN,NaN,NaN,0,0
114,94,2,2,2,0,NaN,NaN,NaN,0,0
114,95,2,2,2,0,NaN,NaN,NaN,0,0
114,96,2,2,2,0,NaN,NaN,NaN,0,0
114,97,2,2,2,0,NaN,NaN,NaN,0,0
114,98,2,2,2,0,NaN,NaN,NaN,0,0
114,99,2,2,2,1,349,380,326,-5,0
114,100,2,2,2,0,NaN,NaN,NaN,0,0
114,101,2,2,1,0,NaN,NaN,NaN,0,0
114,102,2,2,1,0,NaN,NaN,NaN,0,0
114,103,2,2,1,0,NaN,NaN,NaN,0,0
114,104,2,2,1,0,NaN,NaN,NaN,0,0
114,105,2,2,2,0,NaN,NaN,NaN,0,0
114,106,2,2,1,1,148,525,499,-5,0
114,107,2,2,2,1,299,302,275,1,0
114,108,2,2,2,0,NaN,NaN,NaN,0,0
114,109,2,2,1,0,NaN,NaN,NaN,0,0
114,110,2,2,2,1,310,312,293,-1,0
114,111,2,2,1,1,240,241,224,1,0
114,112,2,2,1,0,NaN,NaN,NaN,0,0
114,113,2,2,2,0,NaN,NaN,NaN,0,0
114,114,2,2,1,0,NaN,NaN,NaN,0,0
114,115,2,2,2,0,NaN,NaN,NaN,0,0
114,116,2,2,2,1,300,302,274,-3,0
114,117,2,2,2,0,NaN,NaN,NaN,0,0
114,118,2,2,2,0,NaN,NaN,NaN,0,0
114,119,2,2,1,0,NaN,NaN,NaN,0,0
114,120,2,2,1,0,NaN,NaN,NaN,0,0
114,121,2,2,2,0,NaN,NaN,NaN,0,0
114,122,2,2,2,0,NaN,NaN,NaN,0,0
114,123,2,2,2,1,379,426,339,-5,0
114,124,2,2,2,0,NaN,NaN,NaN,0,0
114,125,2,2,1,0,NaN,NaN,NaN,0,0
114,126,2,2,2,0,NaN,NaN,NaN,0,0
114,127,2,2,1,0,NaN,NaN,NaN,0,0
114,128,2,2,2,0,NaN,NaN,NaN,0,0
114,129,2,2,2,0,NaN,NaN,NaN,0,0
114,130,2,2,1,0,NaN,NaN,NaN,0,0
114,131,2,2,2,0,NaN,NaN,NaN,0,0
114,132,2,2,1,0,NaN,NaN,NaN,0,0
114,133,2,2,1,0,NaN,NaN,NaN,0,0
114,134,2,2,2,0,NaN,NaN,NaN,0,0
114,135,2,2,1,0,NaN,NaN,NaN,0,0
114,136,2,2,2,1,163,382,378,-11,0
114,137,2,2,1,1,315,323,298,1,0
114,138,2,2,1,0,NaN,NaN,NaN,0,0
114,139,2,2,2,0,NaN,NaN,NaN,0,0
114,140,2,2,2,0,NaN,NaN,NaN,0,0
114,141,2,2,1,0,NaN,NaN,NaN,0,0
114,142,2,2,1,1,45,276,249,-3,0
114,143,2,2,1,0,NaN,NaN,NaN,0,0
114,144,2,2,2,0,NaN,NaN,NaN,0,0
114,145,2,2,1,1,293,306,258,-1,0
114,146,2,2,2,0,NaN,NaN,NaN,0,0
114,147,2,2,1,0,NaN,NaN,NaN,0,0
114,148,2,2,1,0,NaN,NaN,NaN,0,0
114,149,2,2,2,1,370,372,343,-2,0
114,150,2,2,2,1,300,301,265,1,0
114,151,2,2,1,0,NaN,NaN,NaN,0,0
114,152,2,2,2,1,296,308,261,0,0
114,153,2,2,2,0,NaN,NaN,NaN,0,0
114,154,2,2,2,0,NaN,NaN,NaN,0,0
114,155,2,2,1,1,214,241,125,-1,0
114,156,2,2,1,0,NaN,NaN,NaN,0,0
114,157,2,2,2,0,NaN,NaN,NaN,0,0
114,158,2,2,1,1,297,317,292,-1,0
114,159,2,2,1,0,NaN,NaN,NaN,0,0
114,160,2,2,1,0,NaN,NaN,NaN,0,0
115,1,2,1,1,1,369,371,353,0,0
115,2,2,1,1,1,392,406,375,1,0
115,3,2,1,1,0,NaN,NaN,NaN,0,0
115,4,2,1,2,1,316,379,285,0,0
115,5,2,1,1,0,NaN,NaN,NaN,0,0
115,6,2,1,1,1,396,442,352,0,0
115,7,2,1,2,1,300,326,213,1,0
115,8,2,1,1,1,211,227,204,2,0
115,9,2,1,2,1,258,377,305,3,0
115,10,2,1,1,1,362,387,309,4,0
115,11,2,1,2,1,60,325,304,5,0
115,12,2,1,2,1,398,NaN,275,6,0
115,13,2,1,1,0,NaN,NaN,NaN,0,0
115,14,2,1,1,1,343,413,292,0,0
115,15,2,1,2,0,NaN,NaN,NaN,0,0
115,16,2,1,1,1,337,351,304,0,0
115,17,2,1,1,1,580,593,541,1,0
115,18,2,1,1,1,421,436,393,2,0
115,19,2,1,2,1,59,270,196,3,0
115,20,2,1,1,1,279,359,308,4,0
115,21,2,1,1,0,NaN,NaN,NaN,0,0
115,22,2,1,2,1,369,412,265,0,0
115,23,2,1,1,0,NaN,NaN,NaN,0,0
115,24,2,1,2,1,311,375,255,0,0
115,25,2,1,2,0,NaN,NaN,NaN,0,0
115,26,2,1,2,1,344,371,258,0,0
115,27,2,1,2,1,331,454,375,1,0
115,28,2,1,2,0,NaN,NaN,NaN,0,0
115,29,2,1,2,1,322,364,271,0,0
115,30,2,1,1,1,313,375,351,1,0
115,31,2,1,2,1,424,465,390,2,0
115,32,2,1,2,1,179,195,149,3,0
115,33,2,1,1,1,190,234,187,4,0
115,34,2,1,2,0,NaN,NaN,NaN,0,0
115,35,2,1,2,0,NaN,NaN,NaN,0,0
115,36,2,1,1,1,257,261,211,-1,0
115,37,2,1,1,1,250,325,220,1,0
115,38,2,1,2,1,225,306,184,2,0
115,39,2,1,1,1,195,263,295,3,0
115,40,2,1,2,1,290,326,271,4,0
115,41,2,1,1,1,238,262,208,5,0
115,42,2,1,2,0,NaN,NaN,NaN,0,0
115,43,2,1,2,1,359,361,307,0,0
115,44,2,1,2,1,292,294,304,1,0
115,45,2,1,1,1,293,316,248,2,0
115,46,2,1,2,1,379,381,321,3,0
115,47,2,1,1,1,299,325,262,4,0
115,48,2,1,2,1,270,NaN,217,5,0
115,49,2,1,2,1,346,426,355,6,0
115,50,2,1,2,1,310,394,343,7,0
115,51,2,1,2,1,228,282,240,8,0
115,52,2,1,2,1,307,465,303,9,0
115,53,2,1,1,1,241,285,184,10,0
115,54,2,1,2,1,448,482,392,11,0
115,55,2,1,1,1,272,287,182,12,0
115,56,2,1,2,1,334,338,290,13,0
115,57,2,1,2,1,363,386,358,14,0
115,58,2,1,1,0,NaN,NaN,NaN,0,0
115,59,2,1,2,1,320,322,250,0,0
115,60,2,1,2,0,NaN,NaN,NaN,0,0
115,61,2,1,1,1,296,331,258,0,0
115,62,2,1,2,1,90,553,503,1,0
115,63,2,1,1,1,318,322,281,2,0
115,64,2,1,2,1,264,322,237,3,0
115,65,2,1,1,1,293,358,237,4,0
115,66,2,1,1,0,NaN,NaN,NaN,0,0
115,67,2,1,1,1,316,329,324,0,0
115,68,2,1,1,0,NaN,NaN,NaN,0,0
115,69,2,1,1,0,NaN,NaN,NaN,0,0
115,70,2,1,1,1,405,426,364,-1,0
115,71,2,1,1,1,236,267,211,1,0
115,72,2,1,1,1,277,328,257,2,0
115,73,2,1,1,0,NaN,NaN,NaN,0,0
115,74,2,1,2,1,316,357,267,0,0
115,75,2,1,2,0,NaN,NaN,NaN,0,0
115,76,2,1,2,0,NaN,NaN,NaN,0,0
115,77,2,1,1,1,362,364,357,-1,0
115,78,2,1,1,1,372,452,287,1,0
115,79,2,1,1,1,337,NaN,294,2,0
115,80,2,1,2,0,NaN,NaN,NaN,0,0
115,81,2,2,1,1,398,430,371,0,0
115,82,2,2,1,0,NaN,NaN,NaN,0,0
115,83,2,2,1,1,354,425,317,0,0
115,84,2,2,1,0,NaN,NaN,NaN,0,0
115,85,2,2,1,0,NaN,NaN,NaN,0,0
115,86,2,2,1,1,379,NaN,319,-1,0
115,87,2,2,1,0,NaN,NaN,NaN,0,0
115,88,2,2,2,0,NaN,NaN,NaN,0,0
115,89,2,2,1,0,NaN,NaN,NaN,0,0
115,90,2,2,2,0,NaN,NaN,NaN,0,0
115,91,2,2,2,0,NaN,NaN,NaN,0,0
115,92,2,2,2,1,485,538,493,-4,0
115,93,2,2,1,0,NaN,NaN,NaN,0,0
115,94,2,2,2,0,NaN,NaN,NaN,0,0
115,95,2,2,2,0,NaN,NaN,NaN,0,0
115,96,2,2,2,0,NaN,NaN,NaN,0,0
115,97,2,2,2,0,NaN,NaN,NaN,0,0
115,98,2,2,2,0,NaN,NaN,NaN,0,0
115,99,2,2,2,1,409,411,360,-5,0
115,100,2,2,2,0,NaN,NaN,NaN,0,0
115,101,2,2,1,0,NaN,NaN,NaN,0,0
115,102,2,2,1,0,NaN,NaN,NaN,0,0
115,103,2,2,1,0,NaN,NaN,NaN,0,0
115,104,2,2,1,0,NaN,NaN,NaN,0,0
115,105,2,2,2,0,NaN,NaN,NaN,0,0
115,106,2,2,1,1,349,356,326,-5,0
115,107,2,2,2,1,280,310,233,1,0
115,108,2,2,2,0,NaN,NaN,NaN,0,0
115,109,2,2,1,0,NaN,NaN,NaN,0,0
115,110,2,2,2,1,317,406,292,-1,0
115,111,2,2,1,1,393,429,388,1,0
115,112,2,2,1,0,NaN,NaN,NaN,0,0
115,113,2,2,2,0,NaN,NaN,NaN,0,0
115,114,2,2,1,0,NaN,NaN,NaN,0,0
115,115,2,2,2,0,NaN,NaN,NaN,0,0
115,116,2,2,2,1,360,362,338,-3,0
115,117,2,2,2,0,NaN,NaN,NaN,0,0
115,118,2,2,2,0,NaN,NaN,NaN,0,0
115,119,2,2,1,0,NaN,NaN,NaN,0,0
115,120,2,2,1,0,NaN,NaN,NaN,0,0
115,121,2,2,2,0,NaN,NaN,NaN,0,0
115,122,2,2,2,0,NaN,NaN,NaN,0,0
115,123,2,2,2,1,35,399,351,-5,0
115,124,2,2,2,0,NaN,NaN,NaN,0,0
115,125,2,2,1,0,NaN,NaN,NaN,0,0
115,126,2,2,2,0,NaN,NaN,NaN,0,0
115,127,2,2,1,0,NaN,NaN,NaN,0,0
115,128,2,2,2,0,NaN,NaN,NaN,0,0
115,129,2,2,2,0,NaN,NaN,NaN,0,0
115,130,2,2,1,0,NaN,NaN,NaN,0,0
115,131,2,2,2,0,NaN,NaN,NaN,0,0
115,132,2,2,1,0,NaN,NaN,NaN,0,0
115,133,2,2,1,0,NaN,NaN,NaN,0,0
115,134,2,2,2,0,NaN,NaN,NaN,0,0
115,135,2,2,1,0,NaN,NaN,NaN,0,0
115,136,2,2,2,1,322,355,295,-11,0
115,137,2,2,1,1,400,423,337,1,0
115,138,2,2,1,0,NaN,NaN,NaN,0,0
115,139,2,2,2,0,NaN,NaN,NaN,0,0
115,140,2,2,2,0,NaN,NaN,NaN,0,0
115,141,2,2,1,0,NaN,NaN,NaN,0,0
115,142,2,2,1,1,313,347,282,-3,0
115,143,2,2,1,0,NaN,NaN,NaN,0,0
115,144,2,2,2,0,NaN,NaN,NaN,0,0
115,145,2,2,1,1,258,288,253,-1,0
115,146,2,2,2,0,NaN,NaN,NaN,0,0
115,147,2,2,1,0,NaN,NaN,NaN,0,0
115,148,2,2,1,0,NaN,NaN,NaN,0,0
115,149,2,2,2,1,330,359,295,-2,0
115,150,2,2,2,1,316,396,307,1,0
115,151,2,2,1,0,NaN,NaN,NaN,0,0
115,152,2,2,2,1,342,376,324,0,0
115,153,2,2,2,0,NaN,NaN,NaN,0,0
115,154,2,2,2,0,NaN,NaN,NaN,0,0
115,155,2,2,1,1,383,425,312,-1,0
115,156,2,2,1,0,NaN,NaN,NaN,0,0
115,157,2,2,2,0,NaN,NaN,NaN,0,0
115,158,2,2,1,1,106,347,287,-1,0
115,159,2,2,1,0,NaN,NaN,NaN,0,0
115,160,2,2,1,0,NaN,NaN,NaN,0,0
116,1,2,1,1,1,499,517,446,0,0
116,2,2,1,1,1,417,466,402,1,0
116,3,2,1,1,0,NaN,NaN,NaN,0,0
116,4,2,1,2,1,324,346,235,0,0
116,5,2,1,1,0,NaN,NaN,NaN,0,0
116,6,2,1,1,1,NaN,NaN,NaN,0,1
116,7,2,1,2,1,233,264,206,1,0
116,8,2,1,1,1,277,297,201,2,0
116,9,2,1,2,1,248,261,198,3,0
116,10,2,1,1,1,50,200,165,4,0
116,11,2,1,2,1,241,255,221,5,0
116,12,2,1,2,1,358,362,335,6,0
116,13,2,1,1,0,NaN,NaN,NaN,0,0
116,14,2,1,1,1,NaN,NaN,NaN,0,1
116,15,2,1,2,0,NaN,NaN,NaN,0,0
116,16,2,1,1,1,206,241,180,0,0
116,17,2,1,1,1,347,373,322,1,0
116,18,2,1,1,1,200,201,145,2,0
116,19,2,1,2,1,218,373,316,3,0
116,20,2,1,1,1,154,222,234,4,0
116,21,2,1,1,0,NaN,NaN,NaN,0,0
116,22,2,1,2,1,248,251,192,0,0
116,23,2,1,1,0,NaN,NaN,NaN,0,0
116,24,2,1,2,1,216,234,210,0,0
116,25,2,1,2,0,NaN,NaN,NaN,0,0
116,26,2,1,2,1,211,243,203,0,0
116,27,2,1,2,1,227,233,185,1,0
116,28,2,1,2,0,NaN,NaN,NaN,0,0
116,29,2,1,2,1,419,434,407,0,0
116,30,2,1,1,1,259,424,394,1,0
116,31,2,1,2,1,326,339,298,2,0
116,32,2,1,2,1,237,240,191,3,0
116,33,2,1,1,1,187,230,195,4,0
116,34,2,1,2,0,NaN,NaN,NaN,0,0
116,35,2,1,2,0,NaN,NaN,NaN,0,0
116,36,2,1,1,1,308,326,290,-1,0
116,37,2,1,1,1,177,243,200,1,0
116,38,2,1,2,1,216,219,195,2,0
116,39,2,1,1,1,219,220,178,3,0
116,40,2,1,2,1,215,226,190,4,0
116,41,2,1,1,1,274,312,230,5,0
116,42,2,1,2,0,NaN,NaN,NaN,0,0
116,43,2,1,2,1,280,294,226,0,0
116,44,2,1,2,1,260,282,210,1,0
116,45,2,1,1,1,215,300,156,2,0
116,46,2,1,2,1,229,243,180,3,0
116,47,2,1,1,1,217,231,171,4,0
116,48,2,1,2,1,256,266,211,5,0
116,49,2,1,2,1,280,295,262,6,0
116,50,2,1,2,1,202,214,173,7,0
116,51,2,1,2,1,240,242,228,8,0
116,52,2,1,2,1,45,227,189,9,0
116,53,2,1,1,1,229,310,178,10,0
116,54,2,1,2,1,216,259,183,11,0
116,55,2,1,1,1,193,206,163,12,0
116,56,2,1,2,1,43,226,220,13,0
116,57,2,1,2,1,206,288,201,14,0
116,58,2,1,1,0,NaN,NaN,NaN,0,0
116,59,2,1,2,1,232,266,211,0,0
116,60,2,1,2,0,NaN,NaN,NaN,0,0
116,61,2,1,1,1,122,212,401,0,0
116,62,2,1,2,1,204,222,183,1,0
116,63,2,1,1,1,288,314,249,2,0
116,64,2,1,2,1,191,224,175,3,0
116,65,2,1,1,1,192,255,203,4,0
116,66,2,1,1,0,NaN,NaN,NaN,0,0
116,67,2,1,1,1,330,363,214,0,0
116,68,2,1,1,0,NaN,NaN,NaN,0,0
116,69,2,1,1,0,NaN,NaN,NaN,0,0
116,70,2,1,1,1,NaN,NaN,NaN,-1,1
116,71,2,1,1,1,NaN,NaN,NaN,1,1
116,72,2,1,1,1,217,359,202,2,0
116,73,2,1,1,0,NaN,NaN,NaN,0,0
116,74,2,1,2,1,198,351,314,0,0
116,75,2,1,2,0,NaN,NaN,NaN,0,0
116,76,2,1,2,0,NaN,NaN,NaN,0,0
116,77,2,1,1,1,NaN,NaN,NaN,-1,1
116,78,2,1,1,1,493,527,488,1,0
116,79,2,1,1,1,268,280,233,2,0
116,80,2,1,2,0,NaN,NaN,NaN,0,0
116,81,2,2,1,1,467,489,430,0,0
116,82,2,2,1,0,NaN,NaN,NaN,0,0
116,83,2,2,1,1,192,291,238,0,0
116,84,2,2,1,0,NaN,NaN,NaN,0,0
116,85,2,2,1,0,NaN,NaN,NaN,0,0
116,86,2,2,1,1,301,371,265,-1,0
116,87,2,2,1,0,NaN,NaN,NaN,0,0
116,88,2,2,2,0,NaN,NaN,NaN,0,0
116,89,2,2,1,0,NaN,NaN,NaN,0,0
116,90,2,2,2,0,NaN,NaN,NaN,0,0
116,91,2,2,2,0,NaN,NaN,NaN,0,0
116,92,2,2,2,1,290,484,432,-4,0
116,93,2,2,1,0,NaN,NaN,NaN,0,0
116,94,2,2,2,0,NaN,NaN,NaN,0,0
116,95,2,2,2,0,NaN,NaN,NaN,0,0
116,96,2,2,2,0,NaN,NaN,NaN,0,0
116,97,2,2,2,0,NaN,NaN,NaN,0,0
116,98,2,2,2,0,NaN,NaN,NaN,0,0
116,99,2,2,2,1,503,545,484,-5,0
116,100,2,2,2,0,NaN,NaN,NaN,0,0
116,101,2,2,1,0,NaN,NaN,NaN,0,0
116,102,2,2,1,0,NaN,NaN,NaN,0,0
116,103,2,2,1,0,NaN,NaN,NaN,0,0
116,104,2,2,1,0,NaN,NaN,NaN,0,0
116,105,2,2,2,0,NaN,NaN,NaN,0,0
116,106,2,2,1,1,478,507,425,-5,0
116,107,2,2,2,1,453,466,430,1,0
116,108,2,2,2,0,NaN,NaN,NaN,0,0
116,109,2,2,1,0,NaN,NaN,NaN,0,0
116,110,2,2,2,1,315,329,270,-1,0
116,111,2,2,1,1,331,368,298,1,0
116,112,2,2,1,0,NaN,NaN,NaN,0,0
116,113,2,2,2,0,NaN,NaN,NaN,0,0
116,114,2,2,1,0,NaN,NaN,NaN,0,0
116,115,2,2,2,0,NaN,NaN,NaN,0,0
116,116,2,2,2,1,347,362,341,-3,0
116,117,2,2,2,0,NaN,NaN,NaN,0,0
116,118,2,2,2,0,NaN,NaN,NaN,0,0
116,119,2,2,1,0,NaN,NaN,NaN,0,0
116,120,2,2,1,0,NaN,NaN,NaN,0,0
116,121,2,2,2,0,NaN,NaN,NaN,0,0
116,122,2,2,2,0,NaN,NaN,NaN,0,0
116,123,2,2,2,1,326,369,313,-5,0
116,124,2,2,2,0,NaN,NaN,NaN,0,0
116,125,2,2,1,0,NaN,NaN,NaN,0,0
116,126,2,2,2,0,NaN,NaN,NaN,0,0
116,127,2,2,1,0,NaN,NaN,NaN,0,0
116,128,2,2,2,0,NaN,NaN,NaN,0,0
116,129,2,2,2,0,NaN,NaN,NaN,0,0
116,130,2,2,1,0,NaN,NaN,NaN,0,0
116,131,2,2,2,0,NaN,NaN,NaN,0,0
116,132,2,2,1,0,NaN,NaN,NaN,0,0
116,133,2,2,1,0,NaN,NaN,NaN,0,0
116,134,2,2,2,0,NaN,NaN,NaN,0,0
116,135,2,2,1,0,NaN,NaN,NaN,0,0
116,136,2,2,2,1,385,406,380,-11,0
116,137,2,2,1,1,280,308,233,1,0
116,138,2,2,1,0,NaN,NaN,NaN,0,0
116,139,2,2,2,0,NaN,NaN,NaN,0,0
116,140,2,2,2,0,NaN,NaN,NaN,0,0
116,141,2,2,1,0,NaN,NaN,NaN,0,0
116,142,2,2,1,1,307,351,286,-3,0
116,143,2,2,1,0,NaN,NaN,NaN,0,0
116,144,2,2,2,0,NaN,NaN,NaN,0,0
116,145,2,2,1,1,337,375,343,-1,0
116,146,2,2,2,0,NaN,NaN,NaN,0,0
116,147,2,2,1,0,NaN,NaN,NaN,0,0
116,148,2,2,1,0,NaN,NaN,NaN,0,0
116,149,2,2,2,1,292,318,286,-2,0
116,150,2,2,2,1,286,322,282,1,0
116,151,2,2,1,0,NaN,NaN,NaN,0,0
116,152,2,2,2,1,220,223,178,0,0
116,153,2,2,2,0,NaN,NaN,NaN,0,0
116,154,2,2,2,0,NaN,NaN,NaN,0,0
116,155,2,2,1,1,254,292,212,-1,0
116,156,2,2,1,0,NaN,NaN,NaN,0,0
116,157,2,2,2,0,NaN,NaN,NaN,0,0
116,158,2,2,1,1,NaN,NaN,NaN,-1,1
116,159,2,2,1,0,NaN,NaN,NaN,0,0
116,160,2,2,1,0,NaN,NaN,NaN,0,0
117,1,2,1,1,1,433,448,385,0,0
117,2,2,1,1,1,24,406,335,1,0
117,3,2,1,1,0,NaN,NaN,NaN,0,0
117,4,2,1,2,1,352,385,347,0,0
117,5,2,1,1,0,NaN,NaN,NaN,0,0
117,6,2,1,1,1,329,427,320,0,0
117,7,2,1,2,1,434,444,412,1,0
117,8,2,1,1,1,289,291,242,2,0
117,9,2,1,2,1,245,258,210,3,0
117,10,2,1,1,1,202,251,177,4,0
117,11,2,1,2,1,252,255,207,5,0
117,12,2,1,2,1,415,424,368,6,0
117,13,2,1,1,0,NaN,NaN,NaN,0,0
117,14,2,1,1,1,217,239,180,0,0
117,15,2,1,2,0,NaN,NaN,NaN,0,0
117,16,2,1,1,1,468,535,439,0,0
117,17,2,1,1,1,343,356,297,1,0
117,18,2,1,1,1,376,388,366,2,0
117,19,2,1,2,1,273,295,236,3,0
117,20,2,1,1,1,247,285,258,4,0
117,21,2,1,1,0,NaN,NaN,NaN,0,0
117,22,2,1,2,1,290,292,278,0,0
117,23,2,1,1,0,NaN,NaN,NaN,0,0
117,24,2,1,2,1,319,321,290,0,0
117,25,2,1,2,0,NaN,NaN,NaN,0,0
117,26,2,1,2,1,231,242,199,0,0
117,27,2,1,2,1,371,395,367,1,0
117,28,2,1,2,0,NaN,NaN,NaN,0,0
117,29,2,1,2,1,239,244,197,0,0
117,30,2,1,1,1,340,411,374,1,0
117,31,2,1,2,1,238,253,219,2,0
117,32,2,1,2,1,154,302,239,3,0
117,33,2,1,1,1,328,350,287,4,0
117,34,2,1,2,0,NaN,NaN,NaN,0,0
117,35,2,1,2,0,NaN,NaN,NaN,0,0
117,36,2,1,1,1,378,393,386,-1,0
117,37,2,1,1,1,260,273,255,1,0
117,38,2,1,2,1,270,272,239,2,0
117,39,2,1,1,1,242,300,182,3,0
117,40,2,1,2,1,220,221,188,4,0
117,41,2,1,1,1,339,352,307,5,0
117,42,2,1,2,0,NaN,NaN,NaN,0,0
117,43,2,1,2,1,299,301,239,0,0
117,44,2,1,2,1,413,416,394,1,0
117,45,2,1,1,1,371,375,331,2,0
117,46,2,1,2,1,261,446,426,3,0
117,47,2,1,1,1,275,317,284,4,0
117,48,2,1,2,1,165,196,158,5,0
117,49,2,1,2,1,221,222,180,6,0
117,50,2,1,2,1,251,286,230,7,0
117,51,2,1,2,1,214,254,224,8,0
117,52,2,1,2,1,203,212,179,9,0
117,53,2,1,1,1,278,300,274,10,0
117,54,2,1,2,1,129,253,219,11,0
117,55,2,1,1,1,223,240,204,12,0
117,56,2,1,2,1,208,210,176,13,0
117,57,2,1,2,1,242,256,217,14,0
117,58,2,1,1,0,NaN,NaN,NaN,0,0
117,59,2,1,2,1,260,292,229,0,0
117,60,2,1,2,0,NaN,NaN,NaN,0,0
117,61,2,1,1,1,188,226,183,0,0
117,62,2,1,2,1,267,270,190,1,0
117,63,2,1,1,1,240,260,166,2,0
117,64,2,1,2,1,390,392,344,3,0
117,65,2,1,1,1,228,256,192,4,0
117,66,2,1,1,0,NaN,NaN,NaN,0,0
117,67,2,1,1,1,195,219,110,0,0
117,68,2,1,1,0,NaN,NaN,NaN,0,0
117,69,2,1,1,0,NaN,NaN,NaN,0,0
117,70,2,1,1,1,198,313,286,-1,0
117,71,2,1,1,1,293,NaN,250,1,0
117,72,2,1,1,1,161,254,247,2,0
117,73,2,1,1,0,NaN,NaN,NaN,0,0
117,74,2,1,2,1,417,NaN,365,0,0
117,75,2,1,2,0,NaN,NaN,NaN,0,0
117,76,2,1,2,0,NaN,NaN,NaN,0,0
117,77,2,1,1,1,281,296,289,-1,0
117,78,2,1,1,1,305,307,252,1,0
117,79,2,1,1,1,176,264,203,2,0
117,80,2,1,2,0,NaN,NaN,NaN,0,0
117,81,2,2,1,1,202,230,186,0,0
117,82,2,2,1,0,NaN,NaN,NaN,0,0
117,83,2,2,1,1,368,382,390,0,0
117,84,2,2,1,0,NaN,NaN,NaN,0,0
117,85,2,2,1,0,NaN,NaN,NaN,0,0
117,86,2,2,1,1,422,424,374,-1,0
117,87,2,2,1,0,NaN,NaN,NaN,0,0
117,88,2,2,2,0,NaN,NaN,NaN,0,0
117,89,2,2,1,0,NaN,NaN,NaN,0,0
117,90,2,2,2,0,NaN,NaN,NaN,0,0
117,91,2,2,2,0,NaN,NaN,NaN,0,0
117,92,2,2,2,1,294,295,245,-4,0
117,93,2,2,1,0,NaN,NaN,NaN,0,0
117,94,2,2,2,0,NaN,NaN,NaN,0,0
117,95,2,2,2,0,NaN,NaN,NaN,0,0
117,96,2,2,2,0,NaN,NaN,NaN,0,0
117,97,2,2,2,0,NaN,NaN,NaN,0,0
117,98,2,2,2,0,NaN,NaN,NaN,0,0
117,99,2,2,2,1,381,394,321,-5,0
117,100,2,2,2,0,NaN,NaN,NaN,0,0
117,101,2,2,1,0,NaN,NaN,NaN,0,0
117,102,2,2,1,0,NaN,NaN,NaN,0,0
117,103,2,2,1,0,NaN,NaN,NaN,0,0
117,104,2,2,1,0,NaN,NaN,NaN,0,0
117,105,2,2,2,0,NaN,NaN,NaN,0,0
117,106,2,2,1,1,370,415,379,-5,0
117,107,2,2,2,1,353,373,319,1,0
117,108,2,2,2,0,NaN,NaN,NaN,0,0
117,109,2,2,1,0,NaN,NaN,NaN,0,0
117,110,2,2,2,1,173,364,339,-1,0
117,111,2,2,1,1,258,286,235,1,0
117,112,2,2,1,0,NaN,NaN,NaN,0,0
117,113,2,2,2,0,NaN,NaN,NaN,0,0
117,114,2,2,1,0,NaN,NaN,NaN,0,0
117,115,2,2,2,0,NaN,NaN,NaN,0,0
117,116,2,2,2,1,283,286,235,-3,0
117,117,2,2,2,0,NaN,NaN,NaN,0,0
117,118,2,2,2,0,NaN,NaN,NaN,0,0
117,119,2,2,1,0,NaN,NaN,NaN,0,0
117,120,2,2,1,0,NaN,NaN,NaN,0,0
117,121,2,2,2,0,NaN,NaN,NaN,0,0
117,122,2,2,2,0,NaN,NaN,NaN,0,0
117,123,2,2,2,1,325,327,295,-5,0
117,124,2,2,2,0,NaN,NaN,NaN,0,0
117,125,2,2,1,0,NaN,NaN,NaN,0,0
117,126,2,2,2,0,NaN,NaN,NaN,0,0
117,127,2,2,1,0,NaN,NaN,NaN,0,0
117,128,2,2,2,0,NaN,NaN,NaN,0,0
117,129,2,2,2,0,NaN,NaN,NaN,0,0
117,130,2,2,1,0,NaN,NaN,NaN,0,0
117,131,2,2,2,0,NaN,NaN,NaN,0,0
117,132,2,2,1,0,NaN,NaN,NaN,0,0
117,133,2,2,1,0,NaN,NaN,NaN,0,0
117,134,2,2,2,0,NaN,NaN,NaN,0,0
117,135,2,2,1,0,NaN,NaN,NaN,0,0
117,136,2,2,2,1,355,368,362,-11,0
117,137,2,2,1,1,217,235,202,1,0
117,138,2,2,1,0,NaN,NaN,NaN,0,0
117,139,2,2,2,0,NaN,NaN,NaN,0,0
117,140,2,2,2,0,NaN,NaN,NaN,0,0
117,141,2,2,1,0,NaN,NaN,NaN,0,0
117,142,2,2,1,1,382,410,322,-3,0
117,143,2,2,1,0,NaN,NaN,NaN,0,0
117,144,2,2,2,0,NaN,NaN,NaN,0,0
117,145,2,2,1,1,405,422,350,-1,0
117,146,2,2,2,0,NaN,NaN,NaN,0,0
117,147,2,2,1,0,NaN,NaN,NaN,0,0
117,148,2,2,1,0,NaN,NaN,NaN,0,0
117,149,2,2,2,1,422,426,404,-2,0
117,150,2,2,2,1,239,253,219,1,0
117,151,2,2,1,0,NaN,NaN,NaN,0,0
117,152,2,2,2,1,209,258,221,0,0
117,153,2,2,2,0,NaN,NaN,NaN,0,0
117,154,2,2,2,0,NaN,NaN,NaN,0,0
117,155,2,2,1,1,77,NaN,294,-1,0
117,156,2,2,1,0,NaN,NaN,NaN,0,0
117,157,2,2,2,0,NaN,NaN,NaN,0,0
117,158,2,2,1,1,205,313,308,-1,0
117,159,2,2,1,0,NaN,NaN,NaN,0,0
117,160,2,2,1,0,NaN,NaN,NaN,0,0
118,1,2,1,1,1,312,315,260,0,0
118,2,2,1,1,1,428,466,422,1,0
118,3,2,1,1,0,NaN,NaN,NaN,0,0
118,4,2,1,2,1,407,426,378,0,0
118,5,2,1,1,0,NaN,NaN,NaN,0,0
118,6,2,1,1,1,NaN,NaN,NaN,0,1
118,7,2,1,2,1,427,431,377,1,0
118,8,2,1,1,1,777,816,700,2,0
118,9,2,1,2,1,306,335,283,3,0
118,10,2,1,1,1,NaN,NaN,NaN,4,1
118,11,2,1,2,1,392,439,386,5,0
118,12,2,1,2,1,179,404,399,6,0
118,13,2,1,1,0,NaN,NaN,NaN,0,0
118,14,2,1,1,1,300,372,308,0,0
118,15,2,1,2,0,NaN,NaN,NaN,0,0
118,16,2,1,1,1,218,302,229,0,0
118,17,2,1,1,1,605,608,581,1,0
118,18,2,1,1,1,321,349,268,2,0
118,19,2,1,2,1,404,414,312,3,0
118,20,2,1,1,1,370,392,337,4,0
118,21,2,1,1,0,NaN,NaN,NaN,0,0
118,22,2,1,2,1,350,358,276,0,0
118,23,2,1,1,0,NaN,NaN,NaN,0,0
118,24,2,1,2,1,390,458,398,0,0
118,25,2,1,2,0,NaN,NaN,NaN,0,0
118,26,2,1,2,1,301,347,231,0,0
118,27,2,1,2,1,234,295,243,1,0
118,28,2,1,2,0,NaN,NaN,NaN,0,0
118,29,2,1,2,1,282,342,245,0,0
118,30,2,1,1,1,471,694,666,1,0
118,31,2,1,2,1,286,288,210,2,0
118,32,2,1,2,1,223,235,186,3,0
118,33,2,1,1,1,262,286,195,4,0
118,34,2,1,2,0,NaN,NaN,NaN,0,0
118,35,2,1,2,0,NaN,NaN,NaN,0,0
118,36,2,1,1,1,NaN,NaN,NaN,-1,1
118,37,2,1,1,1,317,347,283,1,0
118,38,2,1,2,1,404,455,309,2,0
118,39,2,1,1,1,338,373,290,3,0
118,40,2,1,2,1,462,480,397,4,0
118,41,2,1,1,1,234,267,245,5,0
118,42,2,1,2,0,NaN,NaN,NaN,0,0
118,43,2,1,2,1,459,472,406,0,0
118,44,2,1,2,1,344,395,336,1,0
118,45,2,1,1,1,226,260,255,2,0
118,46,2,1,2,1,298,321,299,3,0
118,47,2,1,1,1,216,241,210,4,0
118,48,2,1,2,1,400,417,354,5,0
118,49,2,1,2,1,216,395,355,6,0
118,50,2,1,2,1,288,309,238,7,0
118,51,2,1,2,1,347,369,323,8,0
118,52,2,1,2,1,NaN,NaN,NaN,9,1
118,53,2,1,1,1,394,415,343,10,0
118,54,2,1,2,1,88,440,374,11,0
118,55,2,1,1,1,301,332,270,12,0
118,56,2,1,2,1,337,403,347,13,0
118,57,2,1,2,1,37,473,439,14,0
118,58,2,1,1,0,NaN,NaN,NaN,0,0
118,59,2,1,2,1,316,341,266,0,0
118,60,2,1,2,0,NaN,NaN,NaN,0,0
118,61,2,1,1,1,NaN,NaN,NaN,0,1
118,62,2,1,2,1,414,427,362,1,0
118,63,2,1,1,1,281,307,289,2,0
118,64,2,1,2,1,245,273,284,3,0
118,65,2,1,1,1,322,378,276,4,0
118,66,2,1,1,0,NaN,NaN,NaN,0,0
118,67,2,1,1,1,439,441,384,0,0
118,68,2,1,1,0,NaN,NaN,NaN,0,0
118,69,2,1,1,0,NaN,NaN,NaN,0,0
118,70,2,1,1,1,413,445,378,-1,0
118,71,2,1,1,1,195,241,165,1,0
118,72,2,1,1,1,244,262,192,2,0
118,73,2,1,1,0,NaN,NaN,NaN,0,0
118,74,2,1,2,1,271,282,230,0,0
118,75,2,1,2,0,NaN,NaN,NaN,0,0
118,76,2,1,2,0,NaN,NaN,NaN,0,0
118,77,2,1,1,1,479,505,488,-1,0
118,78,2,1,1,1,167,285,240,1,0
118,79,2,1,1,1,322,336,297,2,0
118,80,2,1,2,0,NaN,NaN,NaN,0,0
118,81,2,2,1,1,206,262,217,0,0
118,82,2,2,1,0,NaN,NaN,NaN,0,0
118,83,2,2,1,1,201,229,137,0,0
118,84,2,2,1,0,NaN,NaN,NaN,0,0
118,85,2,2,1,0,NaN,NaN,NaN,0,0
118,86,2,2,1,1,NaN,NaN,NaN,-1,1
118,87,2,2,1,0,NaN,NaN,NaN,0,0
118,88,2,2,2,0,NaN,NaN,NaN,0,0
118,89,2,2,1,0,NaN,NaN,NaN,0,0
118,90,2,2,2,0,NaN,NaN,NaN,0,0
118,91,2,2,2,0,NaN,NaN,NaN,0,0
118,92,2,2,2,1,470,499,465,-4,0
118,93,2,2,1,0,NaN,NaN,NaN,0,0
118,94,2,2,2,0,NaN,NaN,NaN,0,0
118,95,2,2,2,0,NaN,NaN,NaN,0,0
118,96,2,2,2,0,NaN,NaN,NaN,0,0
118,97,2,2,2,0,NaN,NaN,NaN,0,0
118,98,2,2,2,0,NaN,NaN,NaN,0,0
118,99,2,2,2,1,414,427,357,-5,0
118,100,2,2,2,0,NaN,NaN,NaN,0,0
118,101,2,2,1,0,NaN,NaN,NaN,0,0
118,102,2,2,1,0,NaN,NaN,NaN,0,0
118,103,2,2,1,0,NaN,NaN,NaN,0,0
118,104,2,2,1,0,NaN,NaN,NaN,0,0
118,105,2,2,2,0,NaN,NaN,NaN,0,0
118,106,2,2,1,1,244,265,226,-5,0
118,107,2,2,2,1,404,440,361,1,0
118,108,2,2,2,0,NaN,NaN,NaN,0,0
118,109,2,2,1,0,NaN,NaN,NaN,0,0
118,110,2,2,2,1,NaN,NaN,NaN,-1,1
118,111,2,2,1,1,366,383,326,1,0
118,112,2,2,1,0,NaN,NaN,NaN,0,0
118,113,2,2,2,0,NaN,NaN,NaN,0,0
118,114,2,2,1,0,NaN,NaN,NaN,0,0
118,115,2,2,2,0,NaN,NaN,NaN,0,0
118,116,2,2,2,1,465,520,424,-3,0
118,117,2,2,2,0,NaN,NaN,NaN,0,0
118,118,2,2,2,0,NaN,NaN,NaN,0,0
118,119,2,2,1,0,NaN,NaN,NaN,0,0
118,120,2,2,1,0,NaN,NaN,NaN,0,0
118,121,2,2,2,0,NaN,NaN,NaN,0,0
118,122,2,2,2,0,NaN,NaN,NaN,0,0
118,123,2,2,2,1,440,468,463,-5,0
118,124,2,2,2,0,NaN,NaN,NaN,0,0
118,125,2,2,1,0,NaN,NaN,NaN,0,0
118,126,2,2,2,0,NaN,NaN,NaN,0,0
118,127,2,2,1,0,NaN,NaN,NaN,0,0
118,128,2,2,2,0,NaN,NaN,NaN,0,0
118,129,2,2,2,0,NaN,NaN,NaN,0,0
118,130,2,2,1,0,NaN,NaN,NaN,0,0
118,131,2,2,2,0,NaN,NaN,NaN,0,0
118,132,2,2,1,0,NaN,NaN,NaN,0,0
118,133,2,2,1,0,NaN,NaN,NaN,0,0
118,134,2,2,2,0,NaN,NaN,NaN,0,0
118,135,2,2,1,0,NaN,NaN,NaN,0,0
118,136,2,2,2,1,338,381,376,-11,0
118,137,2,2,1,1,246,272,267,1,0
118,138,2,2,1,0,NaN,NaN,NaN,0,0
118,139,2,2,2,0,NaN,NaN,NaN,0,0
118,140,2,2,2,0,NaN,NaN,NaN,0,0
118,141,2,2,1,0,NaN,NaN,NaN,0,0
118,142,2,2,1,1,444,462,400,-3,0
118,143,2,2,1,0,NaN,NaN,NaN,0,0
118,144,2,2,2,0,NaN,NaN,NaN,0,0
118,145,2,2,1,1,699,702,619,-1,0
118,146,2,2,2,0,NaN,NaN,NaN,0,0
118,147,2,2,1,0,NaN,NaN,NaN,0,0
118,148,2,2,1,0,NaN,NaN,NaN,0,0
118,149,2,2,2,1,251,285,215,-2,0
118,150,2,2,2,1,276,356,334,1,0
118,151,2,2,1,0,NaN,NaN,NaN,0,0
118,152,2,2,2,1,243,280,231,0,0
118,153,2,2,2,0,NaN,NaN,NaN,0,0
118,154,2,2,2,0,NaN,NaN,NaN,0,0
118,155,2,2,1,1,249,262,229,-1,0
118,156,2,2,1,0,NaN,NaN,NaN,0,0
118,157,2,2,2,0,NaN,NaN,NaN,0,0
118,158,2,2,1,1,394,413,363,-1,0
118,159,2,2,1,0,NaN,NaN,NaN,0,0
118,160,2,2,1,0,NaN,NaN,NaN,0,0
119,1,2,1,1,1,258,261,243,0,0
119,2,2,1,1,1,185,304,269,1,0
119,3,2,1,1,0,NaN,NaN,NaN,0,0
119,4,2,1,2,1,127,257,200,0,0
119,5,2,1,1,0,NaN,NaN,NaN,0,0
119,6,2,1,1,1,338,352,332,0,0
119,7,2,1,2,1,394,408,369,1,0
119,8,2,1,1,1,NaN,NaN,NaN,2,1
119,9,2,1,2,1,NaN,NaN,NaN,3,1
119,10,2,1,1,1,312,324,280,4,0
119,11,2,1,2,1,289,309,249,5,0
119,12,2,1,2,1,277,295,262,6,0
119,13,2,1,1,0,NaN,NaN,NaN,0,0
119,14,2,1,1,1,324,357,298,0,0
119,15,2,1,2,0,NaN,NaN,NaN,0,0
119,16,2,1,1,1,333,355,327,0,0
119,17,2,1,1,1,375,389,334,1,0
119,18,2,1,1,1,306,320,266,2,0
119,19,2,1,2,1,219,364,337,3,0
119,20,2,1,1,1,279,300,260,4,0
119,21,2,1,1,0,NaN,NaN,NaN,0,0
119,22,2,1,2,1,314,346,321,0,0
119,23,2,1,1,0,NaN,NaN,NaN,0,0
119,24,2,1,2,1,375,386,307,0,0
119,25,2,1,2,0,NaN,NaN,NaN,0,0
119,26,2,1,2,1,NaN,NaN,NaN,0,1
119,27,2,1,2,1,91,299,271,1,0
119,28,2,1,2,0,NaN,NaN,NaN,0,0
119,29,2,1,2,1,376,405,352,0,0
119,30,2,1,1,1,399,413,354,1,0
119,31,2,1,2,1,320,321,278,2,0
119,32,2,1,2,1,406,465,385,3,0
119,33,2,1,1,1,451,482,433,4,0
119,34,2,1,2,0,NaN,NaN,NaN,0,0
119,35,2,1,2,0,NaN,NaN,NaN,0,0
119,36,2,1,1,1,397,401,364,-1,0
119,37,2,1,1,1,424,448,387,1,0
119,38,2,1,2,1,301,322,296,2,0
119,39,2,1,1,1,159,368,335,3,0
119,40,2,1,2,1,307,344,326,4,0
119,41,2,1,1,1,331,333,316,5,0
119,42,2,1,2,0,NaN,NaN,NaN,0,0
119,43,2,1,2,1,303,322,281,0,0
119,44,2,1,2,1,358,361,304,1,0
119,45,2,1,1,1,469,481,428,2,0
119,46,2,1,2,1,423,451,376,3,0
119,47,2,1,1,1,413,431,386,4,0
119,48,2,1,2,1,437,497,472,5,0
119,49,2,1,2,1,320,333,288,6,0
119,50,2,1,2,1,371,385,316,7,0
119,51,2,1,2,1,394,395,339,8,0
119,52,2,1,2,1,348,389,322,9,0
119,53,2,1,1,1,541,587,536,10,0
119,54,2,1,2,1,340,381,328,11,0
119,55,2,1,1,1,NaN,NaN,NaN,12,1
119,56,2,1,2,1,338,351,305,13,0
119,57,2,1,2,1,338,340,305,14,0
119,58,2,1,1,0,NaN,NaN,NaN,0,0
119,59,2,1,2,1,420,469,390,0,0
119,60,2,1,2,0,NaN,NaN,NaN,0,0
119,61,2,1,1,1,568,581,530,0,0
119,62,2,1,2,1,424,427,341,1,0
119,63,2,1,1,1,355,370,312,2,0
119,64,2,1,2,1,336,351,305,3,0
119,65,2,1,1,1,878,918,896,4,0
119,66,2,1,1,0,NaN,NaN,NaN,0,0
119,67,2,1,1,1,155,302,311,0,0
119,68,2,1,1,0,NaN,NaN,NaN,0,0
119,69,2,1,1,0,NaN,NaN,NaN,0,0
119,70,2,1,1,1,581,582,647,-1,0
119,71,2,1,1,1,615,634,573,1,0
119,72,2,1,1,1,406,423,400,2,0
119,73,2,1,1,0,NaN,NaN,NaN,0,0
119,74,2,1,2,1,515,593,430,0,0
119,75,2,1,2,0,NaN,NaN,NaN,0,0
119,76,2,1,2,0,NaN,NaN,NaN,0,0
119,77,2,1,1,1,287,343,283,-1,0
119,78,2,1,1,1,457,495,371,1,0
119,79,2,1,1,1,368,400,299,2,0
119,80,2,1,2,0,NaN,NaN,NaN,0,0
119,81,2,2,1,1,570,573,528,0,0
119,82,2,2,1,0,NaN,NaN,NaN,0,0
119,83,2,2,1,1,273,392,339,0,0
119,84,2,2,1,0,NaN,NaN,NaN,0,0
119,85,2,2,1,0,NaN,NaN,NaN,0,0
119,86,2,2,1,1,461,477,400,-1,0
119,87,2,2,1,0,NaN,NaN,NaN,0,0
119,88,2,2,2,0,NaN,NaN,NaN,0,0
119,89,2,2,1,0,NaN,NaN,NaN,0,0
119,90,2,2,2,0,NaN,NaN,NaN,0,0
119,91,2,2,2,0,NaN,NaN,NaN,0,0
119,92,2,2,2,1,442,532,473,-4,0
119,93,2,2,1,0,NaN,NaN,NaN,0,0
119,94,2,2,2,0,NaN,NaN,NaN,0,0
119,95,2,2,2,0,NaN,NaN,NaN,0,0
119,96,2,2,2,0,NaN,NaN,NaN,0,0
119,97,2,2,2,0,NaN,NaN,NaN,0,0
119,98,2,2,2,0,NaN,NaN,NaN,0,0
119,99,2,2,2,1,402,405,372,-5,0
119,100,2,2,2,0,NaN,NaN,NaN,0,0
119,101,2,2,1,0,NaN,NaN,NaN,0,0
119,102,2,2,1,0,NaN,NaN,NaN,0,0
119,103,2,2,1,0,NaN,NaN,NaN,0,0
119,104,2,2,1,0,NaN,NaN,NaN,0,0
119,105,2,2,2,0,NaN,NaN,NaN,0,0
119,106,2,2,1,1,394,409,403,-5,0
119,107,2,2,2,1,501,538,456,1,0
119,108,2,2,2,0,NaN,NaN,NaN,0,0
119,109,2,2,1,0,NaN,NaN,NaN,0,0
119,110,2,2,2,1,719,747,676,-1,0
119,111,2,2,1,1,331,332,287,1,0
119,112,2,2,1,0,NaN,NaN,NaN,0,0
119,113,2,2,2,0,NaN,NaN,NaN,0,0
119,114,2,2,1,0,NaN,NaN,NaN,0,0
119,115,2,2,2,0,NaN,NaN,NaN,0,0
119,116,2,2,2,1,77,398,369,-3,0
119,117,2,2,2,0,NaN,NaN,NaN,0,0
119,118,2,2,2,0,NaN,NaN,NaN,0,0
119,119,2,2,1,0,NaN,NaN,NaN,0,0
119,120,2,2,1,0,NaN,NaN,NaN,0,0
119,121,2,2,2,0,NaN,NaN,NaN,0,0
119,122,2,2,2,0,NaN,NaN,NaN,0,0
119,123,2,2,2,1,362,397,304,-5,0
119,124,2,2,2,0,NaN,NaN,NaN,0,0
119,125,2,2,1,0,NaN,NaN,NaN,0,0
119,126,2,2,2,0,NaN,NaN,NaN,0,0
119,127,2,2,1,0,NaN,NaN,NaN,0,0
119,128,2,2,2,0,NaN,NaN,NaN,0,0
119,129,2,2,2,0,NaN,NaN,NaN,0,0
119,130,2,2,1,0,NaN,NaN,NaN,0,0
119,131,2,2,2,0,NaN,NaN,NaN,0,0
119,132,2,2,1,0,NaN,NaN,NaN,0,0
119,133,2,2,1,0,NaN,NaN,NaN,0,0
119,134,2,2,2,0,NaN,NaN,NaN,0,0
119,135,2,2,1,0,NaN,NaN,NaN,0,0
119,136,2,2,2,1,182,440,387,-11,0
119,137,2,2,1,1,437,473,391,1,0
119,138,2,2,1,0,NaN,NaN,NaN,0,0
119,139,2,2,2,0,NaN,NaN,NaN,0,0
119,140,2,2,2,0,NaN,NaN,NaN,0,0
119,141,2,2,1,0,NaN,NaN,NaN,0,0
119,142,2,2,1,1,552,571,484,-3,0
119,143,2,2,1,0,NaN,NaN,NaN,0,0
119,144,2,2,2,0,NaN,NaN,NaN,0,0
119,145,2,2,1,1,352,421,386,-1,0
119,146,2,2,2,0,NaN,NaN,NaN,0,0
119,147,2,2,1,0,NaN,NaN,NaN,0,0
119,148,2,2,1,0,NaN,NaN,NaN,0,0
119,149,2,2,2,1,328,353,293,-2,0
119,150,2,2,2,1,443,519,398,1,0
119,151,2,2,1,0,NaN,NaN,NaN,0,0
119,152,2,2,2,1,50,353,364,0,0
119,153,2,2,2,0,NaN,NaN,NaN,0,0
119,154,2,2,2,0,NaN,NaN,NaN,0,0
119,155,2,2,1,1,483,533,455,-1,0
119,156,2,2,1,0,NaN,NaN,NaN,0,0
119,157,2,2,2,0,NaN,NaN,NaN,0,0
119,158,2,2,1,1,348,370,343,-1,0
119,159,2,2,1,0,NaN,NaN,NaN,0,0
119,160,2,2,1,0,NaN,NaN,NaN,0,0
120,1,2,1,1,1,273,292,234,0,0
120,2,2,1,1,1,468,544,433,1,0
120,3,2,1,1,0,NaN,NaN,NaN,0,0
120,4,2,1,2,1,298,336,291,0,0
120,5,2,1,1,0,NaN,NaN,NaN,0,0
120,6,2,1,1,1,266,268,251,0,0
120,7,2,1,2,1,487,508,448,1,0
120,8,2,1,1,1,51,442,399,2,0
120,9,2,1,2,1,403,448,398,3,0
120,10,2,1,1,1,415,467,370,4,0
120,11,2,1,2,1,431,461,397,5,0
120,12,2,1,2,1,409,414,362,6,0
120,13,2,1,1,0,NaN,NaN,NaN,0,0
120,14,2,1,1,1,299,313,251,0,0
120,15,2,1,2,0,NaN,NaN,NaN,0,0
120,16,2,1,1,1,319,341,254,0,0
120,17,2,1,1,1,389,418,338,1,0
120,18,2,1,1,1,288,317,220,2,0
120,19,2,1,2,1,283,295,223,3,0
120,20,2,1,1,1,260,422,343,4,0
120,21,2,1,1,0,NaN,NaN,NaN,0,0
120,22,2,1,2,1,263,337,273,0,0
120,23,2,1,1,0,NaN,NaN,NaN,0,0
120,24,2,1,2,1,294,335,225,0,0
120,25,2,1,2,0,NaN,NaN,NaN,0,0
120,26,2,1,2,1,296,359,292,0,0
120,27,2,1,2,1,NaN,NaN,NaN,1,1
120,28,2,1,2,0,NaN,NaN,NaN,0,0
120,29,2,1,2,1,288,290,297,0,0
120,30,2,1,1,1,305,335,239,1,0
120,31,2,1,2,1,159,312,278,2,0
120,32,2,1,2,1,93,462,412,3,0
120,33,2,1,1,1,237,254,209,4,0
120,34,2,1,2,0,NaN,NaN,NaN,0,0
120,35,2,1,2,0,NaN,NaN,NaN,0,0
120,36,2,1,1,1,298,332,231,-1,0
120,37,2,1,1,1,278,328,450,1,0
120,38,2,1,2,1,314,346,252,2,0
120,39,2,1,1,1,260,420,289,3,0
120,40,2,1,2,1,122,280,275,4,0
120,41,2,1,1,1,115,547,460,5,0
120,42,2,1,2,0,NaN,NaN,NaN,0,0
120,43,2,1,2,1,577,NaN,361,0,0
120,44,2,1,2,1,190,275,446,1,0
120,45,2,1,1,1,377,418,358,2,0
120,46,2,1,2,1,288,327,283,3,0
120,47,2,1,1,1,475,560,469,4,0
120,48,2,1,2,1,494,512,481,5,0
120,49,2,1,2,1,465,491,431,6,0
120,50,2,1,2,1,329,353,298,7,0
120,51,2,1,2,1,358,414,308,8,0
120,52,2,1,2,1,260,301,247,9,0
120,53,2,1,1,1,201,240,187,10,0
120,54,2,1,2,1,282,300,231,11,0
120,55,2,1,1,1,279,281,273,12,0
120,56,2,1,2,1,324,345,293,13,0
120,57,2,1,2,1,239,276,203,14,0
120,58,2,1,1,0,NaN,NaN,NaN,0,0
120,59,2,1,2,1,372,419,302,0,0
120,60,2,1,2,0,NaN,NaN,NaN,0,0
120,61,2,1,1,1,324,386,278,0,0
120,62,2,1,2,1,363,472,359,1,0
120,63,2,1,1,1,317,NaN,296,2,0
120,64,2,1,2,1,234,271,229,3,0
120,65,2,1,1,1,300,328,261,4,0
120,66,2,1,1,0,NaN,NaN,NaN,0,0
120,67,2,1,1,1,239,343,250,0,0
120,68,2,1,1,0,NaN,NaN,NaN,0,0
120,69,2,1,1,0,NaN,NaN,NaN,0,0
120,70,2,1,1,1,560,562,509,-1,0
120,71,2,1,1,1,262,265,197,1,0
120,72,2,1,1,1,323,325,245,2,0
120,73,2,1,1,0,NaN,NaN,NaN,0,0
120,74,2,1,2,1,329,383,341,0,0
120,75,2,1,2,0,NaN,NaN,NaN,0,0
120,76,2,1,2,0,NaN,NaN,NaN,0,0
120,77,2,1,1,1,411,414,378,-1,0
120,78,2,1,1,1,317,332,232,1,0
120,79,2,1,1,1,433,468,427,2,0
120,80,2,1,2,0,NaN,NaN,NaN,0,0
120,81,2,2,1,1,318,332,283,0,0
120,82,2,2,1,0,NaN,NaN,NaN,0,0
120,83,2,2,1,1,392,393,324,0,0
120,84,2,2,1,0,NaN,NaN,NaN,0,0
120,85,2,2,1,0,NaN,NaN,NaN,0,0
120,86,2,2,1,1,665,689,641,-1,0
120,87,2,2,1,0,NaN,NaN,NaN,0,0
120,88,2,2,2,0,NaN,NaN,NaN,0,0
120,89,2,2,1,0,NaN,NaN,NaN,0,0
120,90,2,2,2,0,NaN,NaN,NaN,0,0
120,91,2,2,2,0,NaN,NaN,NaN,0,0
120,92,2,2,2,1,761,762,757,-4,0
120,93,2,2,1,0,NaN,NaN,NaN,0,0
120,94,2,2,2,0,NaN,NaN,NaN,0,0
120,95,2,2,2,0,NaN,NaN,NaN,0,0
120,96,2,2,2,0,NaN,NaN,NaN,0,0
120,97,2,2,2,0,NaN,NaN,NaN,0,0
120,98,2,2,2,0,NaN,NaN,NaN,0,0
120,99,2,2,2,1,438,520,350,-5,0
120,100,2,2,2,0,NaN,NaN,NaN,0,0
120,101,2,2,1,0,NaN,NaN,NaN,0,0
120,102,2,2,1,0,NaN,NaN,NaN,0,0
120,103,2,2,1,0,NaN,NaN,NaN,0,0
120,104,2,2,1,0,NaN,NaN,NaN,0,0
120,105,2,2,2,0,NaN,NaN,NaN,0,0
120,106,2,2,1,1,489,645,532,-5,0
120,107,2,2,2,1,163,418,373,1,0
120,108,2,2,2,0,NaN,NaN,NaN,0,0
120,109,2,2,1,0,NaN,NaN,NaN,0,0
120,110,2,2,2,1,583,651,527,-1,0
120,111,2,2,1,1,413,472,386,1,0
120,112,2,2,1,0,NaN,NaN,NaN,0,0
120,113,2,2,2,0,NaN,NaN,NaN,0,0
120,114,2,2,1,0,NaN,NaN,NaN,0,0
120,115,2,2,2,0,NaN,NaN,NaN,0,0
120,116,2,2,2,1,787,815,732,-3,0
120,117,2,2,2,0,NaN,NaN,NaN,0,0
120,118,2,2,2,0,NaN,NaN,NaN,0,0
120,119,2,2,1,0,NaN,NaN,NaN,0,0
120,120,2,2,1,0,NaN,NaN,NaN,0,0
120,121,2,2,2,0,NaN,NaN,NaN,0,0
120,122,2,2,2,0,NaN,NaN,NaN,0,0
120,123,2,2,2,1,501,504,434,-5,0
120,124,2,2,2,0,NaN,NaN,NaN,0,0
120,125,2,2,1,0,NaN,NaN,NaN,0,0
120,126,2,2,2,0,NaN,NaN,NaN,0,0
120,127,2,2,1,0,NaN,NaN,NaN,0,0
120,128,2,2,2,0,NaN,NaN,NaN,0,0
120,129,2,2,2,0,NaN,NaN,NaN,0,0
120,130,2,2,1,0,NaN,NaN,NaN,0,0
120,131,2,2,2,0,NaN,NaN,NaN,0,0
120,132,2,2,1,0,NaN,NaN,NaN,0,0
120,133,2,2,1,0,NaN,NaN,NaN,0,0
120,134,2,2,2,0,NaN,NaN,NaN,0,0
120,135,2,2,1,0,NaN,NaN,NaN,0,0
120,136,2,2,2,1,391,489,444,-11,0
120,137,2,2,1,1,549,591,467,1,0
120,138,2,2,1,0,NaN,NaN,NaN,0,0
120,139,2,2,2,0,NaN,NaN,NaN,0,0
120,140,2,2,2,0,NaN,NaN,NaN,0,0
120,141,2,2,1,0,NaN,NaN,NaN,0,0
120,142,2,2,1,1,353,390,347,-3,0
120,143,2,2,1,0,NaN,NaN,NaN,0,0
120,144,2,2,2,0,NaN,NaN,NaN,0,0
120,145,2,2,1,1,336,400,311,-1,0
120,146,2,2,2,0,NaN,NaN,NaN,0,0
120,147,2,2,1,0,NaN,NaN,NaN,0,0
120,148,2,2,1,0,NaN,NaN,NaN,0,0
120,149,2,2,2,1,406,462,370,-2,0
120,150,2,2,2,1,289,357,285,1,0
120,151,2,2,1,0,NaN,NaN,NaN,0,0
120,152,2,2,2,1,425,427,344,0,0
120,153,2,2,2,0,NaN,NaN,NaN,0,0
120,154,2,2,2,0,NaN,NaN,NaN,0,0
120,155,2,2,1,1,35,329,285,-1,0
120,156,2,2,1,0,NaN,NaN,NaN,0,0
120,157,2,2,2,0,NaN,NaN,NaN,0,0
120,158,2,2,1,1,511,638,578,-1,0
120,159,2,2,1,0,NaN,NaN,NaN,0,0
120,160,2,2,1,0,NaN,NaN,NaN,0,0
121,1,2,1,1,1,482,484,414,0,0
121,2,2,1,1,1,389,494,347,1,0
121,3,2,1,1,0,NaN,NaN,NaN,0,0
121,4,2,1,2,1,413,436,407,0,0
121,5,2,1,1,0,NaN,NaN,NaN,0,0
121,6,2,1,1,1,409,NaN,406,0,0
121,7,2,1,2,1,374,459,454,1,0
121,8,2,1,1,1,551,NaN,560,2,0
121,9,2,1,2,1,402,405,344,3,0
121,10,2,1,1,1,399,NaN,302,4,0
121,11,2,1,2,1,377,413,352,5,0
121,12,2,1,2,1,416,NaN,425,6,0
121,13,2,1,1,0,NaN,NaN,NaN,0,0
121,14,2,1,1,1,522,NaN,434,0,0
121,15,2,1,2,0,NaN,NaN,NaN,0,0
121,16,2,1,1,1,427,NaN,348,0,0
121,17,2,1,1,1,46,448,341,1,0
121,18,2,1,1,1,530,568,440,2,0
121,19,2,1,2,1,409,467,403,3,0
121,20,2,1,1,1,363,402,333,4,0
121,21,2,1,1,0,NaN,NaN,NaN,0,0
121,22,2,1,2,1,162,368,363,0,0
121,23,2,1,1,0,NaN,NaN,NaN,0,0
121,24,2,1,2,1,303,321,223,0,0
121,25,2,1,2,0,NaN,NaN,NaN,0,0
121,26,2,1,2,1,305,331,250,0,0
121,27,2,1,2,1,386,436,315,1,0
121,28,2,1,2,0,NaN,NaN,NaN,0,0
121,29,2,1,2,1,402,437,397,0,0
121,30,2,1,1,1,326,361,337,1,0
121,31,2,1,2,1,345,408,372,2,0
121,32,2,1,2,1,108,403,367,3,0
121,33,2,1,1,1,388,390,335,4,0
121,34,2,1,2,0,NaN,NaN,NaN,0,0
121,35,2,1,2,0,NaN,NaN,NaN,0,0
121,36,2,1,1,1,348,407,275,-1,0
121,37,2,1,1,1,408,NaN,300,1,0
121,38,2,1,2,1,335,420,284,2,0
121,39,2,1,1,1,300,364,240,3,0
121,40,2,1,2,1,369,406,354,4,0
121,41,2,1,1,1,414,439,365,5,0
121,42,2,1,2,0,NaN,NaN,NaN,0,0
121,43,2,1,2,1,359,391,300,0,0
121,44,2,1,2,1,389,400,345,1,0
121,45,2,1,1,1,377,418,329,2,0
121,46,2,1,2,1,334,338,281,3,0
121,47,2,1,1,1,76,403,375,4,0
121,48,2,1,2,1,384,401,358,5,0
121,49,2,1,2,1,338,534,529,6,0
121,50,2,1,2,1,511,513,472,7,0
121,51,2,1,2,1,70,329,291,8,0
121,52,2,1,2,1,348,383,291,9,0
121,53,2,1,1,1,338,351,283,10,0
121,54,2,1,2,1,270,292,286,11,0
121,55,2,1,1,1,222,315,231,12,0
121,56,2,1,2,1,253,285,203,13,0
121,57,2,1,2,1,59,306,271,14,0
121,58,2,1,1,0,NaN,NaN,NaN,0,0
121,59,2,1,2,1,308,326,256,0,0
121,60,2,1,2,0,NaN,NaN,NaN,0,0
121,61,2,1,1,1,364,422,245,0,0
121,62,2,1,2,1,251,271,175,1,0
121,63,2,1,1,1,93,368,317,2,0
121,64,2,1,2,1,215,278,395,3,0
121,65,2,1,1,1,245,246,229,4,0
121,66,2,1,1,0,NaN,NaN,NaN,0,0
121,67,2,1,1,1,292,345,266,0,0
121,68,2,1,1,0,NaN,NaN,NaN,0,0
121,69,2,1,1,0,NaN,NaN,NaN,0,0
121,70,2,1,1,1,360,362,354,-1,0
121,71,2,1,1,1,362,402,305,1,0
121,72,2,1,1,1,307,356,280,2,0
121,73,2,1,1,0,NaN,NaN,NaN,0,0
121,74,2,1,2,1,277,312,259,0,0
121,75,2,1,2,0,NaN,NaN,NaN,0,0
121,76,2,1,2,0,NaN,NaN,NaN,0,0
121,77,2,1,1,1,277,328,286,-1,0
121,78,2,1,1,1,455,NaN,375,1,0
121,79,2,1,1,1,397,430,363,2,0
121,80,2,1,2,0,NaN,NaN,NaN,0,0
121,81,2,2,1,1,216,324,280,0,0
121,82,2,2,1,0,NaN,NaN,NaN,0,0
121,83,2,2,1,1,NaN,NaN,NaN,0,1
121,84,2,2,1,0,NaN,NaN,NaN,0,0
121,85,2,2,1,0,NaN,NaN,NaN,0,0
121,86,2,2,1,1,413,424,390,-1,0
121,87,2,2,1,0,NaN,NaN,NaN,0,0
121,88,2,2,2,0,NaN,NaN,NaN,0,0
121,89,2,2,1,0,NaN,NaN,NaN,0,0
121,90,2,2,2,0,NaN,NaN,NaN,0,0
121,91,2,2,2,0,NaN,NaN,NaN,0,0
121,92,2,2,2,1,407,441,342,-4,0
121,93,2,2,1,0,NaN,NaN,NaN,0,0
121,94,2,2,2,0,NaN,NaN,NaN,0,0
121,95,2,2,2,0,NaN,NaN,NaN,0,0
121,96,2,2,2,0,NaN,NaN,NaN,0,0
121,97,2,2,2,0,NaN,NaN,NaN,0,0
121,98,2,2,2,0,NaN,NaN,NaN,0,0
121,99,2,2,2,1,435,452,396,-5,0
121,100,2,2,2,0,NaN,NaN,NaN,0,0
121,101,2,2,1,0,NaN,NaN,NaN,0,0
121,102,2,2,1,0,NaN,NaN,NaN,0,0
121,103,2,2,1,0,NaN,NaN,NaN,0,0
121,104,2,2,1,0,NaN,NaN,NaN,0,0
121,105,2,2,2,0,NaN,NaN,NaN,0,0
121,106,2,2,1,1,355,385,337,-5,0
121,107,2,2,2,1,406,458,379,1,0
121,108,2,2,2,0,NaN,NaN,NaN,0,0
121,109,2,2,1,0,NaN,NaN,NaN,0,0
121,110,2,2,2,1,42,465,422,-1,0
121,111,2,2,1,1,286,310,251,1,0
121,112,2,2,1,0,NaN,NaN,NaN,0,0
121,113,2,2,2,0,NaN,NaN,NaN,0,0
121,114,2,2,1,0,NaN,NaN,NaN,0,0
121,115,2,2,2,0,NaN,NaN,NaN,0,0
121,116,2,2,2,1,387,425,397,-3,0
121,117,2,2,2,0,NaN,NaN,NaN,0,0
121,118,2,2,2,0,NaN,NaN,NaN,0,0
121,119,2,2,1,0,NaN,NaN,NaN,0,0
121,120,2,2,1,0,NaN,NaN,NaN,0,0
121,121,2,2,2,0,NaN,NaN,NaN,0,0
121,122,2,2,2,0,NaN,NaN,NaN,0,0
121,123,2,2,2,1,484,542,463,-5,0
121,124,2,2,2,0,NaN,NaN,NaN,0,0
121,125,2,2,1,0,NaN,NaN,NaN,0,0
121,126,2,2,2,0,NaN,NaN,NaN,0,0
121,127,2,2,1,0,NaN,NaN,NaN,0,0
121,128,2,2,2,0,NaN,NaN,NaN,0,0
121,129,2,2,2,0,NaN,NaN,NaN,0,0
121,130,2,2,1,0,NaN,NaN,NaN,0,0
121,131,2,2,2,0,NaN,NaN,NaN,0,0
121,132,2,2,1,0,NaN,NaN,NaN,0,0
121,133,2,2,1,0,NaN,NaN,NaN,0,0
121,134,2,2,2,0,NaN,NaN,NaN,0,0
121,135,2,2,1,0,NaN,NaN,NaN,0,0
121,136,2,2,2,1,442,454,437,-11,0
121,137,2,2,1,1,434,461,396,1,0
121,138,2,2,1,0,NaN,NaN,NaN,0,0
121,139,2,2,2,0,NaN,NaN,NaN,0,0
121,140,2,2,2,0,NaN,NaN,NaN,0,0
121,141,2,2,1,0,NaN,NaN,NaN,0,0
121,142,2,2,1,1,318,358,328,-3,0
121,143,2,2,1,0,NaN,NaN,NaN,0,0
121,144,2,2,2,0,NaN,NaN,NaN,0,0
121,145,2,2,1,1,403,418,374,-1,0
121,146,2,2,2,0,NaN,NaN,NaN,0,0
121,147,2,2,1,0,NaN,NaN,NaN,0,0
121,148,2,2,1,0,NaN,NaN,NaN,0,0
121,149,2,2,2,1,260,317,312,-2,0
121,150,2,2,2,1,338,382,334,1,0
121,151,2,2,1,0,NaN,NaN,NaN,0,0
121,152,2,2,2,1,279,294,251,0,0
121,153,2,2,2,0,NaN,NaN,NaN,0,0
121,154,2,2,2,0,NaN,NaN,NaN,0,0
121,155,2,2,1,1,176,305,289,-1,0
121,156,2,2,1,0,NaN,NaN,NaN,0,0
122,1,2,1,1,1,293,332,302,0,0
122,2,2,1,1,1,461,463,423,1,0
122,3,2,1,1,0,NaN,NaN,NaN,0,0
122,4,2,1,2,1,222,388,322,0,0
122,5,2,1,1,0,NaN,NaN,NaN,0,0
122,6,2,1,1,1,364,430,375,0,0
122,7,2,1,2,1,394,397,335,1,0
122,8,2,1,1,1,421,501,390,2,0
122,9,2,1,2,1,264,322,234,3,0
122,10,2,1,1,1,NaN,NaN,NaN,4,1
122,11,2,1,2,1,229,254,195,5,0
122,12,2,1,2,1,261,404,355,6,0
122,13,2,1,1,0,NaN,NaN,NaN,0,0
122,14,2,1,1,1,124,281,275,0,0
122,15,2,1,2,0,NaN,NaN,NaN,0,0
122,16,2,1,1,1,184,368,231,0,0
122,17,2,1,1,1,354,380,306,1,0
122,18,2,1,1,1,448,539,409,2,0
122,19,2,1,2,1,286,481,436,3,0
122,20,2,1,1,1,312,372,321,4,0
122,21,2,1,1,0,NaN,NaN,NaN,0,0
122,22,2,1,2,1,210,212,184,0,0
122,23,2,1,1,0,NaN,NaN,NaN,0,0
122,24,2,1,2,1,287,307,236,0,0
122,25,2,1,2,0,NaN,NaN,NaN,0,0
122,26,2,1,2,1,404,441,290,0,0
122,27,2,1,2,1,255,353,266,1,0
122,28,2,1,2,0,NaN,NaN,NaN,0,0
122,29,2,1,2,1,136,388,327,0,0
122,30,2,1,1,1,275,388,247,1,0
122,31,2,1,2,1,215,216,184,2,0
122,32,2,1,2,1,374,426,299,3,0
122,33,2,1,1,1,32,278,209,4,0
122,34,2,1,2,0,NaN,NaN,NaN,0,0
122,35,2,1,2,0,NaN,NaN,NaN,0,0
122,36,2,1,1,1,88,318,272,-1,0
122,37,2,1,1,1,518,572,526,1,0
122,38,2,1,2,1,224,257,198,2,0
122,39,2,1,1,1,366,368,377,3,0
122,40,2,1,2,1,35,277,299,4,0
122,41,2,1,1,1,445,493,414,5,0
122,42,2,1,2,0,NaN,NaN,NaN,0,0
122,43,2,1,2,1,139,444,410,0,0
122,44,2,1,2,1,98,491,574,1,0
122,45,2,1,1,1,260,262,197,2,0
122,46,2,1,2,1,225,276,197,3,0
122,47,2,1,1,1,217,244,182,4,0
122,48,2,1,2,1,317,496,439,5,0
122,49,2,1,2,1,213,236,208,6,0
122,50,2,1,2,1,269,283,263,7,0
122,51,2,1,2,1,257,259,200,8,0
122,52,2,1,2,1,218,250,213,9,0
122,53,2,1,1,1,318,NaN,247,10,0
122,54,2,1,2,1,266,426,354,11,0
122,55,2,1,1,1,211,229,153,12,0
122,56,2,1,2,1,244,246,239,13,0
122,57,2,1,2,1,279,303,261,14,0
122,58,2,1,1,0,NaN,NaN,NaN,0,0
122,59,2,1,2,1,310,335,469,0,0
122,60,2,1,2,0,NaN,NaN,NaN,0,0
122,61,2,1,1,1,252,275,246,0,0
122,62,2,1,2,1,230,232,216,1,0
122,63,2,1,1,1,208,210,219,2,0
122,64,2,1,2,1,408,410,382,3,0
122,65,2,1,1,1,281,331,229,4,0
122,66,2,1,1,0,NaN,NaN,NaN,0,0
122,67,2,1,1,1,240,255,205,0,0
122,68,2,1,1,0,NaN,NaN,NaN,0,0
122,69,2,1,1,0,NaN,NaN,NaN,0,0
122,70,2,1,1,1,255,278,226,-1,0
122,71,2,1,1,1,51,263,248,1,0
122,72,2,1,1,1,257,290,196,2,0
122,73,2,1,1,0,NaN,NaN,NaN,0,0
122,74,2,1,2,1,281,314,251,0,0
122,75,2,1,2,0,NaN,NaN,NaN,0,0
122,76,2,1,2,0,NaN,NaN,NaN,0,0
122,77,2,1,1,1,306,348,282,-1,0
122,78,2,1,1,1,464,465,417,1,0
122,79,2,1,1,1,476,NaN,447,2,0
122,80,2,1,2,0,NaN,NaN,NaN,0,0
122,81,2,2,1,1,227,243,208,0,0
122,82,2,2,1,0,NaN,NaN,NaN,0,0
122,83,2,2,1,1,319,399,299,0,0
122,84,2,2,1,0,NaN,NaN,NaN,0,0
122,85,2,2,1,0,NaN,NaN,NaN,0,0
122,86,2,2,1,1,555,608,489,-1,0
122,87,2,2,1,0,NaN,NaN,NaN,0,0
122,88,2,2,2,0,NaN,NaN,NaN,0,0
122,89,2,2,1,0,NaN,NaN,NaN,0,0
122,90,2,2,2,0,NaN,NaN,NaN,0,0
122,91,2,2,2,0,NaN,NaN,NaN,0,0
122,92,2,2,2,1,260,NaN,269,-4,0
122,93,2,2,1,0,NaN,NaN,NaN,0,0
122,94,2,2,2,0,NaN,NaN,NaN,0,0
122,95,2,2,2,0,NaN,NaN,NaN,0,0
122,96,2,2,2,0,NaN,NaN,NaN,0,0
122,97,2,2,2,0,NaN,NaN,NaN,0,0
122,98,2,2,2,0,NaN,NaN,NaN,0,0
122,99,2,2,2,1,226,336,343,-5,0
122,100,2,2,2,0,NaN,NaN,NaN,0,0
122,101,2,2,1,0,NaN,NaN,NaN,0,0
122,102,2,2,1,0,NaN,NaN,NaN,0,0
122,103,2,2,1,0,NaN,NaN,NaN,0,0
122,104,2,2,1,0,NaN,NaN,NaN,0,0
122,105,2,2,2,0,NaN,NaN,NaN,0,0
122,106,2,2,1,1,385,425,361,-5,0
122,107,2,2,2,1,93,308,231,1,0
122,108,2,2,2,0,NaN,NaN,NaN,0,0
122,109,2,2,1,0,NaN,NaN,NaN,0,0
122,110,2,2,2,1,222,284,255,-1,0
122,111,2,2,1,1,299,311,257,1,0
122,112,2,2,1,0,NaN,NaN,NaN,0,0
122,113,2,2,2,0,NaN,NaN,NaN,0,0
122,114,2,2,1,0,NaN,NaN,NaN,0,0
122,115,2,2,2,0,NaN,NaN,NaN,0,0
122,116,2,2,2,1,260,310,270,-3,0
122,117,2,2,2,0,NaN,NaN,NaN,0,0
122,118,2,2,2,0,NaN,NaN,NaN,0,0
122,119,2,2,1,0,NaN,NaN,NaN,0,0
122,120,2,2,1,0,NaN,NaN,NaN,0,0
122,121,2,2,2,0,NaN,NaN,NaN,0,0
122,122,2,2,2,0,NaN,NaN,NaN,0,0
122,123,2,2,2,1,387,405,347,-5,0
122,124,2,2,2,0,NaN,NaN,NaN,0,0
122,125,2,2,1,0,NaN,NaN,NaN,0,0
122,126,2,2,2,0,NaN,NaN,NaN,0,0
122,127,2,2,1,0,NaN,NaN,NaN,0,0
122,128,2,2,2,0,NaN,NaN,NaN,0,0
122,129,2,2,2,0,NaN,NaN,NaN,0,0
122,130,2,2,1,0,NaN,NaN,NaN,0,0
122,131,2,2,2,0,NaN,NaN,NaN,0,0
122,132,2,2,1,0,NaN,NaN,NaN,0,0
122,133,2,2,1,0,NaN,NaN,NaN,0,0
122,134,2,2,2,0,NaN,NaN,NaN,0,0
122,135,2,2,1,0,NaN,NaN,NaN,0,0
122,136,2,2,2,1,324,345,274,-11,0
122,137,2,2,1,1,320,363,371,1,0
122,138,2,2,1,0,NaN,NaN,NaN,0,0
122,139,2,2,2,0,NaN,NaN,NaN,0,0
122,140,2,2,2,0,NaN,NaN,NaN,0,0
122,141,2,2,1,0,NaN,NaN,NaN,0,0
122,142,2,2,1,1,310,331,263,-3,0
122,143,2,2,1,0,NaN,NaN,NaN,0,0
122,144,2,2,2,0,NaN,NaN,NaN,0,0
122,145,2,2,1,1,331,349,287,-1,0
122,146,2,2,2,0,NaN,NaN,NaN,0,0
122,147,2,2,1,0,NaN,NaN,NaN,0,0
122,148,2,2,1,0,NaN,NaN,NaN,0,0
122,149,2,2,2,1,NaN,NaN,NaN,-2,1
122,150,2,2,2,1,NaN,NaN,NaN,1,1
122,151,2,2,1,0,NaN,NaN,NaN,0,0
122,152,2,2,2,1,351,352,347,0,0
122,153,2,2,2,0,NaN,NaN,NaN,0,0
122,154,2,2,2,0,NaN,NaN,NaN,0,0
122,155,2,2,1,1,275,290,248,-1,0
122,156,2,2,1,0,NaN,NaN,NaN,0,0
122,157,2,2,2,0,NaN,NaN,NaN,0,0
122,158,2,2,1,1,319,341,273,-1,0
122,159,2,2,1,0,NaN,NaN,NaN,0,0
122,160,2,2,1,0,NaN,NaN,NaN,0,0
123,1,2,1,1,1,374,416,359,0,0
123,2,2,1,1,1,516,544,414,1,0
123,3,2,1,1,0,NaN,NaN,NaN,0,0
123,4,2,1,2,1,364,428,335,0,0
123,5,2,1,1,0,NaN,NaN,NaN,0,0
123,6,2,1,1,1,315,318,270,0,0
123,7,2,1,2,1,338,428,297,1,0
123,8,2,1,1,1,367,395,311,2,0
123,9,2,1,2,1,NaN,NaN,NaN,3,1
123,10,2,1,1,1,NaN,NaN,NaN,4,1
123,11,2,1,2,1,272,299,232,5,0
123,12,2,1,2,1,255,266,261,6,0
123,13,2,1,1,0,NaN,NaN,NaN,0,0
123,14,2,1,1,1,253,254,249,0,0
123,15,2,1,2,0,NaN,NaN,NaN,0,0
123,16,2,1,1,1,250,310,195,0,0
123,17,2,1,1,1,477,549,461,1,0
123,18,2,1,1,1,279,430,350,2,0
123,19,2,1,2,1,258,276,185,3,0
123,20,2,1,1,1,216,295,152,4,0
123,21,2,1,1,0,NaN,NaN,NaN,0,0
123,22,2,1,2,1,295,310,248,0,0
123,23,2,1,1,0,NaN,NaN,NaN,0,0
123,24,2,1,2,1,283,297,231,0,0
123,25,2,1,2,0,NaN,NaN,NaN,0,0
123,26,2,1,2,1,336,414,290,0,0
123,27,2,1,2,1,358,426,418,1,0
123,28,2,1,2,0,NaN,NaN,NaN,0,0
123,29,2,1,2,1,259,310,253,0,0
123,30,2,1,1,1,540,553,424,1,0
123,31,2,1,2,1,277,303,230,2,0
123,32,2,1,2,1,NaN,NaN,NaN,3,1
123,33,2,1,1,1,NaN,NaN,209,4,0
123,34,2,1,2,0,NaN,NaN,NaN,0,0
123,35,2,1,2,0,NaN,NaN,NaN,0,0
123,36,2,1,1,1,348,NaN,343,-1,0
123,37,2,1,1,1,560,586,493,1,0
123,38,2,1,2,1,276,297,212,2,0
123,39,2,1,1,1,271,371,237,3,0
123,40,2,1,2,1,NaN,NaN,NaN,4,1
123,41,2,1,1,1,83,352,295,5,0
123,42,2,1,2,0,NaN,NaN,NaN,0,0
123,43,2,1,2,1,330,NaN,279,0,0
123,44,2,1,2,1,427,NaN,422,1,0
123,45,2,1,1,1,NaN,NaN,NaN,2,1
123,46,2,1,2,1,NaN,NaN,395,3,0
123,47,2,1,1,1,221,383,332,4,0
123,48,2,1,2,1,NaN,NaN,NaN,5,1
123,49,2,1,2,1,378,NaN,314,6,0
123,50,2,1,2,1,226,284,234,7,0
123,51,2,1,2,1,438,550,393,8,0
123,52,2,1,2,1,335,NaN,331,9,0
123,53,2,1,1,1,333,456,410,10,0
123,54,2,1,2,1,196,258,233,11,0
123,55,2,1,1,1,271,NaN,345,12,0
123,56,2,1,2,1,320,334,267,13,0
123,57,2,1,2,1,390,NaN,372,14,0
123,58,2,1,1,0,NaN,NaN,NaN,0,0
123,59,2,1,2,1,NaN,NaN,343,0,0
123,60,2,1,2,0,NaN,NaN,NaN,0,0
123,61,2,1,1,1,427,445,393,0,0
123,62,2,1,2,1,379,NaN,319,1,0
123,63,2,1,1,1,283,285,313,2,0
123,64,2,1,2,1,NaN,NaN,389,3,0
123,65,2,1,1,1,217,NaN,214,4,0
123,66,2,1,1,0,NaN,NaN,NaN,0,0
123,67,2,1,1,1,NaN,NaN,311,0,0
123,68,2,1,1,0,NaN,NaN,NaN,0,0
123,69,2,1,1,0,NaN,NaN,NaN,0,0
123,70,2,1,1,1,400,402,301,-1,0
123,71,2,1,1,1,273,275,245,1,0
123,72,2,1,1,1,259,288,240,2,0
123,73,2,1,1,0,NaN,NaN,NaN,0,0
123,74,2,1,2,1,304,NaN,233,0,0
123,75,2,1,2,0,NaN,NaN,NaN,0,0
123,76,2,1,2,0,NaN,NaN,NaN,0,0
123,77,2,1,1,1,115,317,222,-1,0
123,78,2,1,1,1,331,424,363,1,0
123,79,2,1,1,1,279,519,471,2,0
123,80,2,1,2,0,NaN,NaN,NaN,0,0
123,81,2,2,1,1,503,566,512,0,0
123,82,2,2,1,0,NaN,NaN,NaN,0,0
123,83,2,2,1,1,407,NaN,312,0,0
123,84,2,2,1,0,NaN,NaN,NaN,0,0
123,85,2,2,1,0,NaN,NaN,NaN,0,0
123,86,2,2,1,1,NaN,NaN,296,-1,0
123,87,2,2,1,0,NaN,NaN,NaN,0,0
123,88,2,2,2,0,NaN,NaN,NaN,0,0
123,89,2,2,1,0,NaN,NaN,NaN,0,0
123,90,2,2,2,0,NaN,NaN,NaN,0,0
123,91,2,2,2,0,NaN,NaN,NaN,0,0
123,92,2,2,2,1,439,492,347,-4,0
123,93,2,2,1,0,NaN,NaN,NaN,0,0
123,94,2,2,2,0,NaN,NaN,NaN,0,0
123,95,2,2,2,0,NaN,NaN,NaN,0,0
123,96,2,2,2,0,NaN,NaN,NaN,0,0
123,97,2,2,2,0,NaN,NaN,NaN,0,0
123,98,2,2,2,0,NaN,NaN,NaN,0,0
123,99,2,2,2,1,482,536,434,-5,0
123,100,2,2,2,0,NaN,NaN,NaN,0,0
123,101,2,2,1,0,NaN,NaN,NaN,0,0
123,102,2,2,1,0,NaN,NaN,NaN,0,0
123,103,2,2,1,0,NaN,NaN,NaN,0,0
123,104,2,2,1,0,NaN,NaN,NaN,0,0
123,105,2,2,2,0,NaN,NaN,NaN,0,0
123,106,2,2,1,1,330,493,430,-5,0
123,107,2,2,2,1,345,425,311,1,0
123,108,2,2,2,0,NaN,NaN,NaN,0,0
123,109,2,2,1,0,NaN,NaN,NaN,0,0
123,110,2,2,2,1,297,393,291,-1,0
123,111,2,2,1,1,394,432,381,1,0
123,112,2,2,1,0,NaN,NaN,NaN,0,0
123,113,2,2,2,0,NaN,NaN,NaN,0,0
123,114,2,2,1,0,NaN,NaN,NaN,0,0
123,115,2,2,2,0,NaN,NaN,NaN,0,0
123,116,2,2,2,1,348,375,343,-3,0
123,117,2,2,2,0,NaN,NaN,NaN,0,0
123,118,2,2,2,0,NaN,NaN,NaN,0,0
123,119,2,2,1,0,NaN,NaN,NaN,0,0
123,120,2,2,1,0,NaN,NaN,NaN,0,0
123,121,2,2,2,0,NaN,NaN,NaN,0,0
123,122,2,2,2,0,NaN,NaN,NaN,0,0
123,123,2,2,2,1,433,436,400,-5,0
123,124,2,2,2,0,NaN,NaN,NaN,0,0
123,125,2,2,1,0,NaN,NaN,NaN,0,0
123,126,2,2,2,0,NaN,NaN,NaN,0,0
123,127,2,2,1,0,NaN,NaN,NaN,0,0
123,128,2,2,2,0,NaN,NaN,NaN,0,0
123,129,2,2,2,0,NaN,NaN,NaN,0,0
123,130,2,2,1,0,NaN,NaN,NaN,0,0
123,131,2,2,2,0,NaN,NaN,NaN,0,0
123,132,2,2,1,0,NaN,NaN,NaN,0,0
123,133,2,2,1,0,NaN,NaN,NaN,0,0
123,134,2,2,2,0,NaN,NaN,NaN,0,0
123,135,2,2,1,0,NaN,NaN,NaN,0,0
123,136,2,2,2,1,375,429,361,-11,0
123,137,2,2,1,1,144,351,285,1,0
123,138,2,2,1,0,NaN,NaN,NaN,0,0
123,139,2,2,2,0,NaN,NaN,NaN,0,0
123,140,2,2,2,0,NaN,NaN,NaN,0,0
123,141,2,2,1,0,NaN,NaN,NaN,0,0
123,142,2,2,1,1,369,386,320,-3,0
123,143,2,2,1,0,NaN,NaN,NaN,0,0
123,144,2,2,2,0,NaN,NaN,NaN,0,0
123,145,2,2,1,1,415,434,378,-1,0
123,146,2,2,2,0,NaN,NaN,NaN,0,0
123,147,2,2,1,0,NaN,NaN,NaN,0,0
123,148,2,2,1,0,NaN,NaN,NaN,0,0
123,149,2,2,2,1,277,314,270,-2,0
123,150,2,2,2,1,36,337,272,1,0
123,151,2,2,1,0,NaN,NaN,NaN,0,0
123,152,2,2,2,1,NaN,NaN,NaN,0,1
123,153,2,2,2,0,NaN,NaN,NaN,0,0
123,154,2,2,2,0,NaN,NaN,NaN,0,0
123,155,2,2,1,1,347,NaN,290,-1,0
123,156,2,2,1,0,NaN,NaN,NaN,0,0
123,157,2,2,2,0,NaN,NaN,NaN,0,0
123,158,2,2,1,1,340,377,318,-1,0
123,159,2,2,1,0,NaN,NaN,NaN,0,0
123,160,2,2,1,0,NaN,NaN,NaN,0,0
124,1,2,1,1,1,454,486,448,0,0
124,2,2,1,1,1,339,367,313,1,0
124,3,2,1,1,0,NaN,NaN,NaN,0,0
124,4,2,1,2,1,311,NaN,231,0,0
124,5,2,1,1,0,NaN,NaN,NaN,0,0
124,6,2,1,1,1,239,249,219,0,0
124,7,2,1,2,1,290,334,244,1,0
124,8,2,1,1,1,238,273,179,2,0
124,9,2,1,2,1,281,283,235,3,0
124,10,2,1,1,1,294,304,280,4,0
124,11,2,1,2,1,206,347,255,5,0
124,12,2,1,2,1,396,416,381,6,0
124,13,2,1,1,0,NaN,NaN,NaN,0,0
124,14,2,1,1,1,58,298,256,0,0
124,15,2,1,2,0,NaN,NaN,NaN,0,0
124,16,2,1,1,1,270,315,265,0,0
124,17,2,1,1,1,301,341,282,1,0
124,18,2,1,1,1,389,403,321,2,0
124,19,2,1,2,1,315,496,232,3,0
124,20,2,1,1,1,222,317,325,4,0
124,21,2,1,1,0,NaN,NaN,NaN,0,0
124,22,2,1,2,1,255,277,239,0,0
124,23,2,1,1,0,NaN,NaN,NaN,0,0
124,24,2,1,2,1,322,NaN,292,0,0
124,25,2,1,2,0,NaN,NaN,NaN,0,0
124,26,2,1,2,1,340,367,316,0,0
124,27,2,1,2,1,350,395,284,1,0
124,28,2,1,2,0,NaN,NaN,NaN,0,0
124,29,2,1,2,1,324,362,278,0,0
124,30,2,1,1,1,323,325,319,1,0
124,31,2,1,2,1,233,325,217,2,0
124,32,2,1,2,1,294,316,226,3,0
124,33,2,1,1,1,294,305,289,4,0
124,34,2,1,2,0,NaN,NaN,NaN,0,0
124,35,2,1,2,0,NaN,NaN,NaN,0,0
124,36,2,1,1,1,327,337,283,-1,0
124,37,2,1,1,1,358,413,353,1,0
124,38,2,1,2,1,453,489,364,2,0
124,39,2,1,1,1,328,420,299,3,0
124,40,2,1,2,1,239,261,231,4,0
124,41,2,1,1,1,221,253,217,5,0
124,42,2,1,2,0,NaN,NaN,NaN,0,0
124,43,2,1,2,1,204,300,295,0,0
124,44,2,1,2,1,286,309,250,1,0
124,45,2,1,1,1,238,253,232,2,0
124,46,2,1,2,1,138,406,344,3,0
124,47,2,1,1,1,329,335,282,4,0
124,48,2,1,2,1,408,441,401,5,0
124,49,2,1,2,1,333,371,267,6,0
124,50,2,1,2,1,332,354,281,7,0
124,51,2,1,2,1,343,366,278,8,0
124,52,2,1,2,1,302,335,226,9,0
124,53,2,1,1,1,336,352,321,10,0
124,54,2,1,2,1,237,301,233,11,0
124,55,2,1,1,1,223,241,210,12,0
124,56,2,1,2,1,321,323,260,13,0
124,57,2,1,2,1,294,432,198,14,0
124,58,2,1,1,0,NaN,NaN,NaN,0,0
124,59,2,1,2,1,298,345,215,0,0
124,60,2,1,2,0,NaN,NaN,NaN,0,0
124,61,2,1,1,1,327,382,267,0,0
124,62,2,1,2,1,244,341,256,1,0
124,63,2,1,1,1,280,296,257,2,0
124,64,2,1,2,1,297,342,269,3,0
124,65,2,1,1,1,264,298,232,4,0
124,66,2,1,1,0,NaN,NaN,NaN,0,0
124,67,2,1,1,1,227,230,238,0,0
124,68,2,1,1,0,NaN,NaN,NaN,0,0
124,69,2,1,1,0,NaN,NaN,NaN,0,0
124,70,2,1,1,1,284,311,242,-1,0
124,71,2,1,1,1,340,341,336,1,0
124,72,2,1,1,1,545,561,540,2,0
124,73,2,1,1,0,NaN,NaN,NaN,0,0
124,74,2,1,2,1,282,357,277,0,0
124,75,2,1,2,0,NaN,NaN,NaN,0,0
124,76,2,1,2,0,NaN,NaN,NaN,0,0
124,77,2,1,1,1,244,293,240,-1,0
124,78,2,1,1,1,296,384,346,1,0
124,79,2,1,1,1,281,327,275,2,0
124,80,2,1,2,0,NaN,NaN,NaN,0,0
124,81,2,2,1,1,235,246,226,0,0
124,82,2,2,1,0,NaN,NaN,NaN,0,0
124,83,2,2,1,1,332,369,304,0,0
124,84,2,2,1,0,NaN,NaN,NaN,0,0
124,85,2,2,1,0,NaN,NaN,NaN,0,0
124,86,2,2,1,1,333,NaN,329,-1,0
124,87,2,2,1,0,NaN,NaN,NaN,0,0
124,88,2,2,2,0,NaN,NaN,NaN,0,0
124,89,2,2,1,0,NaN,NaN,NaN,0,0
124,90,2,2,2,0,NaN,NaN,NaN,0,0
124,91,2,2,2,0,NaN,NaN,NaN,0,0
124,92,2,2,2,1,384,399,322,-4,0
124,93,2,2,1,0,NaN,NaN,NaN,0,0
124,94,2,2,2,0,NaN,NaN,NaN,0,0
124,95,2,2,2,0,NaN,NaN,NaN,0,0
124,96,2,2,2,0,NaN,NaN,NaN,0,0
124,97,2,2,2,0,NaN,NaN,NaN,0,0
124,98,2,2,2,0,NaN,NaN,NaN,0,0
124,99,2,2,2,1,192,336,307,-5,0
124,100,2,2,2,0,NaN,NaN,NaN,0,0
124,101,2,2,1,0,NaN,NaN,NaN,0,0
124,102,2,2,1,0,NaN,NaN,NaN,0,0
124,103,2,2,1,0,NaN,NaN,NaN,0,0
124,104,2,2,1,0,NaN,NaN,NaN,0,0
124,105,2,2,2,0,NaN,NaN,NaN,0,0
124,106,2,2,1,1,378,380,351,-5,0
124,107,2,2,2,1,292,331,269,1,0
124,108,2,2,2,0,NaN,NaN,NaN,0,0
124,109,2,2,1,0,NaN,NaN,NaN,0,0
124,110,2,2,2,1,309,310,239,-1,0
124,111,2,2,1,1,269,284,243,1,0
124,112,2,2,1,0,NaN,NaN,NaN,0,0
124,113,2,2,2,0,NaN,NaN,NaN,0,0
124,114,2,2,1,0,NaN,NaN,NaN,0,0
124,115,2,2,2,0,NaN,NaN,NaN,0,0
124,116,2,2,2,1,341,356,289,-3,0
124,117,2,2,2,0,NaN,NaN,NaN,0,0
124,118,2,2,2,0,NaN,NaN,NaN,0,0
124,119,2,2,1,0,NaN,NaN,NaN,0,0
124,120,2,2,1,0,NaN,NaN,NaN,0,0
124,121,2,2,2,0,NaN,NaN,NaN,0,0
124,122,2,2,2,0,NaN,NaN,NaN,0,0
124,123,2,2,2,1,353,382,313,-5,0
124,124,2,2,2,0,NaN,NaN,NaN,0,0
124,125,2,2,1,0,NaN,NaN,NaN,0,0
124,126,2,2,2,0,NaN,NaN,NaN,0,0
124,127,2,2,1,0,NaN,NaN,NaN,0,0
124,128,2,2,2,0,NaN,NaN,NaN,0,0
124,129,2,2,2,0,NaN,NaN,NaN,0,0
124,130,2,2,1,0,NaN,NaN,NaN,0,0
124,131,2,2,2,0,NaN,NaN,NaN,0,0
124,132,2,2,1,0,NaN,NaN,NaN,0,0
124,133,2,2,1,0,NaN,NaN,NaN,0,0
124,134,2,2,2,0,NaN,NaN,NaN,0,0
124,135,2,2,1,0,NaN,NaN,NaN,0,0
124,136,2,2,2,1,332,NaN,288,-11,0
124,137,2,2,1,1,295,334,251,1,0
124,138,2,2,1,0,NaN,NaN,NaN,0,0
124,139,2,2,2,0,NaN,NaN,NaN,0,0
124,140,2,2,2,0,NaN,NaN,NaN,0,0
124,141,2,2,1,0,NaN,NaN,NaN,0,0
124,142,2,2,1,1,300,366,326,-3,0
124,143,2,2,1,0,NaN,NaN,NaN,0,0
124,144,2,2,2,0,NaN,NaN,NaN,0,0
124,145,2,2,1,1,320,322,296,-1,0
124,146,2,2,2,0,NaN,NaN,NaN,0,0
124,147,2,2,1,0,NaN,NaN,NaN,0,0
124,148,2,2,1,0,NaN,NaN,NaN,0,0
124,149,2,2,2,1,267,281,214,-2,0
124,150,2,2,2,1,355,372,333,1,0
124,151,2,2,1,0,NaN,NaN,NaN,0,0
124,152,2,2,2,1,399,429,373,0,0
124,153,2,2,2,0,NaN,NaN,NaN,0,0
124,154,2,2,2,0,NaN,NaN,NaN,0,0
124,155,2,2,1,1,377,379,330,-1,0
124,156,2,2,1,0,NaN,NaN,NaN,0,0
124,157,2,2,2,0,NaN,NaN,NaN,0,0
124,158,2,2,1,1,429,469,370,-1,0
124,159,2,2,1,0,NaN,NaN,NaN,0,0
124,160,2,2,1,0,NaN,NaN,NaN,0,0
125,1,2,1,1,1,203,206,176,0,0
125,2,2,1,1,1,368,381,350,1,0
125,3,2,1,1,0,NaN,NaN,NaN,0,0
125,4,2,1,2,1,214,216,223,0,0
125,5,2,1,1,0,NaN,NaN,NaN,0,0
125,6,2,1,1,1,200,201,169,0,0
125,7,2,1,2,1,320,322,181,1,0
125,8,2,1,1,1,NaN,NaN,184,2,0
125,9,2,1,2,1,420,448,415,3,0
125,10,2,1,1,1,NaN,NaN,NaN,4,1
125,11,2,1,2,1,242,245,182,5,0
125,12,2,1,2,1,408,433,332,6,0
125,13,2,1,1,0,NaN,NaN,NaN,0,0
125,14,2,1,1,1,173,186,142,0,0
125,15,2,1,2,0,NaN,NaN,NaN,0,0
125,16,2,1,1,1,218,219,194,0,0
125,17,2,1,1,1,234,353,157,1,0
125,18,2,1,1,1,248,379,354,2,0
125,19,2,1,2,1,349,371,241,3,0
125,20,2,1,1,1,344,349,317,4,0
125,21,2,1,1,0,NaN,NaN,NaN,0,0
125,22,2,1,2,1,301,328,262,0,0
125,23,2,1,1,0,NaN,NaN,NaN,0,0
125,24,2,1,2,1,250,308,202,0,0
125,25,2,1,2,0,NaN,NaN,NaN,0,0
125,26,2,1,2,1,162,221,204,0,0
125,27,2,1,2,1,339,359,333,1,0
125,28,2,1,2,0,NaN,NaN,NaN,0,0
125,29,2,1,2,1,198,234,158,0,0
125,30,2,1,1,1,265,279,247,1,0
125,31,2,1,2,1,229,259,216,2,0
125,32,2,1,2,1,318,331,293,3,0
125,33,2,1,1,1,358,379,353,4,0
125,34,2,1,2,0,NaN,NaN,NaN,0,0
125,35,2,1,2,0,NaN,NaN,NaN,0,0
125,36,2,1,1,1,150,183,194,-1,0
125,37,2,1,1,1,185,197,151,1,0
125,38,2,1,2,1,292,295,237,2,0
125,39,2,1,1,1,312,324,291,3,0
125,40,2,1,2,1,329,394,363,4,0
125,41,2,1,1,1,209,222,166,5,0
125,42,2,1,2,0,NaN,NaN,NaN,0,0
125,43,2,1,2,1,244,292,286,0,0
125,44,2,1,2,1,318,343,278,1,0
125,45,2,1,1,1,207,237,180,2,0
125,46,2,1,2,1,280,313,275,3,0
125,47,2,1,1,1,288,289,266,4,0
125,48,2,1,2,1,251,262,212,5,0
125,49,2,1,2,1,345,360,328,6,0
125,50,2,1,2,1,44,432,383,7,0
125,51,2,1,2,1,278,292,274,8,0
125,52,2,1,2,1,350,379,322,9,0
125,53,2,1,1,1,145,225,195,10,0
125,54,2,1,2,1,329,345,258,11,0
125,55,2,1,1,1,206,233,193,12,0
125,56,2,1,2,1,138,262,272,13,0
125,57,2,1,2,1,192,412,389,14,0
125,58,2,1,1,0,NaN,NaN,NaN,0,0
125,59,2,1,2,1,143,258,208,0,0
125,60,2,1,2,0,NaN,NaN,NaN,0,0
125,61,2,1,1,1,182,230,205,0,0
125,62,2,1,2,1,320,358,313,1,0
125,63,2,1,1,1,192,214,177,2,0
125,64,2,1,2,1,316,330,268,3,0
125,65,2,1,1,1,224,226,204,4,0
125,66,2,1,1,0,NaN,NaN,NaN,0,0
125,67,2,1,1,1,217,263,189,0,0
125,68,2,1,1,0,NaN,NaN,NaN,0,0
125,69,2,1,1,0,NaN,NaN,NaN,0,0
125,70,2,1,1,1,325,368,308,-1,0
125,71,2,1,1,1,249,273,207,1,0
125,72,2,1,1,1,248,264,221,2,0
125,73,2,1,1,0,NaN,NaN,NaN,0,0
125,74,2,1,2,1,226,229,160,0,0
125,75,2,1,2,0,NaN,NaN,NaN,0,0
125,76,2,1,2,0,NaN,NaN,NaN,0,0
125,77,2,1,1,1,195,231,188,-1,0
125,78,2,1,1,1,320,383,301,1,0
125,79,2,1,1,1,258,275,226,2,0
125,80,2,1,2,0,NaN,NaN,NaN,0,0
125,81,2,2,1,1,260,263,234,0,0
125,82,2,2,1,0,NaN,NaN,NaN,0,0
125,83,2,2,1,1,207,243,186,0,0
125,84,2,2,1,0,NaN,NaN,NaN,0,0
125,85,2,2,1,0,NaN,NaN,NaN,0,0
125,86,2,2,1,1,234,248,183,-1,0
125,87,2,2,1,0,NaN,NaN,NaN,0,0
125,88,2,2,2,0,NaN,NaN,NaN,0,0
125,89,2,2,1,0,NaN,NaN,NaN,0,0
125,90,2,2,2,0,NaN,NaN,NaN,0,0
125,91,2,2,2,0,NaN,NaN,NaN,0,0
125,92,2,2,2,1,239,257,184,-4,0
125,93,2,2,1,0,NaN,NaN,NaN,0,0
125,94,2,2,2,0,NaN,NaN,NaN,0,0
125,95,2,2,2,0,NaN,NaN,NaN,0,0
125,96,2,2,2,0,NaN,NaN,NaN,0,0
125,97,2,2,2,0,NaN,NaN,NaN,0,0
125,98,2,2,2,0,NaN,NaN,NaN,0,0
125,99,2,2,2,1,273,277,227,-5,0
125,100,2,2,2,0,NaN,NaN,NaN,0,0
125,101,2,2,1,0,NaN,NaN,NaN,0,0
125,102,2,2,1,0,NaN,NaN,NaN,0,0
125,103,2,2,1,0,NaN,NaN,NaN,0,0
125,104,2,2,1,0,NaN,NaN,NaN,0,0
125,105,2,2,2,0,NaN,NaN,NaN,0,0
125,106,2,2,1,1,196,252,191,-5,0
125,107,2,2,2,1,374,395,367,1,0
125,108,2,2,2,0,NaN,NaN,NaN,0,0
125,109,2,2,1,0,NaN,NaN,NaN,0,0
125,110,2,2,2,1,266,353,272,-1,0
125,111,2,2,1,1,217,232,183,1,0
125,112,2,2,1,0,NaN,NaN,NaN,0,0
125,113,2,2,2,0,NaN,NaN,NaN,0,0
125,114,2,2,1,0,NaN,NaN,NaN,0,0
125,115,2,2,2,0,NaN,NaN,NaN,0,0
125,116,2,2,2,1,506,520,470,-3,0
125,117,2,2,2,0,NaN,NaN,NaN,0,0
125,118,2,2,2,0,NaN,NaN,NaN,0,0
125,119,2,2,1,0,NaN,NaN,NaN,0,0
125,120,2,2,1,0,NaN,NaN,NaN,0,0
125,121,2,2,2,0,NaN,NaN,NaN,0,0
125,122,2,2,2,0,NaN,NaN,NaN,0,0
125,123,2,2,2,1,308,330,301,-5,0
125,124,2,2,2,0,NaN,NaN,NaN,0,0
125,125,2,2,1,0,NaN,NaN,NaN,0,0
125,126,2,2,2,0,NaN,NaN,NaN,0,0
125,127,2,2,1,0,NaN,NaN,NaN,0,0
125,128,2,2,2,0,NaN,NaN,NaN,0,0
125,129,2,2,2,0,NaN,NaN,NaN,0,0
125,130,2,2,1,0,NaN,NaN,NaN,0,0
125,131,2,2,2,0,NaN,NaN,NaN,0,0
125,132,2,2,1,0,NaN,NaN,NaN,0,0
125,133,2,2,1,0,NaN,NaN,NaN,0,0
125,134,2,2,2,0,NaN,NaN,NaN,0,0
125,135,2,2,1,0,NaN,NaN,NaN,0,0
125,136,2,2,2,1,321,364,295,-11,0
125,137,2,2,1,1,166,601,534,1,0
125,138,2,2,1,0,NaN,NaN,NaN,0,0
125,139,2,2,2,0,NaN,NaN,NaN,0,0
125,140,2,2,2,0,NaN,NaN,NaN,0,0
125,141,2,2,1,0,NaN,NaN,NaN,0,0
125,142,2,2,1,1,269,289,233,-3,0
125,143,2,2,1,0,NaN,NaN,NaN,0,0
125,144,2,2,2,0,NaN,NaN,NaN,0,0
125,145,2,2,1,1,278,319,240,-1,0
125,146,2,2,2,0,NaN,NaN,NaN,0,0
125,147,2,2,1,0,NaN,NaN,NaN,0,0
125,148,2,2,1,0,NaN,NaN,NaN,0,0
125,149,2,2,2,1,300,328,257,-2,0
125,150,2,2,2,1,302,337,298,1,0
125,151,2,2,1,0,NaN,NaN,NaN,0,0
125,152,2,2,2,1,323,355,286,0,0
125,153,2,2,2,0,NaN,NaN,NaN,0,0
125,154,2,2,2,0,NaN,NaN,NaN,0,0
125,155,2,2,1,1,405,418,358,-1,0
125,156,2,2,1,0,NaN,NaN,NaN,0,0
125,157,2,2,2,0,NaN,NaN,NaN,0,0
125,158,2,2,1,1,326,340,300,-1,0
125,159,2,2,1,0,NaN,NaN,NaN,0,0
125,160,2,2,1,0,NaN,NaN,NaN,0,0
